Player List,,,,,,,,,,,,,,,,,,,vR,,vL,Player List,,,,,,,,,,,,,,,,,,
ID,POS,Name,PA,B,BA vL,GAP vL,POW vL,EYE vL,K vL,BA vR,GAP vR,POW vR,EYE vR,K vR,SPE,STE,RUN,SR,<--,,-->,ID,POS,Name,PA,B,BA vL,GAP vL,POW vL,EYE vL,K vL,BA vR,GAP vR,POW vR,EYE vR,K vR,SPE,STE,RUN,SR
49053,LF,Steve Aaker,523,R,60,55,60,40,70,55,50,55,35,65,70,75,85,60,,,,46980,RF,John Stuckey,227,L,70,55,45,50,50,80,70,55,60,60,65,70,75,80
46704,RF,Dan Whitman,521,L,45,50,45,65,30,50,70,65,85,35,60,65,70,70,,,,55826,DH,David Carranza,219,L,60,50,45,75,50,65,55,50,80,60,40,35,40,35
48587,DH,Gustavo Vazquez,518,L,55,50,55,45,50,60,55,60,50,50,35,30,35,40,,,,42380,CF,Lorenzo Santi,208,R,55,70,55,55,75,55,65,50,50,75,70,55,75,75
52464,LF,Jonathan Colby,515,R,55,75,70,75,65,50,70,60,70,55,50,60,70,60,,,,42334,CF,Willie Ardinghi,208,R,50,55,55,50,45,50,50,55,45,45,65,65,85,70
42173,RF,Cesar Rubio,512,S,50,60,55,60,55,50,70,60,70,60,50,60,60,70,,,,54854,LF,Victor de la Paz,206,L,70,70,40,50,45,80,75,50,60,55,75,40,50,55
50546,1B,Dan Weglarz,510,R,50,55,65,45,55,45,50,55,45,50,30,40,55,40,,,,50064,1B,Alex Barrera,206,L,65,35,50,35,45,70,40,60,40,45,60,50,70,40
42056,1B,Enrique Malaparte,510,R,45,45,80,55,55,45,40,70,50,50,40,35,45,50,,,,52050,2B,Jonathan Urrutia,206,R,55,75,50,40,75,50,70,45,40,70,80,70,85,75
30037,RF,Jon Burns,504,L,40,55,55,65,40,40,65,65,75,45,50,55,50,65,,,,55153,2B,Evan Lewis,204,R,55,45,45,50,55,60,45,45,55,60,60,55,65,55
52421,1B,Matt Dickey,504,R,50,50,60,40,60,45,45,50,40,55,35,35,30,40,,,,54685,1B,Estevan Hinojosa,202,R,70,55,65,45,75,60,50,50,40,55,25,25,20,20
46486,2B,Danny Pollard,504,R,60,80,20,35,80,60,80,20,35,75,50,60,75,80,,,,27581,2B,Roberto Ceja,201,R,60,60,45,50,60,55,50,40,45,55,55,65,75,70
52414,CF,Ken Boal,502,L,50,50,40,45,45,60,55,50,50,55,70,55,70,55,,,,30037,RF,Jon Burns,199,L,40,55,55,65,40,40,65,65,75,45,50,55,50,65
44648,1B,Victor Proano,501,S,45,40,55,40,40,50,50,75,50,45,25,20,20,30,,,,54837,3B,Miguel Davila,196,R,70,60,65,65,85,60,55,50,55,75,30,25,20,25
56946,1B,Willie Torres,500,S,55,45,55,50,60,55,45,55,50,60,35,50,45,35,,,,31186,1B,Alex Lobato,192,R,60,70,40,50,70,60,70,40,50,70,55,60,70,80
49795,CF,Pete Pearson,498,S,60,45,25,40,50,70,55,25,50,55,75,65,75,70,,,,49038,RF,Ryan Johnson,189,R,50,45,55,45,55,50,40,45,40,55,30,30,35,30
42336,CF,Miguel Huerta,497,R,60,70,60,35,50,60,65,55,35,50,75,65,80,75,,,,50957,SS,Jarod Jeffries,189,R,40,45,65,45,60,40,45,55,40,50,35,30,35,40
52322,3B,Ethan Burns,497,R,70,55,55,50,75,65,50,50,50,65,60,30,30,40,,,,56340,2B,David Saldivar,188,R,65,70,60,75,65,65,70,55,70,60,65,55,65,55
54837,3B,Miguel Davila,495,R,70,60,65,65,85,60,55,50,55,75,30,25,20,25,,,,45995,LF,Luis Ruiz,188,S,55,75,20,35,75,50,70,20,35,75,70,75,80,75
46377,LF,Jonathan Sparks,495,S,60,60,55,55,40,70,70,65,65,40,60,50,80,80,,,,52021,RF,Danny Ricardo,188,L,50,55,55,45,50,55,60,65,55,60,55,30,35,40
53678,RF,Gabriel Portillo,494,S,55,65,40,50,45,65,75,50,60,55,65,55,50,55,,,,48515,3B,Gilberto Tapia,188,R,55,65,50,35,60,50,55,45,35,55,35,20,30,50
48588,1B,Wilson Cardoza,494,R,55,40,60,50,50,55,40,60,50,50,30,35,20,45,,,,52421,1B,Matt Dickey,186,R,50,50,60,40,60,45,45,50,40,55,35,35,30,40
50908,1B,Stéphane Bouet,493,S,70,65,70,50,65,65,65,65,50,60,60,65,75,65,,,,56779,3B,Adrian Case,186,R,65,40,30,40,70,65,40,30,40,65,50,35,35,35
31186,1B,Alex Lobato,492,R,60,70,40,50,70,60,70,40,50,70,55,60,70,80,,,,48774,RF,Brian Lee,186,R,45,70,45,40,80,45,65,45,40,80,50,55,70,75
49835,LF,Zach Schuhmann,492,R,65,60,65,45,65,60,50,60,40,60,35,25,25,50,,,,44648,1B,Victor Proano,185,S,45,40,55,40,40,50,50,75,50,45,25,20,20,30
38216,1B,Matt Shoemaker,491,R,50,50,50,55,75,50,50,50,55,75,45,50,55,50,,,,51069,1B,Trevor Doyle,185,R,60,55,60,45,70,55,50,50,40,60,30,20,35,25
55826,DH,David Carranza,487,L,60,50,45,75,50,65,55,50,80,60,40,35,40,35,,,,50909,1B,Kurt Dunwell,185,R,65,60,40,50,80,60,55,35,45,75,50,25,20,30
52396,3B,Ryan Kahabka,487,S,50,50,60,50,60,45,50,55,50,55,35,70,55,65,,,,50766,2B,Dave May,184,S,60,55,60,40,55,60,55,55,40,55,75,65,65,65
24208,2B,Remo Carone,486,R,60,65,55,80,45,60,60,50,75,45,50,75,70,70,,,,56946,1B,Willie Torres,183,S,55,45,55,50,60,55,45,55,50,60,35,50,45,35
37580,3B,Cody Addeo,486,L,40,35,45,60,45,40,40,55,80,50,50,55,55,50,,,,46377,LF,Jonathan Sparks,183,S,60,60,55,55,40,70,70,65,65,40,60,50,80,80
48874,RF,Jonathan Safreed,483,S,55,55,55,65,50,55,55,55,65,50,45,45,50,35,,,,48978,RF,Jake Lawson,183,L,60,60,55,70,35,65,70,65,80,35,60,65,80,70
53029,CF,Ryan Adcock,482,L,50,45,50,40,40,55,50,75,45,50,50,25,30,35,,,,47675,RF,Tom Tobeck,183,R,60,65,65,40,40,60,65,65,40,40,50,55,70,50
46969,1B,Troy Swanson,481,R,70,50,65,75,35,65,45,55,60,35,30,40,30,40,,,,50707,LF,Shane Serrato,182,R,60,55,55,55,65,55,50,45,45,55,75,30,20,40
52230,1B,Alex Alcala,481,R,75,70,80,60,65,65,65,65,55,55,75,65,80,65,,,,49795,CF,Pete Pearson,181,S,60,45,25,40,50,70,55,25,50,55,75,65,75,70
48978,RF,Jake Lawson,480,L,60,60,55,70,35,65,70,65,80,35,60,65,80,70,,,,50908,1B,Stéphane Bouet,181,S,70,65,70,50,65,65,65,65,50,60,60,65,75,65
54685,1B,Estevan Hinojosa,479,R,70,55,65,45,75,60,50,50,40,55,25,25,20,20,,,,46162,2B,Gabe Hinton,181,R,45,50,50,45,50,45,55,50,45,50,25,40,40,30
56340,2B,David Saldivar,478,R,65,70,60,75,65,65,70,55,70,60,65,55,65,55,,,,52518,1B,Jon Manning,181,R,55,50,55,50,60,50,50,45,50,50,40,35,25,35
54900,2B,Marco Castello,478,R,60,60,70,45,65,55,55,60,45,55,65,55,65,50,,,,38545,LF,T.J. Lee,181,R,50,60,55,55,50,45,50,50,45,50,30,30,20,60
50853,RF,Jose Bellatin,478,L,45,60,50,50,30,50,70,65,65,30,45,45,50,50,,,,48587,DH,Gustavo Vazquez,180,L,55,50,55,45,50,60,55,60,50,50,35,30,35,40
51063,LF,Justin Swanson,477,R,55,80,55,70,60,50,70,45,60,50,50,65,75,60,,,,58435,2B,Mark Palacios,180,R,55,75,20,60,60,55,75,20,60,55,80,65,60,60
50487,1B,Conrado Braves,476,R,55,45,60,45,75,55,40,55,45,65,55,35,25,35,,,,33535,3B,Brandon Tyson,180,R,50,55,50,70,45,50,50,45,60,40,45,55,45,50
54854,LF,Victor de la Paz,475,L,70,70,40,50,45,80,75,50,60,55,75,40,50,55,,,,53678,RF,Gabriel Portillo,179,S,55,65,40,50,45,65,75,50,60,55,65,55,50,55
50943,1B,Antonio Luna,475,R,50,60,65,65,45,50,60,65,60,45,55,40,20,35,,,,46969,1B,Troy Swanson,179,R,70,50,65,75,35,65,45,55,60,35,30,40,30,40
52343,LF,Mike Tharpe,472,L,50,45,40,40,60,55,50,40,45,80,70,55,50,60,,,,50538,2B,Herb Bibiano,179,R,50,60,60,55,65,50,55,50,55,55,75,75,85,75
46871,2B,Matt Wiernicki,471,L,55,40,30,35,55,60,50,40,40,65,30,50,45,50,,,,52446,SS,Alfonso Rueda,178,R,55,45,50,45,70,55,40,45,40,60,40,20,35,30
51604,RF,Greg Medema,471,R,60,70,45,45,75,60,65,40,40,70,85,55,50,60,,,,49053,LF,Steve Aaker,177,R,60,55,60,40,70,55,50,55,35,65,70,75,85,60
42089,RF,Ramiro Baraza,471,L,60,45,45,35,40,70,55,60,40,40,45,60,60,75,,,,48588,1B,Wilson Cardoza,177,R,55,40,60,50,50,55,40,60,50,50,30,35,20,45
55153,2B,Evan Lewis,470,R,55,45,45,50,55,60,45,45,55,60,60,55,65,55,,,,49835,LF,Zach Schuhmann,177,R,65,60,65,45,65,60,50,60,40,60,35,25,25,50
48907,SS,Eric Crippen,470,L,55,45,40,50,50,60,50,45,55,55,30,40,35,65,,,,48793,LF,Matt Rosellini,177,L,55,50,25,35,55,65,70,30,40,65,75,70,85,80
56779,3B,Adrian Case,469,R,65,40,30,40,70,65,40,30,40,65,50,35,35,35,,,,44734,SS,Jose Ceballos,177,R,55,40,30,55,65,55,40,30,50,60,40,50,40,50
47675,RF,Tom Tobeck,469,R,60,65,65,40,40,60,65,65,40,40,50,55,70,50,,,,50546,1B,Dan Weglarz,176,R,50,55,65,45,55,45,50,55,45,50,30,40,55,40
50064,1B,Alex Barrera,468,L,65,35,50,35,45,70,40,60,40,45,60,50,70,40,,,,42336,CF,Miguel Huerta,176,R,60,70,60,35,50,60,65,55,35,50,75,65,80,75
52531,1B,Nate Larson,468,L,45,50,45,40,45,50,55,60,45,55,70,65,70,75,,,,51063,LF,Justin Swanson,176,R,55,80,55,70,60,50,70,45,60,50,50,65,75,60
52502,1B,Bobby Sligh,467,L,45,45,45,45,45,50,50,55,45,60,30,20,35,25,,,,51316,3B,Brian Roberti,176,R,50,50,50,55,70,50,50,45,55,60,50,45,65,50
47127,3B,Doug Gardner,467,R,55,60,55,40,55,55,50,50,40,50,65,65,65,75,,,,52230,1B,Alex Alcala,174,R,75,70,80,60,65,65,65,65,55,55,75,65,80,65
48793,LF,Matt Rosellini,466,L,55,50,25,35,55,65,70,30,40,65,75,70,85,80,,,,50943,1B,Antonio Luna,174,R,50,60,65,65,45,50,60,65,60,45,55,40,20,35
24870,RF,Joe Coning,465,R,55,70,50,50,70,50,60,45,45,65,60,75,75,75,,,,52379,SS,Jonathan Skinner,174,R,55,75,70,50,80,50,60,45,40,60,70,70,85,70
46472,2B,Jason Phelps,464,L,60,50,30,40,75,65,60,30,45,80,30,25,35,45,,,,44791,CF,Fontana Rosolino,174,R,45,65,40,40,55,45,55,40,35,50,75,65,80,80
45995,LF,Luis Ruiz,459,S,55,75,20,35,75,50,70,20,35,75,70,75,80,75,,,,42331,2B,Bert Gonzales,173,R,50,45,50,75,60,50,40,50,65,55,50,60,70,45
50766,2B,Dave May,459,S,60,55,60,40,55,60,55,55,40,55,75,65,65,65,,,,39815,SS,Steve Baker,173,R,45,45,40,50,50,45,45,40,50,50,45,60,65,40
46421,RF,Ben Reed,458,L,50,40,40,40,45,55,55,50,45,55,40,50,35,75,,,,50974,LF,Jayden St. Hill,173,R,65,55,45,45,55,60,50,40,40,45,65,55,65,65
33222,RF,Orlando Gonzales,456,L,45,45,45,45,50,50,55,50,50,55,65,65,75,70,,,,42257,SS,Victor Cardenas,172,R,60,60,35,45,50,60,55,35,45,50,45,45,40,70
47176,RF,Oliver Higgins,455,L,50,40,40,30,55,55,50,50,35,65,60,65,80,60,,,,49145,CF,Adam Flower,172,L,60,60,20,35,60,65,70,25,35,70,55,50,55,75
52569,RF,Mario Duarte,455,L,40,45,45,45,45,45,55,60,45,55,60,70,80,70,,,,38216,1B,Matt Shoemaker,170,R,50,50,50,55,75,50,50,50,55,75,45,50,55,50
42380,CF,Lorenzo Santi,453,R,55,70,55,55,75,55,65,50,50,75,70,55,75,75,,,,48874,RF,Jonathan Safreed,170,S,55,55,55,65,50,55,55,55,65,50,45,45,50,35
27581,2B,Roberto Ceja,453,R,60,60,45,50,60,55,50,40,45,55,55,65,75,70,,,,52343,LF,Mike Tharpe,170,L,50,45,40,40,60,55,50,40,45,80,70,55,50,60
48774,RF,Brian Lee,453,R,45,70,45,40,80,45,65,45,40,80,50,55,70,75,,,,50835,CF,Beau Pearson,170,L,45,50,40,45,50,50,55,45,55,70,50,55,65,50
51620,3B,Tom Daher,453,R,60,55,60,70,60,60,55,55,60,55,60,55,60,50,,,,46077,3B,Tim Brouillet,170,R,45,55,50,50,40,50,55,55,50,40,50,55,65,55
52446,SS,Alfonso Rueda,452,R,55,45,50,45,70,55,40,45,40,60,40,20,35,30,,,,51024,1B,Adrian Graham,169,R,50,55,55,50,65,45,50,45,45,55,55,45,40,45
47741,CF,John Ploughman,452,R,55,60,50,30,60,50,55,50,30,60,70,70,80,85,,,,44385,1B,Will Hamilton,169,R,55,50,60,65,45,50,45,50,55,40,20,20,20,25
42083,1B,Edgar Castillo,448,R,45,45,45,60,50,45,45,45,60,50,20,20,20,30,,,,52322,3B,Ethan Burns,167,R,70,55,55,50,75,65,50,50,50,65,60,30,30,40
22338,2B,Daniel Gamboa,448,L,40,40,40,45,50,45,55,45,55,55,50,50,50,45,,,,21697,1B,Orlando Ramirez,167,L,50,45,55,50,60,55,65,75,75,75,35,40,60,40
51069,1B,Trevor Doyle,447,R,60,55,60,45,70,55,50,50,40,60,30,20,35,25,,,,53394,DH,Hector Cabrera,167,R,70,55,65,60,50,65,50,50,55,45,30,20,20,20
50197,3B,Cruz Maltez,447,R,45,55,50,45,50,45,55,50,45,50,65,60,80,70,,,,50673,2B,Sam Easter,167,R,45,45,45,60,70,45,45,40,55,55,60,30,20,40
46980,RF,John Stuckey,446,L,70,55,45,50,50,80,70,55,60,60,65,70,75,80,,,,52427,LF,Sean Powell,167,R,65,50,50,50,70,60,45,45,45,60,50,30,40,35
36146,RF,Armando Fuentes,446,L,50,50,40,40,45,55,65,55,45,50,25,40,20,65,,,,49237,CF,Jordan Ortiz,166,R,60,80,35,60,60,60,75,30,55,55,65,70,80,80
52541,RF,Coby Houghton,444,L,45,40,45,40,50,50,45,50,40,60,45,45,60,50,,,,48370,2B,Ricky Rubio,166,R,45,75,45,50,60,45,65,40,45,55,75,70,80,85
49038,RF,Ryan Johnson,442,R,50,45,55,45,55,50,40,45,40,55,30,30,35,30,,,,49107,CF,Jeremy Bell,166,R,65,65,25,40,70,60,60,25,40,70,65,70,70,80
52021,RF,Danny Ricardo,442,L,50,55,55,45,50,55,60,65,55,60,55,30,35,40,,,,33222,RF,Orlando Gonzales,165,L,45,45,45,45,50,50,55,50,50,55,65,65,75,70
58435,2B,Mark Palacios,440,R,55,75,20,60,60,55,75,20,60,55,80,65,60,60,,,,47741,CF,John Ploughman,165,R,55,60,50,30,60,50,55,50,30,60,70,70,80,85
21799,2B,Alfredo Morandi,439,R,70,80,35,40,55,65,70,30,35,55,80,75,85,80,,,,52555,RF,Matt Hogan,165,L,55,60,55,50,55,60,65,65,55,60,65,25,55,40
50401,2B,Keith Parks,439,R,50,65,50,40,75,50,65,45,40,70,75,60,75,65,,,,42056,1B,Enrique Malaparte,164,R,45,45,80,55,55,45,40,70,50,50,40,35,45,50
24203,1B,Rich Solis,439,L,40,45,40,40,40,45,70,55,55,45,35,35,30,35,,,,54900,2B,Marco Castello,164,R,60,60,70,45,65,55,55,60,45,55,65,55,65,50
52466,2B,Mike Baily,437,L,40,50,55,45,25,45,60,70,65,35,60,55,75,65,,,,21799,2B,Alfredo Morandi,163,R,70,80,35,40,55,65,70,30,35,55,80,75,85,80
21697,1B,Orlando Ramirez,436,L,50,45,55,50,60,55,65,75,75,75,35,40,60,40,,,,50401,2B,Keith Parks,163,R,50,65,50,40,75,50,65,45,40,70,75,60,75,65
42331,2B,Bert Gonzales,434,R,50,45,50,75,60,50,40,50,65,55,50,60,70,45,,,,47665,3B,Justin Van Pelt,163,R,40,50,70,70,45,40,45,60,65,40,20,30,25,35
47665,3B,Justin Van Pelt,432,R,40,50,70,70,45,40,45,60,65,40,20,30,25,35,,,,44618,SS,Jose Tameron,163,R,50,45,40,45,55,50,40,40,40,50,40,30,80,45
44727,2B,Rodolphe Guglielmotti,428,R,45,65,50,75,60,45,55,45,65,55,40,30,65,35,,,,52023,1B,Edgar Medina,163,R,60,60,60,45,70,55,55,50,40,60,50,50,40,50
52530,2B,Josh Lilly,426,L,55,50,40,40,50,60,60,45,40,60,50,35,20,35,,,,42173,RF,Cesar Rubio,162,S,50,60,55,60,55,50,70,60,70,60,50,60,60,70
50264,CF,Alejandro Gomez,425,L,45,60,45,40,45,45,65,50,40,45,75,65,70,75,,,,42083,1B,Edgar Castillo,162,R,45,45,45,60,50,45,45,45,60,50,20,20,20,30
48995,1B,David Barnes,424,L,45,40,45,45,40,50,45,50,55,40,50,55,80,50,,,,52653,RF,Dusty Wilson,162,R,55,60,50,45,50,55,60,45,40,45,70,50,50,55
30189,2B,Julian Marquez,424,S,50,45,45,50,40,55,50,50,60,40,45,50,60,40,,,,50690,3B,Mike Leighton,162,R,50,55,50,45,55,45,50,45,40,50,50,45,45,45
45998,CF,Jake Hite,424,L,40,45,40,40,45,45,60,45,50,50,60,60,65,65,,,,50583,1B,Pat Bernstein,162,R,70,50,65,55,60,65,50,55,55,50,60,20,35,35
35370,LF,Alex Navarro,423,L,50,50,40,40,45,55,65,50,45,55,60,70,60,80,,,,52502,1B,Bobby Sligh,161,L,45,45,45,45,45,50,50,55,45,60,30,20,35,25
50707,LF,Shane Serrato,422,R,60,55,55,55,65,55,50,45,45,55,75,30,20,40,,,,38380,CF,Xin-fang Xú,161,L,45,55,40,40,45,50,70,45,45,50,75,85,75,75
26905,LF,Kevin Aldrich,422,R,40,45,55,75,60,40,45,55,70,60,60,65,75,70,,,,52503,2B,Josh Behrens,161,R,70,50,55,45,60,60,45,45,40,45,50,65,60,65
46986,3B,Jeremy Matelski,422,L,45,40,45,45,45,45,50,50,50,50,25,45,40,35,,,,46780,2B,Randy Roginski,161,R,50,60,35,80,55,45,50,35,65,55,40,55,50,50
42334,CF,Willie Ardinghi,421,R,50,55,55,50,45,50,50,55,45,45,65,65,85,70,,,,46706,1B,Gary Evans,160,R,50,50,60,70,40,50,50,60,65,40,20,20,25,20
50251,3B,Lançarote Freitas,420,R,55,55,55,40,45,55,50,50,35,45,75,70,75,70,,,,46286,C,Justin Strasbaugh,160,L,50,50,55,60,45,50,50,60,65,50,25,20,20,30
44734,SS,Jose Ceballos,419,R,55,40,30,55,65,55,40,30,50,60,40,50,40,50,,,,52464,LF,Jonathan Colby,159,R,55,75,70,75,65,50,70,60,70,55,50,60,70,60
51024,1B,Adrian Graham,419,R,50,55,55,50,65,45,50,45,45,55,55,45,40,45,,,,46871,2B,Matt Wiernicki,159,L,55,40,30,35,55,60,50,40,40,65,30,50,45,50
49237,CF,Jordan Ortiz,419,R,60,80,35,60,60,60,75,30,55,55,65,70,80,80,,,,47179,SS,Pat Hagen,159,L,55,45,40,40,45,65,55,50,50,45,25,40,25,50
46228,CF,Matt Ballard,418,R,55,60,50,60,50,50,55,45,55,50,60,65,75,70,,,,50212,SS,Rafael Peralta,159,R,45,50,50,50,40,45,50,50,50,40,75,50,70,60
46424,LF,Ryan Cummings,417,L,45,45,40,45,40,45,55,50,50,45,50,60,75,65,,,,50197,3B,Cruz Maltez,158,R,45,55,50,45,50,45,55,50,45,50,65,60,80,70
52467,LF,Jeremy Winters,416,L,45,40,45,40,45,50,45,55,45,55,40,40,60,45,,,,51250,SS,Tim Bruno,158,R,50,70,70,45,65,45,65,55,40,55,70,65,75,70
35762,1B,Edgar Nunez,415,L,60,40,45,50,40,70,50,55,65,40,30,30,25,45,,,,48995,1B,David Barnes,157,L,45,40,45,45,40,50,45,50,55,40,50,55,80,50
46321,3B,Lupe Oquendo,414,L,40,40,40,40,45,45,45,45,45,50,45,40,50,30,,,,50251,3B,Lançarote Freitas,157,R,55,55,55,40,45,55,50,50,35,45,75,70,75,70
45833,LF,Orlando Ortiz,414,L,55,45,35,45,55,60,50,40,55,60,65,75,75,75,,,,26905,LF,Kevin Aldrich,156,R,40,45,55,75,60,40,45,55,70,60,60,65,75,70
49217,1B,Ugo Ciai,414,R,75,75,30,40,60,70,65,25,35,55,70,75,75,85,,,,27298,3B,Pat Sauders,156,S,45,40,40,40,45,50,55,50,50,55,20,20,20,50
42257,SS,Victor Cardenas,413,R,60,60,35,45,50,60,55,35,45,50,45,45,40,70,,,,51620,3B,Tom Daher,155,R,60,55,60,70,60,60,55,55,60,55,60,55,60,50
38380,CF,Xin-fang Xú,413,L,45,55,40,40,45,50,70,45,45,50,75,85,75,75,,,,46228,CF,Matt Ballard,155,R,55,60,50,60,50,50,55,45,55,50,60,65,75,70
49871,1B,Ray Stevens,413,L,70,40,45,40,40,80,50,55,45,45,45,35,55,35,,,,47878,LF,Edison Sandwell,155,L,65,60,20,45,50,70,65,25,50,50,65,75,85,75
52127,3B,Alex Pacheco,412,S,45,50,60,40,75,40,45,55,40,65,40,30,65,35,,,,46486,2B,Danny Pollard,154,R,60,80,20,35,80,60,80,20,35,75,50,60,75,80
50527,SS,Ryan Witsman,412,R,45,60,40,40,55,45,55,40,40,50,75,55,70,70,,,,50487,1B,Conrado Braves,154,R,55,45,60,45,75,55,40,55,45,65,55,35,25,35
50823,RF,Jody Ball,411,L,45,50,25,40,65,50,55,25,45,75,65,35,30,40,,,,34079,DH,Jayden Trotter,154,R,45,40,65,75,55,45,40,55,70,50,30,35,35,30
52379,SS,Jonathan Skinner,410,R,55,75,70,50,80,50,60,45,40,60,70,70,85,70,,,,50973,RF,Alan Marsalek,154,L,50,55,50,40,45,60,65,70,45,55,60,65,75,65
35568,1B,Vinny Rosa,409,R,70,75,25,50,80,70,70,25,45,80,60,75,80,85,,,,24353,1B,Eddie Aguillon,154,R,50,40,50,70,60,45,40,45,60,55,45,55,70,45
47350,LF,Adrian Ortiz,408,L,45,60,35,40,50,50,80,40,45,55,60,65,70,70,,,,52391,3B,Sean Bruce,154,R,50,55,55,45,75,45,50,45,40,55,50,35,40,45
50538,2B,Herb Bibiano,407,R,50,60,60,55,65,50,55,50,55,55,75,75,85,75,,,,52414,CF,Ken Boal,153,L,50,50,40,45,45,60,55,50,50,55,70,55,70,55
42592,CF,Fabrice Beltran,407,L,45,45,40,45,40,45,55,40,50,40,60,50,70,80,,,,51604,RF,Greg Medema,153,R,60,70,45,45,75,60,65,40,40,70,85,55,50,60
51076,3B,Ruben Jimenez,406,R,45,50,50,50,70,40,45,45,45,60,50,35,30,45,,,,55132,LF,Shaun Hartford,153,R,50,50,55,40,45,50,50,50,35,40,65,55,60,55
46162,2B,Gabe Hinton,405,R,45,50,50,45,50,45,55,50,45,50,25,40,40,30,,,,48650,CF,Guido Pessotto,153,R,50,70,50,40,55,45,60,45,40,50,55,60,60,80
44309,C,Hector Pecina,403,R,60,55,45,40,60,60,55,45,35,55,25,30,35,35,,,,24870,RF,Joe Coning,152,R,55,70,50,50,70,50,60,45,45,65,60,75,75,75
47893,SS,Chris Duff,401,L,50,45,40,55,50,50,45,40,60,50,60,60,45,60,,,,52127,3B,Alex Pacheco,152,S,45,50,60,40,75,40,45,55,40,65,40,30,65,35
27298,3B,Pat Sauders,399,S,45,40,40,40,45,50,55,50,50,55,20,20,20,50,,,,49871,1B,Ray Stevens,151,L,70,40,45,40,40,80,50,55,45,45,45,35,55,35
52503,2B,Josh Behrens,398,R,70,50,55,45,60,60,45,45,40,45,50,65,60,65,,,,53551,C,Carlos Morales,151,R,55,50,50,45,60,50,50,45,40,55,20,20,30,20
50275,C,Marco Mendez,398,L,70,50,45,40,55,75,50,45,40,55,35,20,20,25,,,,30300,CF,Josh Feldman,151,R,45,70,45,65,55,40,60,45,55,50,70,80,70,75
52584,SS,Pete Gigliotti,397,R,45,45,45,45,50,45,45,45,45,45,50,55,60,55,,,,52085,C,Jonathan Lugo,151,R,65,55,70,45,50,60,50,50,40,45,55,60,55,60
50743,1B,Rick Brown,396,S,40,40,45,55,45,45,45,55,45,55,30,35,45,40,,,,58051,RF,Franklin Maestas,151,L,40,50,40,40,65,45,50,45,40,70,65,70,75,65
38455,LF,Tyler Morrison,396,R,45,65,40,60,55,45,60,40,55,55,40,40,45,70,,,,52584,SS,Pete Gigliotti,150,R,45,45,45,45,50,45,45,45,45,45,50,55,60,55
44849,CF,Luis de Jesus,395,L,45,40,40,40,45,50,50,45,50,50,55,50,75,80,,,,50210,2B,Byron Addams,150,R,50,45,45,40,60,50,45,45,40,60,50,55,65,65
42108,LF,Lorenzo Miranda,395,L,50,45,45,40,45,60,50,55,45,50,65,65,80,70,,,,52535,SS,Matt Skupien,150,R,50,40,40,45,60,50,40,40,40,60,70,50,60,40
50210,2B,Byron Addams,394,R,50,45,45,40,60,50,45,45,40,60,50,55,65,65,,,,52522,C,Chris McFadden,150,R,55,45,55,50,55,50,45,50,45,50,25,45,65,50
34574,LF,Ivan Galvan,394,L,45,45,40,50,40,50,60,50,65,40,45,45,45,55,,,,50743,1B,Rick Brown,148,S,40,40,45,55,45,45,45,55,45,55,30,35,45,40
50835,CF,Beau Pearson,392,L,45,50,40,45,50,50,55,45,55,70,50,55,65,50,,,,52530,2B,Josh Lilly,147,L,55,50,40,40,50,60,60,45,40,60,50,35,20,35
33535,3B,Brandon Tyson,390,R,50,55,50,70,45,50,50,45,60,40,45,55,45,50,,,,24208,2B,Remo Carone,146,R,60,65,55,80,45,60,60,50,75,45,50,75,70,70
46706,1B,Gary Evans,390,R,50,50,60,70,40,50,50,60,65,40,20,20,25,20,,,,46986,3B,Jeremy Matelski,146,L,45,40,45,45,45,45,50,50,50,50,25,45,40,35
52518,1B,Jon Manning,389,R,55,50,55,50,60,50,50,45,50,50,40,35,25,35,,,,21200,LF,Edwin Curiel,146,R,30,40,60,60,50,30,40,50,50,45,50,60,60,50
55132,LF,Shaun Hartford,389,R,50,50,55,40,45,50,50,50,35,40,65,55,60,55,,,,46880,1B,Jaden Kemp,146,R,55,45,45,55,55,55,45,45,55,50,40,45,55,50
52653,RF,Dusty Wilson,388,R,55,60,50,45,50,55,60,45,40,45,70,50,50,55,,,,35762,1B,Edgar Nunez,145,L,60,40,45,50,40,70,50,55,65,40,30,30,25,45
46077,3B,Tim Brouillet,387,R,45,55,50,50,40,50,55,55,50,40,50,55,65,55,,,,51070,3B,James Perry,145,R,50,60,50,40,60,45,55,50,40,55,65,35,40,45
42372,LF,Raul Ortega,387,R,50,45,50,70,40,50,45,50,70,40,60,60,80,70,,,,47137,3B,Beau Walters,145,R,50,55,50,70,60,45,50,45,60,55,40,55,50,55
44385,1B,Will Hamilton,386,R,55,50,60,65,45,50,45,50,55,40,20,20,20,25,,,,51585,3B,Steve Rerucha,144,R,65,45,70,60,75,55,40,50,45,55,55,40,60,40
21200,LF,Edwin Curiel,386,R,30,40,60,60,50,30,40,50,50,45,50,60,60,50,,,,31902,SS,Roger Platt,144,R,50,60,40,50,50,50,55,40,50,50,50,55,60,70
52555,RF,Matt Hogan,385,L,55,60,55,50,55,60,65,65,55,60,65,25,55,40,,,,50235,1B,Sérgio Simard,144,R,70,60,80,55,75,70,60,80,55,75,45,60,65,60
34079,DH,Jayden Trotter,385,R,45,40,65,75,55,45,40,55,70,50,30,35,35,30,,,,42592,CF,Fabrice Beltran,143,L,45,45,40,45,40,45,55,40,50,40,60,50,70,80
50200,SS,Ewan Titterington,385,R,70,45,75,40,50,65,45,70,40,50,50,40,75,50,,,,42372,LF,Raul Ortega,143,R,50,45,50,70,40,50,45,50,70,40,60,60,80,70
51049,RF,Rusty Garbarino,385,R,60,80,75,45,60,55,80,70,45,55,60,65,55,65,,,,50227,RF,Moises Loza,143,R,55,35,50,45,65,55,35,50,45,65,55,50,70,50
44791,CF,Fontana Rosolino,384,R,45,65,40,40,55,45,55,40,35,50,75,65,80,80,,,,47608,CF,Nolan Lee,143,L,60,55,40,55,40,65,60,45,60,40,55,55,80,45
46780,2B,Randy Roginski,384,R,50,60,35,80,55,45,50,35,65,55,40,55,50,50,,,,30189,2B,Julian Marquez,141,S,50,45,45,50,40,55,50,50,60,40,45,50,60,40
50909,1B,Kurt Dunwell,383,R,65,60,40,50,80,60,55,35,45,75,50,25,20,30,,,,38455,LF,Tyler Morrison,141,R,45,65,40,60,55,45,60,40,55,55,40,40,45,70
24790,1B,Jeff Taylor,383,R,50,65,50,65,45,50,60,50,65,45,60,60,70,60,,,,24790,1B,Jeff Taylor,141,R,50,65,50,65,45,50,60,50,65,45,60,60,70,60
50550,CF,Jason Spann,383,S,45,55,50,45,50,40,50,45,40,45,70,75,80,75,,,,44727,2B,Rodolphe Guglielmotti,140,R,45,65,50,75,60,45,55,45,65,55,40,30,65,35
47755,SS,Ian Rodencal,383,R,50,45,50,55,50,50,45,50,55,50,45,60,80,55,,,,46321,3B,Lupe Oquendo,140,L,40,40,40,40,45,45,45,45,45,50,45,40,50,30
49145,CF,Adam Flower,381,L,60,60,20,35,60,65,70,25,35,70,55,50,55,75,,,,51076,3B,Ruben Jimenez,140,R,45,50,50,50,70,40,45,45,45,60,50,35,30,45
50690,3B,Mike Leighton,380,R,50,55,50,45,55,45,50,45,40,50,50,45,45,45,,,,47420,C,Chris Moody,140,R,50,60,55,45,40,45,50,45,40,35,30,30,50,30
44618,SS,Jose Tameron,379,R,50,45,40,45,55,50,40,40,40,50,40,30,80,45,,,,52137,C,Manny Medina,139,R,45,50,65,45,75,40,45,45,40,50,30,20,20,25
51585,3B,Steve Rerucha,378,R,65,45,70,60,75,55,40,50,45,55,55,40,60,40,,,,50853,RF,Jose Bellatin,138,L,45,60,50,50,30,50,70,65,65,30,45,45,50,50
52535,SS,Matt Skupien,376,R,50,40,40,45,60,50,40,40,40,60,70,50,60,40,,,,42089,RF,Ramiro Baraza,138,L,60,45,45,35,40,70,55,60,40,40,45,60,60,75
51316,3B,Brian Roberti,375,R,50,50,50,55,70,50,50,45,55,60,50,45,65,50,,,,48476,CF,Juan Ruiz,137,R,60,65,40,55,55,55,55,35,45,50,60,65,70,75
44681,SS,Emilio Medina,375,R,50,65,30,45,65,50,55,25,45,65,65,70,55,75,,,,46421,RF,Ben Reed,136,L,50,40,40,40,45,55,55,50,45,55,40,50,35,75
44699,C,Leandro Gregrio,374,R,40,40,50,40,55,40,40,45,40,55,35,45,35,45,,,,44849,CF,Luis de Jesus,136,L,45,40,40,40,45,50,50,45,50,50,55,50,75,80
51940,LF,Angel Moya,373,L,60,60,45,45,50,75,70,60,50,65,55,45,70,50,,,,50550,CF,Jason Spann,136,S,45,55,50,45,50,40,50,45,40,45,70,75,80,75
47305,C,Steve Fuller,373,R,55,40,40,75,25,55,40,40,75,25,25,20,25,45,,,,49110,CF,Garrett Baker,136,R,50,55,40,35,50,50,60,40,40,50,75,65,85,80
48650,CF,Guido Pessotto,372,R,50,70,50,40,55,45,60,45,40,50,55,60,60,80,,,,52280,RF,Paul Richie,136,R,55,55,55,50,50,50,50,40,40,40,70,60,65,60
48370,2B,Ricky Rubio,371,R,45,75,45,50,60,45,65,40,45,55,75,70,80,85,,,,47154,C,J.P. Ogden,136,R,40,35,40,40,60,40,35,35,40,55,30,30,30,25
47179,SS,Pat Hagen,371,L,55,45,40,40,45,65,55,50,50,45,25,40,25,50,,,,47127,3B,Doug Gardner,135,R,55,60,55,40,55,55,50,50,40,50,65,65,65,75
21295,2B,Gus Garcia,370,R,50,50,75,75,40,50,45,65,65,40,25,20,30,25,,,,52466,2B,Mike Baily,135,L,40,50,55,45,25,45,60,70,65,35,60,55,75,65
48602,C,Willie Pena,370,L,45,45,55,40,40,50,50,65,40,40,30,35,25,35,,,,35568,1B,Vinny Rosa,135,R,70,75,25,50,80,70,70,25,45,80,60,75,80,85
52052,LF,Jorge Ochoa,370,L,55,45,40,35,50,60,50,50,40,55,70,70,75,70,,,,47893,SS,Chris Duff,135,L,50,45,40,55,50,50,45,40,60,50,60,60,45,60
38545,LF,T.J. Lee,369,R,50,60,55,55,50,45,50,50,45,50,30,30,20,60,,,,50200,SS,Ewan Titterington,135,R,70,45,75,40,50,65,45,70,40,50,50,40,75,50
53551,C,Carlos Morales,367,R,55,50,50,45,60,50,50,45,40,55,20,20,30,20,,,,47755,SS,Ian Rodencal,135,R,50,45,50,55,50,50,45,50,55,50,45,60,80,55
46286,C,Justin Strasbaugh,366,L,50,50,55,60,45,50,50,60,65,50,25,20,20,30,,,,52531,1B,Nate Larson,134,L,45,50,45,40,45,50,55,60,45,55,70,65,70,75
50881,C,Matt DeVoto,366,R,50,50,55,45,55,50,45,50,45,50,20,20,20,20,,,,50275,C,Marco Mendez,134,L,70,50,45,40,55,75,50,45,40,55,35,20,20,25
49110,CF,Garrett Baker,365,R,50,55,40,35,50,50,60,40,40,50,75,65,85,80,,,,52269,SS,Teruyuki Yoshimoto,134,S,50,70,75,80,75,45,65,60,65,65,40,40,45,50
36241,C,Angelo Mangual,365,R,65,50,70,60,35,60,45,60,50,35,35,30,65,35,,,,50823,RF,Jody Ball,133,L,45,50,25,40,65,50,55,25,45,75,65,35,30,40
30300,CF,Josh Feldman,364,R,45,70,45,65,55,40,60,45,55,50,70,80,70,75,,,,44681,SS,Emilio Medina,133,R,50,65,30,45,65,50,55,25,45,65,65,70,55,75
50957,SS,Jarod Jeffries,362,R,40,45,65,45,60,40,45,55,40,50,35,30,35,40,,,,50183,SS,Robby Almaguer,133,R,45,50,65,35,60,45,50,60,35,60,70,55,70,55
39815,SS,Steve Baker,361,R,45,45,40,50,50,45,45,40,50,50,45,60,65,40,,,,52396,3B,Ryan Kahabka,132,S,50,50,60,50,60,45,50,55,50,55,35,70,55,65
50212,SS,Rafael Peralta,361,R,45,50,50,50,40,45,50,50,50,40,75,50,70,60,,,,50527,SS,Ryan Witsman,132,R,45,60,40,40,55,45,55,40,40,50,75,55,70,70
53794,3B,Carlos Sedano,358,L,50,55,45,45,45,60,70,65,50,65,70,50,50,45,,,,39623,C,Bobby Kerney,132,R,45,40,55,50,35,45,40,55,50,35,30,30,25,30
50281,LF,Juan Cueto,356,S,55,50,60,50,65,55,55,60,50,65,55,50,30,45,,,,22514,CF,Tyler Sontag,132,R,55,80,50,65,40,50,65,45,55,40,65,70,70,75
50542,C,Bryan Saltzgiver,356,L,45,40,40,40,45,55,45,50,45,60,35,20,20,35,,,,38850,1B,Dan Caldeirinha,132,R,45,50,75,55,55,45,45,65,50,55,20,25,20,30
53394,DH,Hector Cabrera,355,R,70,55,65,60,50,65,50,50,55,45,30,20,20,20,,,,36146,RF,Armando Fuentes,131,L,50,50,40,40,45,55,65,55,45,50,25,40,20,65
39623,C,Bobby Kerney,355,R,45,40,55,50,35,45,40,55,50,35,30,30,25,30,,,,47350,LF,Adrian Ortiz,131,L,45,60,35,40,50,50,80,40,45,55,60,65,70,70
52522,C,Chris McFadden,354,R,55,45,55,50,55,50,45,50,45,50,25,45,65,50,,,,21295,2B,Gus Garcia,131,R,50,50,75,75,40,50,45,65,65,40,25,20,30,25
52590,SS,Jeff Redpath,354,R,45,45,45,40,55,45,45,40,40,45,35,55,70,55,,,,50881,C,Matt DeVoto,131,R,50,50,55,45,55,50,45,50,45,50,20,20,20,20
52023,1B,Edgar Medina,352,R,60,60,60,45,70,55,55,50,40,60,50,50,40,50,,,,50805,SS,Erik White,131,R,50,65,45,45,65,45,60,40,40,55,45,55,75,55
50227,RF,Moises Loza,352,R,55,35,50,45,65,55,35,50,45,65,55,50,70,50,,,,47176,RF,Oliver Higgins,130,L,50,40,40,30,55,55,50,50,35,65,60,65,80,60
39791,CF,Mark Roberts,352,L,45,45,40,50,40,50,55,50,65,45,50,55,50,65,,,,45998,CF,Jake Hite,130,L,40,45,40,40,45,45,60,45,50,50,60,60,65,65
44709,CF,Marciano Ruelas,352,L,45,45,30,45,50,50,55,30,55,55,60,70,65,75,,,,52590,SS,Jeff Redpath,130,R,45,45,45,40,55,45,45,40,40,45,35,55,70,55
52269,SS,Teruyuki Yoshimoto,351,S,50,70,75,80,75,45,65,60,65,65,40,40,45,50,,,,44309,C,Hector Pecina,129,R,60,55,45,40,60,60,55,45,35,55,25,30,35,35
50973,RF,Alan Marsalek,349,L,50,55,50,40,45,60,65,70,45,55,60,65,75,65,,,,36241,C,Angelo Mangual,129,R,65,50,70,60,35,60,45,60,50,35,35,30,65,35
35281,C,Wei-hong Gan,348,R,50,40,45,60,40,50,40,45,55,40,25,20,20,25,,,,35281,C,Wei-hong Gan,129,R,50,40,45,60,40,50,40,45,55,40,25,20,20,25
51056,CF,Eric DeVore,348,S,45,50,45,45,45,50,55,50,50,50,50,50,45,50,,,,50780,3B,Pat Singer,129,R,45,45,60,65,60,40,45,55,55,50,70,65,55,65
49019,C,Aaron Jordan,346,R,45,55,50,55,55,45,50,50,50,55,35,40,40,35,,,,51025,3B,Justin Markum,129,R,55,45,50,50,65,50,40,40,45,50,45,45,30,45
37736,1B,Mike Cabral,345,R,45,50,50,70,50,45,45,45,60,50,45,55,45,40,,,,44796,RF,Carlos Zarate,129,L,50,45,45,50,45,55,55,50,60,45,55,65,55,75
47878,LF,Edison Sandwell,344,L,65,60,20,45,50,70,65,25,50,50,65,75,85,75,,,,52451,SS,Jared Rettler,128,R,50,55,45,50,55,45,50,40,50,50,65,60,60,50
52480,SS,Luke Christensen,342,R,40,45,35,40,45,40,45,30,40,45,60,75,85,80,,,,48693,3B,Jose Alarcon,128,S,45,45,40,50,75,45,45,40,50,70,45,20,50,50
50583,1B,Pat Bernstein,341,R,70,50,65,55,60,65,50,55,55,50,60,20,35,35,,,,50525,C,Benito Orozco,127,R,50,60,55,50,45,45,55,45,45,40,40,20,25,30
48378,2B,Montes Gomez,341,R,55,60,45,55,60,55,60,45,55,60,25,25,35,50,,,,46505,2B,Dan Downey,127,R,65,65,55,45,60,60,55,50,40,55,50,70,70,80
50525,C,Benito Orozco,338,R,50,60,55,50,45,45,55,45,45,40,40,20,25,30,,,,53849,LF,Alex Correa,127,R,55,45,55,40,55,50,45,45,35,50,65,70,75,70
52445,LF,Chance Robinson,338,R,55,50,45,45,55,60,55,50,50,60,45,40,30,40,,,,48602,C,Willie Pena,126,L,45,45,55,40,40,50,50,65,40,40,30,35,25,35
21548,RF,Cesar Rivera,337,L,45,45,50,50,30,50,55,70,70,35,55,70,70,75,,,,49295,CF,Nick Bergstrom,126,L,45,50,20,45,40,50,65,20,55,45,50,60,65,80
49107,CF,Jeremy Bell,336,R,65,65,25,40,70,60,60,25,40,70,65,70,70,80,,,,50178,RF,Ruben Filiano,123,S,45,40,45,40,45,45,40,45,40,45,55,45,30,45
21327,1B,Luis Batista,335,R,50,55,40,65,70,50,55,40,60,70,45,55,60,55,,,,52452,SS,Natanael Ferreira,123,R,55,50,45,55,55,50,45,40,45,45,35,20,20,30
47779,3B,Mike Bridges,334,R,75,65,25,65,70,70,60,25,60,65,55,60,70,70,,,,52294,SS,Chance Dillon,123,R,50,55,50,45,60,50,50,45,40,50,40,40,65,40
50780,3B,Pat Singer,332,R,45,45,60,65,60,40,45,55,55,50,70,65,55,65,,,,51936,C,Francisco Pena,123,R,50,45,60,40,70,45,45,50,35,55,20,25,20,20
52451,SS,Jared Rettler,331,R,50,55,45,50,55,45,50,40,50,50,65,60,60,50,,,,50189,2B,Luis Diaz,123,S,50,55,50,40,55,50,50,50,40,55,60,65,60,70
49295,CF,Nick Bergstrom,330,L,45,50,20,45,40,50,65,20,55,45,50,60,65,80,,,,34574,LF,Ivan Galvan,122,L,45,45,40,50,40,50,60,50,65,40,45,45,45,55
50178,RF,Ruben Filiano,330,S,45,40,45,40,45,45,40,45,40,45,55,45,30,45,,,,44465,2B,Ryan Penning,122,R,50,40,40,45,70,50,40,35,40,65,25,30,20,30
54515,C,Greg Ramos,328,R,60,65,65,45,75,55,60,55,45,65,25,20,20,25,,,,37736,1B,Mike Cabral,121,R,45,50,50,70,50,45,45,45,60,50,45,55,45,40
52085,C,Jonathan Lugo,325,R,65,55,70,45,50,60,50,50,40,45,55,60,55,60,,,,52819,CF,Brad Ridenour,121,R,55,55,40,35,55,50,50,35,35,45,70,65,60,60
48515,3B,Gilberto Tapia,323,R,55,65,50,35,60,50,55,45,35,55,35,20,30,50,,,,52303,C,Manny Pagan,121,R,45,55,50,50,45,40,50,45,45,45,30,50,55,50
49219,3B,Rich Younginer,322,S,50,40,45,40,45,55,45,50,45,50,20,25,20,30,,,,50731,3B,Josh Crosby,121,R,55,45,40,70,70,50,45,35,65,60,35,20,20,20
47420,C,Chris Moody,321,R,50,60,55,45,40,45,50,45,40,35,30,30,50,30,,,,52480,SS,Luke Christensen,120,R,40,45,35,40,45,40,45,30,40,45,60,75,85,80
51419,2B,Herb Gess,319,S,50,40,40,40,50,55,45,45,40,60,55,60,75,60,,,,52445,LF,Chance Robinson,120,R,55,50,45,45,55,60,55,50,50,60,45,40,30,40
52686,2B,Mike Banville,319,R,50,60,65,40,70,45,50,50,40,55,50,60,65,60,,,,49148,CF,Ricky Olivares,120,R,65,55,35,55,45,60,45,30,45,40,65,60,70,65
52452,SS,Natanael Ferreira,317,R,55,50,45,55,55,50,45,40,45,45,35,20,20,30,,,,44830,C,Ruben Alvarado,119,R,40,35,55,40,50,40,30,50,35,45,20,30,35,30
47737,LF,Erik Mason,317,R,45,50,35,45,55,40,45,30,40,50,55,55,70,70,,,,52467,LF,Jeremy Winters,118,L,45,40,45,40,45,50,45,55,45,55,40,40,60,45
36269,C,Alex Campos,316,S,40,45,50,45,45,40,45,50,45,45,30,35,40,35,,,,50281,LF,Juan Cueto,118,S,55,50,60,50,65,55,55,60,50,65,55,50,30,45
24353,1B,Eddie Aguillon,315,R,50,40,50,70,60,45,40,45,60,55,45,55,70,45,,,,49815,2B,Al Cormier,118,R,60,60,40,45,50,60,60,40,45,50,55,65,65,70
58051,RF,Franklin Maestas,314,L,40,50,40,40,65,45,50,45,40,70,65,70,75,65,,,,30310,SS,Craig McAllister,118,R,45,55,45,60,70,45,55,45,60,70,35,40,35,50
51070,3B,James Perry,312,R,50,60,50,40,60,45,55,50,40,55,65,35,40,45,,,,51419,2B,Herb Gess,117,S,50,40,40,40,50,55,45,45,40,60,55,60,75,60
47608,CF,Nolan Lee,312,L,60,55,40,55,40,65,60,45,60,40,55,55,80,45,,,,52686,2B,Mike Banville,117,R,50,60,65,40,70,45,50,50,40,55,50,60,65,60
51250,SS,Tim Bruno,311,R,50,70,70,45,65,45,65,55,40,55,70,65,75,70,,,,52678,SS,John Daube,117,R,50,45,55,50,70,45,40,45,45,60,30,20,20,25
31902,SS,Roger Platt,310,R,50,60,40,50,50,50,55,40,50,50,50,55,60,70,,,,51294,SS,Jim Proffitt,117,R,40,40,45,40,40,40,40,45,40,40,65,35,35,45
50235,1B,Sérgio Simard,309,R,70,60,80,55,75,70,60,80,55,75,45,60,65,60,,,,49019,C,Aaron Jordan,116,R,45,55,50,55,55,45,50,50,50,55,35,40,40,35
46505,2B,Dan Downey,309,R,65,65,55,45,60,60,55,50,40,55,50,70,70,80,,,,39791,CF,Mark Roberts,115,L,45,45,40,50,40,50,55,50,65,45,50,55,50,65
36291,3B,Victor Vaughan,308,S,25,30,45,65,45,25,35,55,80,50,25,30,25,50,,,,52145,SS,Luis Herrera,115,R,45,40,45,30,45,40,40,40,30,45,55,55,60,55
52678,SS,John Daube,303,R,50,45,55,50,70,45,40,45,45,60,30,20,20,25,,,,46704,RF,Dan Whitman,114,L,45,50,45,65,30,50,70,65,85,35,60,65,70,70
52507,CF,Soroku Yamaguchi,303,R,50,55,65,50,60,45,50,50,50,50,70,55,70,65,,,,51940,LF,Angel Moya,114,L,60,60,45,45,50,75,70,60,50,65,55,45,70,50
30641,C,Dave Rhoads,303,L,40,40,30,55,40,40,55,35,75,40,20,20,20,20,,,,46040,3B,Victor Hernandez,114,R,40,40,35,50,55,40,40,35,45,50,60,65,70,35
51025,3B,Justin Markum,302,R,55,45,50,50,65,50,40,40,45,50,45,45,30,45,,,,50814,C,John Drone,114,R,40,40,50,40,40,40,35,45,35,40,20,30,35,30
46444,LF,Danny Romero,302,L,40,45,40,45,45,45,55,50,55,50,55,70,85,70,,,,47654,CF,Joe Bittar,114,R,55,55,30,55,65,55,55,30,50,65,60,65,85,65
48693,3B,Jose Alarcon,301,S,45,45,40,50,75,45,45,40,50,70,45,20,50,50,,,,52569,RF,Mario Duarte,113,L,40,45,45,45,45,45,55,60,45,55,60,70,80,70
49815,2B,Al Cormier,296,R,60,60,40,45,50,60,60,40,45,50,55,65,65,70,,,,45833,LF,Orlando Ortiz,113,L,55,45,35,45,55,60,50,40,55,60,65,75,75,75
51294,SS,Jim Proffitt,296,R,40,40,45,40,40,40,40,45,40,40,65,35,35,45,,,,51049,RF,Rusty Garbarino,113,R,60,80,75,45,60,55,80,70,45,55,60,65,55,65
44796,RF,Carlos Zarate,295,L,50,45,45,50,45,55,55,50,60,45,55,65,55,75,,,,50697,C,Carlos Jimenez,113,R,45,40,50,40,45,40,40,40,35,40,50,35,55,50
46628,3B,Troy Johnson,295,L,45,45,40,45,40,55,55,50,55,40,40,45,55,35,,,,22844,C,Brian Jones,112,R,35,35,40,55,45,35,30,35,50,45,20,20,30,20
44765,CF,Manny Mosqueda,294,L,45,45,45,30,45,55,60,60,40,50,70,70,80,75,,,,47737,LF,Erik Mason,111,R,45,50,35,45,55,40,45,30,40,50,55,55,70,70
24334,1B,Esteban Guzman,293,R,55,65,35,30,60,55,65,35,30,60,70,65,70,85,,,,56760,1B,Joe Scott,111,R,55,40,40,50,65,55,40,35,50,60,55,70,80,65
51299,C,Bryan Winford,293,L,40,40,40,35,45,40,45,45,40,55,20,25,20,20,,,,47779,3B,Mike Bridges,110,R,75,65,25,65,70,70,60,25,60,65,55,60,70,70
50999,RF,Casey Clapp,291,L,45,45,45,40,45,50,50,50,40,55,60,60,65,70,,,,50927,CF,Jared Ledbetter,110,R,55,60,50,40,55,50,60,45,35,50,75,70,80,70
50947,2B,Mike Acosta,288,R,45,50,50,45,45,45,45,45,40,45,55,45,65,55,,,,24546,C,Jason Drago,110,R,40,40,45,75,55,40,40,40,70,50,20,25,20,20
35875,RF,Efrain Vasquez,288,L,50,45,40,40,35,55,55,45,45,40,45,35,65,75,,,,50542,C,Bryan Saltzgiver,109,L,45,40,40,40,45,55,45,50,45,60,35,20,20,35
52819,CF,Brad Ridenour,285,R,55,55,40,35,55,50,50,35,35,45,70,65,60,60,,,,56298,LF,Willie Cornejo,109,L,50,50,40,55,45,60,60,45,60,50,65,55,55,50
44830,C,Ruben Alvarado,284,R,40,35,55,40,50,40,30,50,35,45,20,30,35,30,,,,37580,3B,Cody Addeo,108,L,40,35,45,60,45,40,40,55,80,50,50,55,55,50
50190,C,Jose Rodriguez,282,R,45,40,55,45,50,45,40,55,45,50,30,35,30,35,,,,54515,C,Greg Ramos,108,R,60,65,65,45,75,55,60,55,45,65,25,20,20,25
50256,1B,Rafael Lozano,281,R,50,45,55,45,50,50,45,55,45,50,20,20,40,25,,,,38073,SS,Mike Bunn,108,R,50,45,40,40,40,45,45,40,40,40,50,55,70,45
50805,SS,Erik White,280,R,50,65,45,45,65,45,60,40,40,55,45,55,75,55,,,,52507,CF,Soroku Yamaguchi,107,R,50,55,65,50,60,45,50,50,50,50,70,55,70,65
46040,3B,Victor Hernandez,278,R,40,40,35,50,55,40,40,35,45,50,60,65,70,35,,,,53029,CF,Ryan Adcock,106,L,50,45,50,40,40,55,50,75,45,50,50,25,30,35
48476,CF,Juan Ruiz,277,R,60,65,40,55,55,55,55,35,45,50,60,65,70,75,,,,46444,LF,Danny Romero,106,L,40,45,40,45,45,45,55,50,55,50,55,70,85,70
49148,CF,Ricky Olivares,277,R,65,55,35,55,45,60,45,30,45,40,65,60,70,65,,,,47413,3B,Marty McIver,106,S,45,45,40,55,65,50,60,45,75,75,60,65,80,70
50673,2B,Sam Easter,276,R,45,45,45,60,70,45,45,40,55,55,60,30,20,40,,,,48402,1B,Ricardo Rubio,105,R,60,45,60,40,65,55,40,55,40,60,25,30,25,30
50814,C,John Drone,275,R,40,40,50,40,40,40,35,45,35,40,20,30,35,30,,,,52448,SS,Dustin Williams,103,R,40,50,40,45,40,40,55,40,45,45,40,65,75,60
56298,LF,Willie Cornejo,274,L,50,50,40,55,45,60,60,45,60,50,65,55,55,50,,,,52541,RF,Coby Houghton,102,L,45,40,45,40,50,50,45,50,40,60,45,45,60,50
47413,3B,Marty McIver,272,S,45,45,40,55,65,50,60,45,75,75,60,65,80,70,,,,52276,C,Omar Miller,102,R,50,50,25,40,75,50,50,25,40,75,35,35,30,35
52608,CF,Jonathan Gayle,271,L,45,50,40,40,40,50,65,50,50,50,60,60,70,65,,,,50588,C,Craig Williams,102,R,45,40,45,45,45,45,40,40,45,45,30,25,25,30
47106,CF,Matt Eastwood,268,R,50,55,35,50,40,50,50,35,45,35,45,45,35,80,,,,46424,LF,Ryan Cummings,101,L,45,45,40,45,40,45,55,50,50,45,50,60,75,65
52276,C,Omar Miller,266,R,50,50,25,40,75,50,50,25,40,75,35,35,30,35,,,,46059,2B,Ernie Takats,101,R,50,50,30,60,45,50,50,30,55,45,50,55,60,70
47654,CF,Joe Bittar,263,R,55,55,30,55,65,55,55,30,50,65,60,65,85,65,,,,51077,SS,Mark McDermott,101,R,50,50,50,55,60,45,45,45,45,50,45,65,65,65
52294,SS,Chance Dillon,261,R,50,55,50,45,60,50,50,45,40,50,40,40,65,40,,,,51769,1B,Rodrigo Suarez,101,R,55,50,60,45,65,50,45,45,40,50,45,20,25,30
50588,C,Craig Williams,261,R,45,40,45,45,45,45,40,40,45,45,30,25,25,30,,,,22338,2B,Daniel Gamboa,100,L,40,40,40,45,50,45,55,45,55,55,50,50,50,45
44843,RF,Edgar Navarro,261,L,50,40,45,40,45,55,55,60,55,55,35,25,20,50,,,,48378,2B,Montes Gomez,100,R,55,60,45,55,60,55,60,45,55,60,25,25,35,50
22427,2B,Alex Castaneda,259,R,45,50,45,65,45,45,50,45,65,45,45,60,40,55,,,,46932,LF,Quincy Muse,100,L,60,45,20,25,45,65,55,25,25,50,75,65,85,75
30310,SS,Craig McAllister,255,R,45,55,45,60,70,45,55,45,60,70,35,40,35,50,,,,46866,CF,Steve Bennett,99,R,55,70,40,35,40,50,65,35,35,40,50,55,65,80
53849,LF,Alex Correa,254,R,55,45,55,40,55,50,45,45,35,50,65,70,75,70,,,,35593,RF,Phil Harris,98,R,65,65,65,75,30,60,60,55,65,30,45,45,60,45
52110,SS,Juan Villarreal,252,R,55,50,55,35,45,50,50,50,35,40,55,65,60,65,,,,24203,1B,Rich Solis,95,L,40,45,40,40,40,45,70,55,55,45,35,35,30,35
48796,LF,Nick Fisher,248,R,45,55,50,55,50,45,50,45,45,45,45,50,65,65,,,,47106,CF,Matt Eastwood,95,R,50,55,35,50,40,50,50,35,45,35,45,45,35,80
46880,1B,Jaden Kemp,244,R,55,45,45,55,55,55,45,45,55,50,40,45,55,50,,,,52110,SS,Juan Villarreal,95,R,55,50,55,35,45,50,50,50,35,40,55,65,60,65
44465,2B,Ryan Penning,242,R,50,40,40,45,70,50,40,35,40,65,25,30,20,30,,,,48796,LF,Nick Fisher,95,R,45,55,50,55,50,45,50,45,45,45,45,50,65,65
52145,SS,Luis Herrera,242,R,45,40,45,30,45,40,40,40,30,45,55,55,60,55,,,,47405,LF,Nick Williams,95,R,50,55,45,50,45,50,50,45,50,45,55,60,60,70
46866,CF,Steve Bennett,242,R,55,70,40,35,40,50,65,35,35,40,50,55,65,80,,,,48907,SS,Eric Crippen,94,L,55,45,40,50,50,60,50,45,55,55,30,40,35,65
52280,RF,Paul Richie,241,R,55,55,55,50,50,50,50,40,40,40,70,60,65,60,,,,47305,C,Steve Fuller,94,R,55,40,40,75,25,55,40,40,75,25,25,20,25,45
46059,2B,Ernie Takats,238,R,50,50,30,60,45,50,50,30,55,45,50,55,60,70,,,,53736,C,Omar Cruz,94,R,60,45,60,40,60,50,40,45,40,45,35,30,40,30
53049,SS,Matt Jabs,238,L,50,40,35,40,40,50,40,40,40,40,70,40,50,55,,,,50264,CF,Alejandro Gomez,93,L,45,60,45,40,45,45,65,50,40,45,75,65,70,75
28524,C,Ken Meredith,237,L,40,35,40,45,45,40,40,50,50,45,35,40,40,25,,,,56870,C,Sean Aultman,92,R,45,45,50,55,50,45,45,50,50,45,35,20,20,25
47137,3B,Beau Walters,235,R,50,55,50,70,60,45,50,45,60,55,40,55,50,55,,,,50277,2B,Tony Pina,92,R,50,50,45,45,40,50,50,45,45,40,50,55,45,55
50927,CF,Jared Ledbetter,235,R,55,60,50,40,55,50,60,45,35,50,75,70,80,70,,,,22427,2B,Alex Castaneda,91,R,45,50,45,65,45,45,50,45,65,45,45,60,40,55
50974,LF,Jayden St. Hill,231,R,65,55,45,45,55,60,50,40,40,45,65,55,65,65,,,,46472,2B,Jason Phelps,90,L,60,50,30,40,75,65,60,30,45,80,30,25,35,45
47405,LF,Nick Williams,230,R,50,55,45,50,45,50,50,45,50,45,55,60,60,70,,,,49219,3B,Rich Younginer,89,S,50,40,45,40,45,55,45,50,45,50,20,25,20,30
51107,SS,Travis Fritts,230,R,50,55,50,40,60,50,50,45,40,55,40,45,55,45,,,,28524,C,Ken Meredith,89,L,40,35,40,45,45,40,40,50,50,45,35,40,40,25
44772,2B,Carlos Ursua,229,R,45,45,40,40,45,45,40,40,40,45,55,70,70,70,,,,52557,CF,Brent Coltharp,88,R,65,50,65,40,75,55,45,50,40,60,70,65,70,65
50206,2B,Octavio Cabrera,229,R,50,50,50,55,55,50,50,50,55,55,50,55,35,60,,,,50532,1B,Brian Witter,87,R,55,50,60,65,55,50,45,50,50,45,55,45,35,55
47154,C,J.P. Ogden,228,R,40,35,40,40,60,40,35,35,40,55,30,30,30,25,,,,47050,RF,Jamie Boldin,87,R,55,65,40,40,50,55,65,40,40,50,65,75,65,85
24546,C,Jason Drago,226,R,40,40,45,75,55,40,40,40,70,50,20,25,20,20,,,,55086,C,Jason Simpson,87,R,50,55,55,50,40,45,50,50,40,40,25,25,30,20
36111,3B,Danny Espinoza,226,S,40,45,45,45,45,40,55,55,50,50,45,55,50,60,,,,49217,1B,Ugo Ciai,86,R,75,75,30,40,60,70,65,25,35,55,70,75,75,85
50968,2B,Tim Zingale,225,R,45,40,40,40,55,40,40,35,35,50,50,60,75,60,,,,46628,3B,Troy Johnson,86,L,45,45,40,45,40,55,55,50,55,40,40,45,55,35
23282,SS,Jeremy Massena,223,R,40,40,30,65,45,40,40,30,60,45,45,60,50,45,,,,24334,1B,Esteban Guzman,86,R,55,65,35,30,60,55,65,35,30,60,70,65,70,85
31667,LF,David Lodovico,223,R,50,75,55,80,40,50,65,45,70,40,50,50,50,35,,,,50968,2B,Tim Zingale,86,R,45,40,40,40,55,40,40,35,35,50,50,60,75,60
47344,3B,Joey Southerland,222,L,45,40,40,35,50,50,50,45,40,55,30,35,50,40,,,,47626,CF,Teguh Alisjahbana,86,R,55,55,40,35,50,55,50,40,35,50,60,65,75,70
52448,SS,Dustin Williams,218,R,40,50,40,45,40,40,55,40,45,45,40,65,75,60,,,,52368,2B,Jeff Daniels,86,R,65,50,35,40,70,60,45,30,35,65,40,50,25,45
50941,CF,Tom Sams,218,L,45,50,40,35,45,45,50,40,40,50,70,65,80,70,,,,50256,1B,Rafael Lozano,85,R,50,45,55,45,50,50,45,55,45,50,20,20,40,25
50532,1B,Brian Witter,213,R,55,50,60,65,55,50,45,50,50,45,55,45,35,55,,,,50282,C,Leonel Valenzuela,85,R,65,50,65,65,40,65,45,65,60,40,20,25,20,25
51077,SS,Mark McDermott,212,R,50,50,50,55,60,45,45,45,45,50,45,65,65,65,,,,36111,3B,Danny Espinoza,84,S,40,45,45,45,45,40,55,55,50,50,45,55,50,60
46932,LF,Quincy Muse,210,L,60,45,20,25,45,65,55,25,25,50,75,65,85,75,,,,23282,SS,Jeremy Massena,84,R,40,40,30,65,45,40,40,30,60,45,45,60,50,45
47050,RF,Jamie Boldin,208,R,55,65,40,40,50,55,65,40,40,50,65,75,65,85,,,,28824,SS,Chris Vanover,84,R,40,50,40,30,70,40,45,40,30,65,45,45,55,50
38073,SS,Mike Bunn,206,R,50,45,40,40,40,45,45,40,40,40,50,55,70,45,,,,44699,C,Leandro Gregrio,83,R,40,40,50,40,55,40,40,45,40,55,35,45,35,45
50661,3B,Roland Little,205,R,50,50,45,50,50,45,45,40,40,50,35,55,65,55,,,,44772,2B,Carlos Ursua,83,R,45,45,40,40,45,45,40,40,40,45,55,70,70,70
52292,2B,Sam Ballard,205,R,60,65,65,60,65,60,65,65,55,65,50,75,80,75,,,,55202,LF,Bryan Knick,83,S,40,45,40,35,40,45,50,50,40,50,75,50,45,55
52100,C,Mario Medina,202,R,50,60,50,45,55,45,55,45,45,45,25,20,25,20,,,,47266,1B,Joel Taylor,83,R,45,40,40,65,55,45,40,40,60,55,25,20,35,30
55162,LF,Justin Zelaya,201,L,50,45,45,40,40,60,50,55,45,50,35,25,20,25,,,,48772,RF,Jack Banks,82,R,40,60,35,35,50,40,60,35,35,50,70,85,80,70
51936,C,Francisco Pena,200,R,50,45,60,40,70,45,45,50,35,55,20,25,20,20,,,,46911,RF,Dave McClure,82,R,60,70,50,55,40,55,60,45,45,40,50,40,60,75
56870,C,Sean Aultman,200,R,45,45,50,55,50,45,45,50,50,45,35,20,20,25,,,,50661,3B,Roland Little,81,R,50,50,45,50,50,45,45,40,40,50,35,55,65,55
61108,LF,Chang-weon Hann,200,L,55,50,30,35,70,60,55,35,35,75,50,50,50,40,,,,50947,2B,Mike Acosta,80,R,45,50,50,45,45,45,45,45,40,45,55,45,65,55
44797,2B,David Mendoza,199,R,55,50,65,55,45,50,45,55,45,40,30,35,30,45,,,,50941,CF,Tom Sams,80,L,45,50,40,35,45,45,50,40,40,50,70,65,80,70
48772,RF,Jack Banks,196,R,40,60,35,35,50,40,60,35,35,50,70,85,80,70,,,,56759,2B,Nate Strong,80,R,50,45,35,30,65,50,45,35,30,60,65,70,75,70
46362,LF,Roberto Quijada,196,L,45,50,35,50,55,45,55,35,55,55,60,50,75,70,,,,52608,CF,Jonathan Gayle,79,L,45,50,40,40,40,50,65,50,50,50,60,60,70,65
50277,2B,Tony Pina,195,R,50,50,45,45,40,50,50,45,45,40,50,55,45,55,,,,53049,SS,Matt Jabs,79,L,50,40,35,40,40,50,40,40,40,40,70,40,50,55
55202,LF,Bryan Knick,195,S,40,45,40,35,40,45,50,50,40,50,75,50,45,55,,,,51107,SS,Travis Fritts,79,R,50,55,50,40,60,50,50,45,40,55,40,45,55,45
47387,3B,Sam Edwards,194,R,50,50,45,45,60,50,50,45,45,60,25,50,30,55,,,,44797,2B,David Mendoza,77,R,55,50,65,55,45,50,45,55,45,40,30,35,30,45
50196,CF,Luis Ramires,193,R,55,55,60,35,50,55,55,55,35,50,55,50,35,50,,,,48770,LF,Josh Pontarelli,77,L,55,55,45,40,45,60,65,55,45,45,65,65,70,75
55086,C,Jason Simpson,191,R,50,55,55,50,40,45,50,50,40,40,25,25,30,20,,,,50206,2B,Octavio Cabrera,76,R,50,50,50,55,55,50,50,50,55,55,50,55,35,60
58353,1B,Nathan Stienstra,191,S,60,55,65,70,70,55,50,55,65,60,35,20,25,25,,,,52100,C,Mario Medina,76,R,50,60,50,45,55,45,55,45,45,45,25,20,25,20
52671,2B,Adam Lussow,188,R,60,55,50,40,50,60,55,50,40,50,45,45,55,45,,,,58353,1B,Nathan Stienstra,76,S,60,55,65,70,70,55,50,55,65,60,35,20,25,25
52084,SS,Manny Perez,186,S,45,50,40,40,40,50,55,45,40,40,70,70,80,70,,,,50999,RF,Casey Clapp,75,L,45,45,45,40,45,50,50,50,40,55,60,60,65,70
51769,1B,Rodrigo Suarez,185,R,55,50,60,45,65,50,45,45,40,50,45,20,25,30,,,,51056,CF,Eric DeVore,73,S,45,50,45,45,45,50,55,50,50,50,50,50,45,50
48770,LF,Josh Pontarelli,185,L,55,55,45,40,45,60,65,55,45,45,65,65,70,75,,,,31667,LF,David Lodovico,73,R,50,75,55,80,40,50,65,45,70,40,50,50,50,35
52908,1B,Shozo Takeda,185,R,70,50,40,50,60,70,50,40,50,55,60,30,55,35,,,,50196,CF,Luis Ramires,72,R,55,55,60,35,50,55,55,55,35,50,55,50,35,50
35593,RF,Phil Harris,184,R,65,65,65,75,30,60,60,55,65,30,45,45,60,45,,,,51036,C,Paul Saxby,72,R,50,40,40,50,55,45,40,40,45,45,20,40,20,20
50183,SS,Robby Almaguer,180,R,45,50,65,35,60,45,50,60,35,60,70,55,70,55,,,,49024,2B,Dustin Scrivner,72,R,55,60,55,40,60,55,50,45,35,55,50,50,65,70
52303,C,Manny Pagan,179,R,45,55,50,50,45,40,50,45,45,45,30,50,55,50,,,,50616,3B,Ken Schultz,72,R,45,45,50,70,30,45,45,50,70,30,30,35,25,30
56760,1B,Joe Scott,179,R,55,40,40,50,65,55,40,35,50,60,55,70,80,65,,,,49776,CF,Joe Spears,72,R,65,60,40,60,60,60,55,40,50,55,65,50,65,70
51700,2B,Victor Cardo,179,S,45,35,20,30,50,50,40,25,35,70,60,55,60,55,,,,42108,LF,Lorenzo Miranda,70,L,50,45,45,40,45,60,50,55,45,50,65,65,80,70
51175,1B,Tom Bjorklund,179,R,45,55,40,40,45,45,55,40,35,40,75,65,80,70,,,,52052,LF,Jorge Ochoa,70,L,55,45,40,35,50,60,50,50,40,55,70,70,75,70
46911,RF,Dave McClure,177,R,60,70,50,55,40,55,60,45,45,40,50,40,60,75,,,,21548,RF,Cesar Rivera,70,L,45,45,50,50,30,50,55,70,70,35,55,70,70,75
22514,CF,Tyler Sontag,174,R,55,80,50,65,40,50,65,45,55,40,65,70,70,75,,,,46362,LF,Roberto Quijada,70,L,45,50,35,50,55,45,55,35,55,55,60,50,75,70
55304,C,Josh Williams,173,S,55,40,35,45,40,60,40,40,50,45,40,35,35,30,,,,46958,1B,Geoff Jenkins,70,R,60,60,70,55,40,55,50,55,45,35,35,35,35,35
56759,2B,Nate Strong,172,R,50,45,35,30,65,50,45,35,30,60,65,70,75,70,,,,47700,3B,Luke Ziegler,68,R,55,65,50,50,50,50,55,45,45,50,25,20,20,35
53776,1B,Gui-fei Sa,172,L,50,50,65,40,40,50,55,70,45,40,45,40,45,45,,,,50274,LF,Alex Canales,68,R,50,55,50,50,55,45,50,50,45,55,65,45,65,50
52050,2B,Jonathan Urrutia,171,R,55,75,50,40,75,50,70,45,40,70,80,70,85,75,,,,44729,1B,Edwin Aredondo,68,R,50,60,50,45,70,50,60,50,45,70,20,20,25,30
52557,CF,Brent Coltharp,169,R,65,50,65,40,75,55,45,50,40,60,70,65,70,65,,,,24357,RF,Bob Vega,67,R,55,55,30,55,50,55,55,30,55,50,30,35,30,50
50189,2B,Luis Diaz,168,S,50,55,50,40,55,50,50,50,40,55,60,65,60,70,,,,49734,C,Aaron Bailey,67,R,55,45,50,40,40,50,40,45,35,40,20,30,20,25
55080,3B,Ray Longworth,168,L,45,55,40,35,65,45,60,45,40,70,75,80,85,80,,,,53284,SS,Eric Cimini,67,R,50,40,65,35,40,45,40,50,30,35,55,40,45,40
52391,3B,Sean Bruce,167,R,50,55,55,45,75,45,50,45,40,55,50,35,40,45,,,,50603,2B,Rich Folks,66,R,45,50,60,55,55,45,50,60,50,50,60,60,65,65
28533,1B,Justin Hawkins,167,L,40,40,50,50,40,40,45,65,70,40,65,75,75,70,,,,50168,SS,Hugo de Leon,65,L,50,45,40,40,45,55,45,40,40,45,65,65,60,65
51052,C,Josh Teply,165,R,40,40,30,35,65,40,40,30,30,60,30,40,40,40,,,,50001,C,Juan Galeas,65,R,50,45,55,40,55,50,45,55,40,55,35,40,20,45
52112,LF,Danny Cortez,164,L,50,45,45,40,45,55,50,55,45,50,65,55,70,55,,,,52084,SS,Manny Perez,64,S,45,50,40,40,40,50,55,45,40,40,70,70,80,70
44310,C,John Beanblossom,164,R,45,50,40,45,40,45,50,40,45,40,45,45,50,65,,,,47728,CF,Phil Dorsey,64,R,55,45,30,40,40,55,45,30,40,40,70,60,85,85
50282,C,Leonel Valenzuela,163,R,65,50,65,65,40,65,45,65,60,40,20,25,20,25,,,,49034,RF,Devin Bouma,64,R,50,50,40,45,50,55,50,40,45,50,50,50,60,65
51036,C,Paul Saxby,163,R,50,40,40,50,55,45,40,40,45,45,20,40,20,20,,,,42347,3B,Elias Torres,63,R,40,50,45,50,55,40,50,45,50,55,60,65,65,65
52427,LF,Sean Powell,162,R,65,50,50,50,70,60,45,45,45,60,50,30,40,35,,,,44709,CF,Marciano Ruelas,62,L,45,45,30,45,50,50,55,30,55,55,60,70,65,75
47626,CF,Teguh Alisjahbana,158,R,55,55,40,35,50,55,50,40,35,50,60,65,75,70,,,,51700,2B,Victor Cardo,62,S,45,35,20,30,50,50,40,25,35,70,60,55,60,55
38850,1B,Dan Caldeirinha,154,R,45,50,75,55,55,45,45,65,50,55,20,25,20,30,,,,53776,1B,Gui-fei Sa,62,L,50,50,65,40,40,50,55,70,45,40,45,40,45,45
49024,2B,Dustin Scrivner,154,R,55,60,55,40,60,55,50,45,35,55,50,50,65,70,,,,50984,1B,Bob Wolfe,62,R,50,45,40,50,55,45,40,40,45,50,55,20,25,35
24357,RF,Bob Vega,149,R,55,55,30,55,50,55,55,30,55,50,30,35,30,50,,,,42468,2B,Emanuele Cirese,62,R,60,55,25,35,70,55,45,25,30,65,60,50,80,70
50603,2B,Rich Folks,149,R,45,50,60,55,55,45,50,60,50,50,60,60,65,65,,,,52671,2B,Adam Lussow,61,R,60,55,50,40,50,60,55,50,40,50,45,45,55,45
52572,2B,Jose Avila,149,R,60,80,65,60,35,50,75,60,50,30,70,65,70,65,,,,44843,RF,Edgar Navarro,60,L,50,40,45,40,45,55,55,60,55,55,35,25,20,50
52079,2B,Dan Maez,149,L,55,50,40,30,40,65,55,45,35,50,75,75,85,70,,,,35875,RF,Efrain Vasquez,59,L,50,45,40,40,35,55,55,45,45,40,45,35,65,75
51590,1B,Mario Amalla,148,R,65,50,55,50,65,60,50,45,45,55,50,45,35,40,,,,52112,LF,Danny Cortez,58,L,50,45,45,40,45,55,50,55,45,50,65,55,70,55
50616,3B,Ken Schultz,146,R,45,45,50,70,30,45,45,50,70,30,30,35,25,30,,,,44765,CF,Manny Mosqueda,57,L,45,45,45,30,45,55,60,60,40,50,70,70,80,75
48418,CF,Jon Ramirez,146,L,45,50,35,40,40,45,60,40,40,45,50,50,30,75,,,,52292,2B,Sam Ballard,57,R,60,65,65,60,65,60,65,65,55,65,50,75,80,75
46813,1B,Chris Greco,146,S,55,45,35,35,45,65,55,40,40,50,40,60,55,50,,,,51590,1B,Mario Amalla,57,R,65,50,55,50,65,60,50,45,45,55,50,45,35,40
49305,2B,Scott Schneider,146,R,45,35,30,55,55,40,30,30,50,55,60,60,70,45,,,,42606,1B,William Gonzales,56,R,50,60,40,50,50,45,55,35,45,45,55,55,70,70
58372,RF,Brian Buron,146,L,40,55,40,40,45,45,55,40,40,45,60,65,60,60,,,,51212,C,Kevin Allder,56,R,55,40,45,55,55,45,40,40,45,45,20,25,20,20
47026,3B,Michael Medina,144,R,50,50,55,40,50,45,45,50,40,50,45,25,65,60,,,,51523,RF,Scott Brock,56,R,65,60,50,55,65,60,55,50,50,55,50,30,35,35
50697,C,Carlos Jimenez,141,R,45,40,50,40,45,40,40,40,35,40,50,35,55,50,,,,53243,SS,Jerry Vincent,56,R,55,60,40,45,40,50,55,40,40,40,65,65,65,60
52022,LF,Melvin Martinez,139,L,40,55,45,35,50,45,60,55,40,60,65,70,80,70,,,,47770,1B,Jon Cooney,56,R,55,55,75,50,35,55,50,65,45,35,20,25,20,25
52669,3B,Bill Vaughn,137,R,50,40,40,40,50,45,35,35,40,45,40,45,45,40,,,,35077,3B,Fergus Anderson,54,S,50,60,40,55,55,45,55,40,45,55,40,40,50,65
29116,3B,Matt Roach,136,R,65,50,45,45,60,65,45,45,45,60,35,40,45,40,,,,51052,C,Josh Teply,53,R,40,40,30,35,65,40,40,30,30,60,30,40,40,40
22844,C,Brian Jones,135,R,35,35,40,55,45,35,30,35,50,45,20,20,30,20,,,,48418,CF,Jon Ramirez,53,L,45,50,35,40,40,45,60,40,40,45,50,50,30,75
47266,1B,Joel Taylor,135,R,45,40,40,65,55,45,40,40,60,55,25,20,35,30,,,,54998,3B,Gerardo Dominguez,53,R,50,45,55,50,80,50,45,50,45,75,30,30,20,25
47700,3B,Luke Ziegler,135,R,55,65,50,50,50,50,55,45,45,50,25,20,20,35,,,,51175,1B,Tom Bjorklund,52,R,45,55,40,40,45,45,55,40,35,40,75,65,80,70
26457,SS,Cameron Mahar,132,R,45,55,30,50,50,45,55,30,50,50,60,55,75,75,,,,47026,3B,Michael Medina,52,R,50,50,55,40,50,45,45,50,40,50,45,25,65,60
52137,C,Manny Medina,129,R,45,50,65,45,75,40,45,45,40,50,30,20,20,25,,,,59931,CF,Larry Phillips,52,R,40,55,40,55,45,40,50,40,50,45,65,60,45,60
49209,C,Zack Brown,128,R,50,40,30,30,45,50,35,25,25,45,20,35,20,25,,,,47387,3B,Sam Edwards,51,R,50,50,45,45,60,50,50,45,45,60,25,50,30,55
50168,SS,Hugo de Leon,127,L,50,45,40,40,45,55,45,40,40,45,65,65,60,65,,,,52669,3B,Bill Vaughn,51,R,50,40,40,40,50,45,35,35,40,45,40,45,45,40
49734,C,Aaron Bailey,123,R,55,45,50,40,40,50,40,45,35,40,20,30,20,25,,,,36269,C,Alex Campos,50,S,40,45,50,45,45,40,45,50,45,45,30,35,40,35
52798,2B,Clint Reynolds,123,R,45,40,60,40,40,40,40,50,40,35,60,45,65,50,,,,49209,C,Zack Brown,50,R,50,40,30,30,45,50,35,25,25,45,20,35,20,25
46958,1B,Geoff Jenkins,122,R,60,60,70,55,40,55,50,55,45,35,35,35,35,35,,,,48762,LF,Jimmy Marcus,50,R,65,45,40,50,55,60,45,35,50,50,65,60,80,60
24170,2B,Jose de Haro,122,R,60,60,50,70,55,55,50,45,60,50,50,70,65,40,,,,36291,3B,Victor Vaughan,49,S,25,30,45,65,45,25,35,55,80,50,25,30,25,50
24760,2B,Steve Regan,122,S,40,40,30,40,40,40,45,35,50,45,55,55,60,50,,,,50262,C,Gerardo Bernal,49,R,60,40,40,35,45,60,40,40,35,45,30,20,20,35
42606,1B,William Gonzales,121,R,50,60,40,50,50,45,55,35,45,45,55,55,70,70,,,,56879,LF,Matt Wilkes,49,R,50,50,40,55,60,45,45,40,65,55,35,35,55,40
51212,C,Kevin Allder,121,R,55,40,45,55,55,45,40,40,45,45,20,25,20,20,,,,29116,3B,Matt Roach,48,R,65,50,45,45,60,65,45,45,45,60,35,40,45,40
54998,3B,Gerardo Dominguez,120,R,50,45,55,50,80,50,45,50,45,75,30,30,20,25,,,,51062,C,Steve Leggett,48,R,40,45,35,35,50,35,45,30,35,45,30,25,20,25
58365,2B,John Syring,120,R,45,50,45,55,50,45,50,45,50,45,50,30,20,30,,,,50278,C,Oscar Vazquez,48,S,40,40,45,45,50,40,45,45,45,50,40,25,25,25
47728,CF,Phil Dorsey,119,R,55,45,30,40,40,55,45,30,40,40,70,60,85,85,,,,50246,RF,Mario Gutierrez,48,R,55,60,50,40,60,55,60,50,40,60,75,45,55,50
51790,3B,Noe Pereira,119,S,55,50,35,45,50,65,50,40,55,65,65,45,30,40,,,,29057,RF,Pat Branco,47,L,45,40,40,40,40,55,50,55,50,50,25,30,25,40
49834,CF,Alex Lujan,118,R,50,50,45,35,45,50,50,45,35,45,65,40,65,75,,,,48761,CF,Fred Heinke,47,R,50,65,30,55,45,50,60,30,50,45,65,60,80,75
51523,RF,Scott Brock,116,R,65,60,50,55,65,60,55,50,50,55,50,30,35,35,,,,30641,C,Dave Rhoads,46,L,40,40,30,55,40,40,55,35,75,40,20,20,20,20
50274,LF,Alex Canales,114,R,50,55,50,50,55,45,50,50,45,55,65,45,65,50,,,,44310,C,John Beanblossom,46,R,45,50,40,45,40,45,50,40,45,40,45,45,50,65
48724,RF,Andy Weaver,112,L,45,50,45,40,40,50,55,45,40,45,50,30,50,75,,,,46813,1B,Chris Greco,45,S,55,45,35,35,45,65,55,40,40,50,40,60,55,50
50262,C,Gerardo Bernal,111,R,60,40,40,35,45,60,40,40,35,45,30,20,20,35,,,,26457,SS,Cameron Mahar,45,R,45,55,30,50,50,45,55,30,50,50,60,55,75,75
47904,CF,Paul Barnhart,111,R,65,50,30,30,40,60,45,30,30,40,35,50,50,50,,,,48724,RF,Andy Weaver,45,L,45,50,45,40,40,50,55,45,40,45,50,30,50,75
51116,C,Brian Melton,111,S,45,45,40,45,50,45,45,40,45,50,25,45,45,35,,,,55162,LF,Justin Zelaya,44,L,50,45,45,40,40,60,50,55,45,50,35,25,20,25
49334,CF,Jim Aguilar,111,R,45,45,40,35,50,40,40,40,35,45,50,35,65,55,,,,52908,1B,Shozo Takeda,44,R,70,50,40,50,60,70,50,40,50,55,60,30,55,35
51062,C,Steve Leggett,110,R,40,45,35,35,50,35,45,30,35,45,30,25,20,25,,,,58365,2B,John Syring,44,R,45,50,45,55,50,45,50,45,50,45,50,30,20,30
26374,1B,Barry Bryant,110,R,50,50,55,60,45,50,45,50,55,45,35,50,35,45,,,,26374,1B,Barry Bryant,44,R,50,50,55,60,45,50,45,50,55,45,35,50,35,45
28824,SS,Chris Vanover,109,R,40,50,40,30,70,40,45,40,30,65,45,45,55,50,,,,46021,LF,Mike Owens,44,R,50,60,40,35,55,50,50,35,35,50,65,65,65,75
29057,RF,Pat Branco,109,L,45,40,40,40,40,55,50,55,50,50,25,30,25,40,,,,21686,1B,Jordan Sanchez,44,R,60,45,60,50,30,60,45,60,50,30,50,50,65,70
46021,LF,Mike Owens,109,R,50,60,40,35,55,50,50,35,35,50,65,65,65,75,,,,58368,C,Ryan Johnston,44,R,40,50,40,40,50,40,50,40,40,45,30,35,55,30
49633,1B,Nate Roszkowski,109,R,55,50,55,50,45,55,50,55,45,45,40,45,40,40,,,,50190,C,Jose Rodriguez,43,R,45,40,55,45,50,45,40,55,45,50,30,35,30,35
49105,C,Chris Linkous,109,R,35,35,40,45,45,35,35,35,45,45,20,20,20,25,,,,47344,3B,Joey Southerland,43,L,45,40,40,35,50,50,50,45,40,55,30,35,50,40
54925,CF,Alex de Santos,109,L,35,35,35,35,35,35,40,40,35,40,65,55,70,60,,,,52572,2B,Jose Avila,43,R,60,80,65,60,35,50,75,60,50,30,70,65,70,65
58366,LF,Matt Warchol,109,L,40,55,40,45,45,40,65,45,50,55,60,65,70,60,,,,49834,CF,Alex Lujan,43,R,50,50,45,35,45,50,50,45,35,45,65,40,65,75
51342,LF,Ron Dotson,108,L,50,55,40,50,45,55,60,50,65,50,40,55,65,60,,,,50218,C,Carlos Deras,43,R,50,35,40,40,55,50,35,40,40,50,20,20,35,20
48330,C,Victor Castellanos,107,R,40,50,40,40,35,40,55,40,45,35,25,20,40,30,,,,52798,2B,Clint Reynolds,42,R,45,40,60,40,40,40,40,50,40,35,60,45,65,50
50278,C,Oscar Vazquez,102,S,40,40,45,45,50,40,45,45,45,50,40,25,25,25,,,,50232,LF,Danny Altreche,42,R,55,45,50,45,60,55,45,45,40,60,40,20,35,25
50731,3B,Josh Crosby,101,R,55,45,40,70,70,50,45,35,65,60,35,20,20,20,,,,52074,LF,Jaime Guzman,42,R,55,65,70,40,65,50,60,50,35,50,70,65,75,65
56879,LF,Matt Wilkes,101,R,50,50,40,55,60,45,45,40,65,55,35,35,55,40,,,,35370,LF,Alex Navarro,41,L,50,50,40,40,45,55,65,50,45,55,60,70,60,80
50867,CF,Jeremy Turner,101,L,45,55,45,40,50,45,60,50,45,65,75,50,75,65,,,,49633,1B,Nate Roszkowski,41,R,55,50,55,50,45,55,50,55,45,45,40,45,40,40
50984,1B,Bob Wolfe,100,R,50,45,40,50,55,45,40,40,45,50,55,20,25,35,,,,50867,CF,Jeremy Turner,41,L,45,55,45,40,50,45,60,50,45,65,75,50,75,65
42268,SS,Arturo Banda,99,L,40,35,40,35,40,40,40,45,40,45,50,60,80,55,,,,45843,3B,Juan Albarran,41,R,55,40,60,65,50,50,40,55,55,50,25,25,20,30
44729,1B,Edwin Aredondo,97,R,50,60,50,45,70,50,60,50,45,70,20,20,25,30,,,,51998,DH,Alejandro Serrato,41,R,75,55,45,60,55,70,50,40,50,50,35,40,55,40
50001,C,Juan Galeas,96,R,50,45,55,40,55,50,45,55,40,55,35,40,20,45,,,,51299,C,Bryan Winford,40,L,40,40,40,35,45,40,45,45,40,55,20,25,20,20
50246,RF,Mario Gutierrez,96,R,55,60,50,40,60,55,60,50,40,60,75,45,55,50,,,,28533,1B,Justin Hawkins,40,L,40,40,50,50,40,40,45,65,70,40,65,75,75,70
21686,1B,Jordan Sanchez,96,R,60,45,60,50,30,60,45,60,50,30,50,50,65,70,,,,24170,2B,Jose de Haro,39,R,60,60,50,70,55,55,50,45,60,50,50,70,65,40
49328,C,Eddie Maravilla,96,R,40,35,35,55,35,40,35,30,45,35,20,30,25,25,,,,47904,CF,Paul Barnhart,39,R,65,50,30,30,40,60,45,30,30,40,35,50,50,50
48873,RF,Chris Ewald,96,L,55,45,40,45,40,65,55,50,55,40,45,20,55,60,,,,49105,C,Chris Linkous,39,R,35,35,40,45,45,35,35,35,45,45,20,20,20,25
52657,RF,Tony Martinez,96,S,45,45,45,45,55,45,45,40,40,50,65,65,70,65,,,,48330,C,Victor Castellanos,39,R,40,50,40,40,35,40,55,40,45,35,25,20,40,30
50232,LF,Danny Altreche,94,R,55,45,50,45,60,55,45,45,40,60,40,20,35,25,,,,50220,C,Ed Martinez,39,S,40,40,50,40,50,40,40,50,40,50,25,20,20,20
52368,2B,Jeff Daniels,93,R,65,50,35,40,70,60,45,30,35,65,40,50,25,45,,,,48988,RF,Don Koch,39,R,50,35,45,45,50,50,35,45,45,50,20,20,20,25
50218,C,Carlos Deras,93,R,50,35,40,40,55,50,35,40,40,50,20,20,35,20,,,,47772,CF,Randy Talley,39,R,50,70,35,35,60,50,60,35,35,55,60,70,85,75
50220,C,Ed Martinez,93,S,40,40,50,40,50,40,40,50,40,50,25,20,20,20,,,,51167,LF,Angel Ortiz,39,S,45,50,45,40,45,45,55,45,40,50,65,60,80,65
49955,2B,Daniel Vasquez,91,R,55,55,45,75,55,50,50,40,65,50,60,55,70,50,,,,49305,2B,Scott Schneider,38,R,45,35,30,55,55,40,30,30,50,55,60,60,70,45
49034,RF,Devin Bouma,89,R,50,50,40,45,50,55,50,40,45,50,50,50,60,65,,,,51116,C,Brian Melton,38,S,45,45,40,45,50,45,45,40,45,50,25,45,45,35
52564,C,Jon Brindisi,89,R,55,45,45,35,50,50,45,45,35,45,20,40,40,35,,,,49328,C,Eddie Maravilla,38,R,40,35,35,55,35,40,35,30,45,35,20,30,25,25
59931,CF,Larry Phillips,88,R,40,55,40,55,45,40,50,40,50,45,65,60,45,60,,,,46674,2B,Joey Graham,38,R,55,75,35,35,55,55,65,30,35,50,55,65,70,75
42468,2B,Emanuele Cirese,85,R,60,55,25,35,70,55,45,25,30,65,60,50,80,70,,,,52022,LF,Melvin Martinez,37,L,40,55,45,35,50,45,60,55,40,60,65,70,80,70
58368,C,Ryan Johnston,85,R,40,50,40,40,50,40,50,40,40,45,30,35,55,30,,,,51639,3B,Jeremy Shamblin,37,S,45,55,40,40,50,45,50,40,35,40,65,30,40,40
46674,2B,Joey Graham,85,R,55,75,35,35,55,55,65,30,35,50,55,65,70,75,,,,51263,RF,Matt Burland,37,R,55,40,50,55,50,50,40,45,50,45,50,50,65,50
50819,RF,John Rios,84,L,40,50,25,30,60,50,65,30,35,70,65,75,85,75,,,,53794,3B,Carlos Sedano,36,L,50,55,45,45,45,60,70,65,50,65,70,50,50,45
52727,1B,Erik Moore,83,L,40,50,35,50,50,45,60,40,65,65,55,40,60,50,,,,46037,2B,Vic Entz,36,R,50,60,60,75,35,45,50,50,65,35,50,60,60,65
48761,CF,Fred Heinke,82,R,50,65,30,55,45,50,60,30,50,45,65,60,80,75,,,,21327,1B,Luis Batista,35,R,50,55,40,65,70,50,55,40,60,70,45,55,60,55
50751,C,Marc King,76,R,50,40,45,45,50,45,35,40,40,40,25,20,30,25,,,,48873,RF,Chris Ewald,35,L,55,45,40,45,40,65,55,50,55,40,45,20,55,60
48988,RF,Don Koch,75,R,50,35,45,45,50,50,35,45,45,50,20,20,20,25,,,,49955,2B,Daniel Vasquez,33,R,55,55,45,75,55,50,50,40,65,50,60,55,70,50
53284,SS,Eric Cimini,73,R,50,40,65,35,40,45,40,50,30,35,55,40,45,40,,,,27076,RF,Ryan Emerson,33,R,45,55,45,70,40,45,50,45,70,40,50,60,55,65
42347,3B,Elias Torres,73,R,40,50,45,50,55,40,50,45,50,55,60,65,65,65,,,,58372,RF,Brian Buron,32,L,40,55,40,40,45,45,55,40,40,45,60,65,60,60
48402,1B,Ricardo Rubio,70,R,60,45,60,40,65,55,40,55,40,60,25,30,25,30,,,,49334,CF,Jim Aguilar,32,R,45,45,40,35,50,40,40,40,35,45,50,35,65,55
53736,C,Omar Cruz,70,R,60,45,60,40,60,50,40,45,40,45,35,30,40,30,,,,52079,2B,Dan Maez,30,L,55,50,40,30,40,65,55,45,35,50,75,75,85,70
53243,SS,Jerry Vincent,70,R,55,60,40,45,40,50,55,40,40,40,65,65,65,60,,,,42268,SS,Arturo Banda,30,L,40,35,40,35,40,40,40,45,40,45,50,60,80,55
52279,SS,Chris Caldas,70,R,45,55,40,40,50,45,50,35,40,45,50,55,55,50,,,,58413,3B,Harvey Stoppard,30,R,50,45,75,75,35,50,40,70,70,35,30,30,25,30
52340,C,Jeremy Weir,70,R,40,40,40,50,50,35,40,40,45,45,25,20,20,20,,,,51690,1B,Bill Hunter,30,R,50,40,50,40,70,45,40,40,35,55,20,25,20,20
46037,2B,Vic Entz,69,R,50,60,60,75,35,45,50,50,65,35,50,60,60,65,,,,52279,SS,Chris Caldas,29,R,45,55,40,40,50,45,50,35,40,45,50,55,55,50
52004,2B,Ramon Colocho,68,R,65,60,50,55,70,55,50,40,50,50,50,50,60,45,,,,49224,RF,Geoff Hedrick,29,R,55,60,25,55,40,50,50,20,50,40,60,65,75,75
29103,LF,John Hewett,68,L,40,40,45,45,45,40,40,55,50,45,50,50,65,65,,,,24760,2B,Steve Regan,28,S,40,40,30,40,40,40,45,35,50,45,55,55,60,50
45843,3B,Juan Albarran,67,R,55,40,60,65,50,50,40,55,55,50,25,25,20,30,,,,52657,RF,Tony Martinez,28,S,45,45,45,45,55,45,45,40,40,50,65,65,70,65
56362,2B,Santiago Nuno,66,R,45,55,50,50,50,45,60,50,55,50,60,55,50,55,,,,52004,2B,Ramon Colocho,28,R,65,60,50,55,70,55,50,40,50,50,50,50,60,45
29318,RF,Darren Tabak,66,L,25,30,45,45,50,25,35,60,60,65,40,50,65,45,,,,51342,LF,Ron Dotson,25,L,50,55,40,50,45,55,60,50,65,50,40,55,65,60
35077,3B,Fergus Anderson,62,S,50,60,40,55,55,45,55,40,45,55,40,40,50,65,,,,52340,C,Jeremy Weir,25,R,40,40,40,50,50,35,40,40,45,45,25,20,20,20
51639,3B,Jeremy Shamblin,61,S,45,55,40,40,50,45,50,40,35,40,65,30,40,40,,,,61108,LF,Chang-weon Hann,24,L,55,50,30,35,70,60,55,35,35,75,50,50,50,40
58413,3B,Harvey Stoppard,61,R,50,45,75,75,35,50,40,70,70,35,30,30,25,30,,,,51790,3B,Noe Pereira,24,S,55,50,35,45,50,65,50,40,55,65,65,45,30,40
54160,2B,Ramiro Quintanilla,61,R,50,55,50,45,50,45,55,45,45,50,45,30,20,30,,,,54925,CF,Alex de Santos,24,L,35,35,35,35,35,35,40,40,35,40,65,55,70,60
52321,SS,Josh Holden,60,L,45,50,35,40,50,45,55,40,40,60,75,40,50,45,,,,25277,3B,Eddie Reyes,24,R,50,45,45,55,70,50,40,45,50,65,25,40,25,40
50284,2B,Alex Escobar,58,S,45,45,45,35,40,50,50,50,40,40,45,30,25,40,,,,36112,1B,Luis Sanchez,24,R,50,55,65,45,40,50,50,55,45,35,45,60,55,35
49776,CF,Joe Spears,55,R,65,60,40,60,60,60,55,40,50,55,65,50,65,70,,,,54160,2B,Ramiro Quintanilla,23,R,50,55,50,45,50,45,55,45,45,50,45,30,20,30
55176,C,Austin Gillette,55,R,40,40,50,55,35,40,40,45,50,35,35,30,40,30,,,,46746,1B,Daniel Freymiller,23,R,50,45,50,40,50,50,45,45,40,50,45,35,55,45
48762,LF,Jimmy Marcus,53,R,65,45,40,50,55,60,45,35,50,50,65,60,80,60,,,,55304,C,Josh Williams,22,S,55,40,35,45,40,60,40,40,50,45,40,35,35,30
46746,1B,Daniel Freymiller,52,R,50,45,50,40,50,50,45,45,40,50,45,35,55,45,,,,52564,C,Jon Brindisi,22,R,55,45,45,35,50,50,45,45,35,45,20,40,40,35
47772,CF,Randy Talley,51,R,50,70,35,35,60,50,60,35,35,55,60,70,85,75,,,,33260,2B,Jimmy Ingram,22,R,40,45,40,50,45,40,45,40,50,45,50,55,70,50
45961,SS,Chris Davis,51,L,45,50,30,40,45,45,60,35,40,50,45,55,60,70,,,,56362,2B,Santiago Nuno,21,R,45,55,50,50,50,45,60,50,55,50,60,55,50,55
47888,3B,Ben Mishoe,49,R,45,40,35,45,55,45,40,35,45,55,35,35,40,45,,,,52321,SS,Josh Holden,20,L,45,50,35,40,50,45,55,40,40,60,75,40,50,45
47379,SS,Willie Urbano,48,L,45,35,35,45,55,45,40,40,50,60,30,55,40,50,,,,45961,SS,Chris Davis,20,L,45,50,30,40,45,45,60,35,40,50,45,55,60,70
52491,C,Pat Huckins,48,R,40,40,40,40,50,40,35,35,40,45,25,20,20,30,,,,51559,2B,Jesus Galaviz,20,R,50,60,50,40,70,45,60,45,40,60,65,55,70,50
52468,2B,Jay Lotts,47,R,45,40,20,45,80,45,40,20,40,75,55,40,50,45,,,,53810,3B,Henry Salinas,20,R,60,45,30,45,50,55,40,25,40,50,80,70,75,70
52074,LF,Jaime Guzman,43,R,55,65,70,40,65,50,60,50,35,50,70,65,75,65,,,,50595,C,Ryan Siegel,19,R,40,35,35,45,50,40,35,35,40,45,45,60,65,50
56907,C,Jose Cabrera,43,R,35,35,35,40,40,35,35,35,40,40,35,20,20,25,,,,50242,RF,Danny Diaz,19,L,55,60,45,35,70,55,60,45,40,70,50,45,50,50
47647,LF,Rich Moore,43,L,55,65,40,40,35,60,75,45,45,35,40,55,60,75,,,,55080,3B,Ray Longworth,18,L,45,55,40,35,65,45,60,45,40,70,75,80,85,80
51998,DH,Alejandro Serrato,42,R,75,55,45,60,55,70,50,40,50,50,35,40,55,40,,,,47888,3B,Ben Mishoe,18,R,45,40,35,45,55,45,40,35,45,55,35,35,40,45
49224,RF,Geoff Hedrick,41,R,55,60,25,55,40,50,50,20,50,40,60,65,75,75,,,,47379,SS,Willie Urbano,18,L,45,35,35,45,55,45,40,40,50,60,30,55,40,50
25277,3B,Eddie Reyes,41,R,50,45,45,55,70,50,40,45,50,65,25,40,25,40,,,,52468,2B,Jay Lotts,18,R,45,40,20,45,80,45,40,20,40,75,55,40,50,45
50595,C,Ryan Siegel,41,R,40,35,35,45,50,40,35,35,40,45,45,60,65,50,,,,52491,C,Pat Huckins,17,R,40,40,40,40,50,40,35,35,40,45,25,20,20,30
52357,RF,John Rothering,41,L,45,55,50,45,45,50,60,55,45,45,45,60,45,60,,,,52030,2B,Joaquin Santiago,17,R,50,60,45,45,65,50,55,45,45,55,25,20,40,25
53698,2B,Lazaro Gamboa,40,L,50,45,50,35,40,55,45,60,35,45,70,35,55,45,,,,50751,C,Marc King,16,R,50,40,45,45,50,45,35,40,40,40,25,20,30,25
50959,C,Caleb Wilkinson,39,R,50,40,45,40,45,50,40,45,40,45,30,20,20,30,,,,47691,2B,Steve Botts,16,R,45,60,40,40,65,45,50,35,40,60,75,65,80,70
51318,RF,Brad Ferdman,39,L,40,40,35,45,40,45,45,40,50,50,55,40,55,40,,,,46595,3B,Eddie Couch,16,R,45,50,55,65,45,45,45,50,55,45,25,20,20,50
49802,CF,Brad James,39,L,55,40,40,30,45,60,50,45,35,50,70,70,80,70,,,,56403,1B,Alex Espino,16,R,45,45,45,50,40,45,45,40,45,40,45,50,50,45
51167,LF,Angel Ortiz,37,S,45,50,45,40,45,45,55,45,40,50,65,60,80,65,,,,58366,LF,Matt Warchol,15,L,40,55,40,45,45,40,65,45,50,55,60,65,70,60
53020,C,Chuck Lear,37,R,45,40,55,40,45,40,40,45,35,40,35,20,35,25,,,,50959,C,Caleb Wilkinson,15,R,50,40,45,40,45,50,40,45,40,45,30,20,20,30
50067,C,Jorge Dorado,37,R,40,30,50,55,50,40,30,45,50,45,20,20,20,30,,,,48771,LF,Joe Horton,14,S,45,50,45,40,45,50,55,50,45,45,65,65,75,80
33260,2B,Jimmy Ingram,36,R,40,45,40,50,45,40,45,40,50,45,50,55,70,50,,,,50216,LF,Rick Ibarra,14,R,35,40,40,40,35,35,40,40,40,35,70,65,65,70
47691,2B,Steve Botts,36,R,45,60,40,40,65,45,50,35,40,60,75,65,80,70,,,,50963,LF,Caleb Risner,14,R,50,60,50,40,65,50,55,45,40,55,60,45,55,50
48771,LF,Joe Horton,36,S,45,50,45,40,45,50,55,50,45,45,65,65,75,80,,,,53020,C,Chuck Lear,13,R,45,40,55,40,45,40,40,45,35,40,35,20,35,25
52895,C,Kevin Carrier,36,L,40,40,35,35,40,45,40,35,35,45,30,20,25,25,,,,53423,1B,Ricardo Merchan,13,R,55,45,35,45,55,55,45,30,45,50,45,25,30,25
35576,LF,Melvin Munoz,36,L,50,60,50,40,30,50,60,55,40,30,50,55,50,60,,,,52727,1B,Erik Moore,12,L,40,50,35,50,50,45,60,40,65,65,55,40,60,50
56396,RF,Roberto Orozco,35,L,60,50,40,45,45,60,50,40,45,50,65,30,35,45,,,,56907,C,Jose Cabrera,12,R,35,35,35,40,40,35,35,35,40,40,35,20,20,25
53423,1B,Ricardo Merchan,33,R,55,45,35,45,55,55,45,30,45,50,45,25,30,25,,,,50067,C,Jorge Dorado,12,R,40,30,50,55,50,40,30,45,50,45,20,20,20,30
46930,LF,Ruben Penedo,33,L,35,40,20,50,50,40,50,25,60,55,45,40,60,65,,,,52895,C,Kevin Carrier,12,L,40,40,35,35,40,45,40,35,35,45,30,20,25,25
52748,SS,Minh-Duc Huynh,32,R,40,45,40,40,60,40,40,35,35,50,50,60,60,50,,,,46930,LF,Ruben Penedo,12,L,35,40,20,50,50,40,50,25,60,55,45,40,60,65
50216,LF,Rick Ibarra,31,R,35,40,40,40,35,35,40,40,40,35,70,65,65,70,,,,56732,C,Scott Boyar,12,S,50,45,55,55,45,50,40,55,55,45,30,40,35,30
52030,2B,Joaquin Santiago,30,R,50,60,45,45,65,50,55,45,45,55,25,20,40,25,,,,47788,C,Justin Andrews,12,R,55,45,45,50,40,55,40,45,45,40,25,35,25,45
27076,RF,Ryan Emerson,29,R,45,55,45,70,40,45,50,45,70,40,50,60,55,65,,,,29318,RF,Darren Tabak,11,L,25,30,45,45,50,25,35,60,60,65,40,50,65,45
46276,3B,Andy Greeley,29,R,45,40,60,50,60,45,40,50,45,55,25,30,35,25,,,,47647,LF,Rich Moore,11,L,55,65,40,40,35,60,75,45,45,35,40,55,60,75
52429,C,Dylon MacDonald,29,L,40,40,40,35,40,50,50,50,45,55,25,25,20,20,,,,46276,3B,Andy Greeley,11,R,45,40,60,50,60,45,40,50,45,55,25,30,35,25
51619,2B,Omari Jacques,28,R,35,35,30,35,35,35,35,30,30,35,55,35,45,45,,,,47667,1B,Carlos Pinto,11,R,70,45,45,40,35,65,40,40,40,35,20,35,25,30
51559,2B,Jesus Galaviz,27,R,50,60,50,40,70,45,60,45,40,60,65,55,70,50,,,,39593,3B,Jose Garcia,11,R,40,45,75,45,45,40,45,65,40,45,25,25,25,30
49893,SS,Sean Canan,27,S,45,55,45,40,40,45,55,45,40,40,70,55,70,60,,,,29103,LF,John Hewett,10,L,40,40,45,45,45,40,40,55,50,45,50,50,65,65
27720,1B,Israel Medina,26,L,40,40,40,55,45,45,55,55,80,50,40,40,40,50,,,,50284,2B,Alex Escobar,10,S,45,45,45,35,40,50,50,50,40,40,45,30,25,40
47770,1B,Jon Cooney,25,R,55,55,75,50,35,55,50,65,45,35,20,25,20,25,,,,52357,RF,John Rothering,10,L,45,55,50,45,45,50,60,55,45,45,45,60,45,60
58374,CF,Malcolm Wilson,25,L,40,55,40,35,60,40,60,45,40,65,65,35,50,40,,,,55176,C,Austin Gillette,9,R,40,40,50,55,35,40,40,45,50,35,35,30,40,30
36112,1B,Luis Sanchez,24,R,50,55,65,45,40,50,50,55,45,35,45,60,55,35,,,,51318,RF,Brad Ferdman,9,L,40,40,35,45,40,45,45,40,50,50,55,40,55,40
53810,3B,Henry Salinas,23,R,60,45,30,45,50,55,40,25,40,50,80,70,75,70,,,,49893,SS,Sean Canan,8,S,45,55,45,40,40,45,55,45,40,40,70,55,70,60
56732,C,Scott Boyar,23,S,50,45,55,55,45,50,40,55,55,45,30,40,35,30,,,,61111,LF,Goushi Kameda,8,L,45,50,35,35,65,50,50,40,35,75,40,60,50,50
51263,RF,Matt Burland,22,R,55,40,50,55,50,50,40,45,50,45,50,50,65,50,,,,47445,2B,Jeremy Webb,8,R,50,55,30,45,40,45,50,30,40,40,75,65,75,75
50242,RF,Danny Diaz,22,L,55,60,45,35,70,55,60,45,40,70,50,45,50,50,,,,34450,LF,Mike Alessandro,8,R,45,50,45,50,40,45,50,45,50,40,30,35,25,40
46978,2B,Mel Ortiz,22,L,45,40,35,55,35,50,50,40,75,40,35,45,70,45,,,,49023,C,Shawn Burt,8,R,50,50,60,40,45,50,50,55,40,45,30,30,20,25
47667,1B,Carlos Pinto,21,R,70,45,45,40,35,65,40,40,40,35,20,35,25,30,,,,53698,2B,Lazaro Gamboa,7,L,50,45,50,35,40,55,45,60,35,45,70,35,55,45
61111,LF,Goushi Kameda,20,L,45,50,35,35,65,50,50,40,35,75,40,60,50,50,,,,54049,LF,Kevin Lewman,7,R,55,50,50,45,60,50,45,45,40,55,50,35,45,40
51690,1B,Bill Hunter,19,R,50,40,50,40,70,45,40,40,35,55,20,25,20,20,,,,37934,SS,John Leachman,7,R,40,40,30,35,50,40,35,30,35,45,45,60,75,70
54049,LF,Kevin Lewman,19,R,55,50,50,45,60,50,45,45,40,55,50,35,45,40,,,,51091,SS,Kurt Melvin,7,S,50,50,45,40,65,50,45,40,35,55,55,70,75,70
44694,2B,Bobby Zarate,19,R,45,45,25,25,55,45,45,25,25,55,65,65,85,70,,,,35576,LF,Melvin Munoz,6,L,50,60,50,40,30,50,60,55,40,30,50,55,50,60
47788,C,Justin Andrews,17,R,55,45,45,50,40,55,40,45,45,40,25,35,25,45,,,,52748,SS,Minh-Duc Huynh,6,R,40,45,40,40,60,40,40,35,35,50,50,60,60,50
46595,3B,Eddie Couch,16,R,45,50,55,65,45,45,45,50,55,45,25,20,20,50,,,,44694,2B,Bobby Zarate,6,R,45,45,25,25,55,45,45,25,25,55,65,65,85,70
50711,2B,Tom Levie,16,R,40,45,40,50,45,40,45,35,45,45,75,55,55,60,,,,46877,3B,Sean Brier,6,R,60,55,45,40,40,55,50,45,40,40,45,45,60,45
50783,RF,Josh Carrillo,16,L,40,40,40,40,40,45,40,40,40,45,60,50,65,50,,,,53374,CF,Gijsbert Cuypers,6,R,50,55,35,40,65,45,50,30,40,60,65,65,75,70
50895,LF,Juan Ortega,16,L,45,50,40,50,40,55,55,50,45,50,50,50,70,55,,,,56762,CF,Ricardo Villanueva,6,L,55,65,35,30,45,60,65,35,30,50,80,75,75,70
50963,LF,Caleb Risner,15,R,50,60,50,40,65,50,55,45,40,55,60,45,55,50,,,,50819,RF,John Rios,5,L,40,50,25,30,60,50,65,30,35,70,65,75,85,75
37934,SS,John Leachman,15,R,40,40,30,35,50,40,35,30,35,45,45,60,75,70,,,,56396,RF,Roberto Orozco,5,L,60,50,40,45,45,60,50,40,45,50,65,30,35,45
52891,2B,Stanford Tiller,15,R,55,40,50,55,45,50,40,40,45,40,30,30,35,25,,,,52429,C,Dylon MacDonald,5,L,40,40,40,35,40,50,50,50,45,55,25,25,20,20
47445,2B,Jeremy Webb,14,R,50,55,30,45,40,45,50,30,40,40,75,65,75,75,,,,50711,2B,Tom Levie,5,R,40,45,40,50,45,40,45,35,45,45,75,55,55,60
50237,2B,Victor Villalobos,14,L,45,40,40,45,45,45,45,40,50,45,50,35,35,35,,,,49102,LF,Ian Borde,5,R,55,60,25,30,65,55,60,25,30,65,25,25,20,35
50406,RF,Tyler Judd,13,R,45,40,50,45,70,40,40,45,45,55,55,65,55,55,,,,50783,RF,Josh Carrillo,4,L,40,40,40,40,40,45,40,40,40,45,60,50,65,50
56403,1B,Alex Espino,12,R,45,45,45,50,40,45,45,40,45,40,45,50,50,45,,,,50914,1B,Greg Williams,4,R,50,50,50,40,70,45,50,50,40,60,25,20,45,35
50914,1B,Greg Williams,12,R,50,50,50,40,70,45,50,50,40,60,25,20,45,35,,,,50565,1B,Bryan Balasko,4,R,50,45,50,40,55,50,45,50,40,55,20,20,20,25
49124,SP,Dylan Hazlett,11,L,40,35,40,50,35,40,40,45,60,35,35,50,45,45,,,,53686,C,Edgar Braga,4,L,40,40,45,40,40,45,40,55,45,45,35,35,35,35
49639,CF,Corey Hayward,11,L,50,40,30,40,45,55,40,30,45,50,65,65,60,60,,,,56996,C,Terry Dillon,4,S,40,40,40,50,40,40,40,40,45,40,30,20,40,25
49712,C,Nick Fallin,10,R,50,45,50,50,55,50,40,45,45,50,35,50,50,40,,,,55238,2B,Chris Bond,4,R,45,45,45,40,65,40,45,40,40,50,40,45,40,35
27731,SS,Kevin Sandifer,9,R,50,50,25,60,40,50,50,25,60,40,35,50,35,65,,,,47698,CF,Chris Scott,4,R,45,50,40,40,50,40,45,35,40,45,65,65,60,80
34450,LF,Mike Alessandro,8,R,45,50,45,50,40,45,50,45,50,40,30,35,25,40,,,,49802,CF,Brad James,3,L,55,40,40,30,45,60,50,45,35,50,70,70,80,70
46877,3B,Sean Brier,8,R,60,55,45,40,40,55,50,45,40,40,45,45,60,45,,,,46978,2B,Mel Ortiz,3,L,45,40,35,55,35,50,50,40,75,40,35,45,70,45
50777,CF,Tyler Pellechio,8,L,40,40,40,35,45,40,45,45,40,60,60,45,40,50,,,,51265,SS,Simon Britton,3,R,55,45,55,50,55,50,40,50,50,50,40,50,35,40
53374,CF,Gijsbert Cuypers,7,R,50,55,35,40,65,45,50,30,40,60,65,65,75,70,,,,50478,LF,Cesar Bartfield,3,R,45,45,60,35,55,40,45,50,35,50,30,35,35,30
51397,SP,Tom Cooper,7,L,40,30,20,30,35,40,30,25,30,40,25,25,20,20,,,,51330,RF,Dave Elizondo,3,R,45,45,55,45,50,45,40,50,45,50,50,35,50,45
56762,CF,Ricardo Villanueva,6,L,55,65,35,30,45,60,65,35,30,50,80,75,75,70,,,,53816,LF,Ruben Leon,3,L,40,40,40,35,40,45,45,45,40,45,70,65,60,60
51265,SS,Simon Britton,6,R,55,45,55,50,55,50,40,50,50,50,40,50,35,40,,,,49124,SP,Dylan Hazlett,2,L,40,35,40,50,35,40,40,45,60,35,35,50,45,45
48887,CF,Dustin Brown,6,L,40,50,35,40,50,45,55,40,45,50,65,70,80,70,,,,51619,2B,Omari Jacques,1,R,35,35,30,35,35,35,35,30,30,35,55,35,45,45
41945,2B,Antonio Vento,6,R,40,40,30,55,65,40,40,30,60,65,40,55,50,55,,,,52891,2B,Stanford Tiller,1,R,55,40,50,55,45,50,40,40,45,40,30,30,35,25
39593,3B,Jose Garcia,4,R,40,45,75,45,45,40,45,65,40,45,25,25,25,30,,,,50237,2B,Victor Villalobos,1,L,45,40,40,45,45,45,45,40,50,45,50,35,35,35
50565,1B,Bryan Balasko,4,R,50,45,50,40,55,50,45,50,40,55,20,20,20,25,,,,50406,RF,Tyler Judd,1,R,45,40,50,45,70,40,40,45,45,55,55,65,55,55
53686,C,Edgar Braga,4,L,40,40,45,40,40,45,40,55,45,45,35,35,35,35,,,,27731,SS,Kevin Sandifer,1,R,50,50,25,60,40,50,50,25,60,40,35,50,35,65
54947,CF,Elias Barragan,4,L,45,45,40,40,40,50,55,45,45,45,45,40,40,35,,,,51397,SP,Tom Cooper,1,L,40,30,20,30,35,40,30,25,30,40,25,25,20,20
52905,SS,Antonio Figueroa,4,R,35,40,35,40,45,35,40,35,40,45,45,40,65,45,,,,48887,CF,Dustin Brown,1,L,40,50,35,40,50,45,55,40,45,50,65,70,80,70
54503,1B,Mel Flores,4,L,45,50,40,50,40,55,55,55,55,50,40,50,50,50,,,,54947,CF,Elias Barragan,1,L,45,45,40,40,40,50,55,45,45,45,45,40,40,35
49023,C,Shawn Burt,3,R,50,50,60,40,45,50,50,55,40,45,30,30,20,25,,,,51019,SS,Jim Zellers,1,R,45,45,45,35,55,45,45,45,35,50,65,45,40,45
51091,SS,Kurt Melvin,3,S,50,50,45,40,65,50,45,40,35,55,55,70,75,70,,,,,,,,,,,,,,,,,,,,,,
56996,C,Terry Dillon,3,S,40,40,40,50,40,40,40,40,45,40,30,20,40,25,,,,,,,,,,,,,,,,,,,,,,
52031,SS,Antonio Hernandez,3,R,45,50,40,35,55,40,50,35,35,50,65,45,55,45,,,,,,,,,,,,,,,,,,,,,,
49102,LF,Ian Borde,2,R,55,60,25,30,65,55,60,25,30,65,25,25,20,35,,,,,,,,,,,,,,,,,,,,,,
55238,2B,Chris Bond,2,R,45,45,45,40,65,40,45,40,40,50,40,45,40,35,,,,,,,,,,,,,,,,,,,,,,
50478,LF,Cesar Bartfield,2,R,45,45,60,35,55,40,45,50,35,50,30,35,35,30,,,,,,,,,,,,,,,,,,,,,,
44824,CF,Nicoláo Carregueiro,2,L,45,50,40,35,50,50,65,45,40,55,55,60,80,65,,,,,,,,,,,,,,,,,,,,,,
52081,2B,Ismael Alanis,2,R,50,40,45,30,50,45,40,40,30,45,70,45,45,50,,,,,,,,,,,,,,,,,,,,,,
52825,CF,Mario Zamora,2,R,45,45,50,45,55,45,45,50,45,50,65,60,75,60,,,,,,,,,,,,,,,,,,,,,,
47698,CF,Chris Scott,1,R,45,50,40,40,50,40,45,35,40,45,65,65,60,80,,,,,,,,,,,,,,,,,,,,,,
51330,RF,Dave Elizondo,1,R,45,45,55,45,50,45,40,50,45,50,50,35,50,45,,,,,,,,,,,,,,,,,,,,,,
53816,LF,Ruben Leon,1,L,40,40,40,35,40,45,45,45,40,45,70,65,60,60,,,,,,,,,,,,,,,,,,,,,,
51019,SS,Jim Zellers,1,R,45,45,45,35,55,45,45,45,35,50,65,45,40,45,,,,,,,,,,,,,,,,,,,,,,
46363,CF,David Maynard,1,L,50,45,35,35,40,60,55,40,40,45,65,75,80,80,,,,,,,,,,,,,,,,,,,,,,
