Player List,,,,,,,,,,,,,,
ID,POS,Name,IP,HT,C ABI,C FRM,C ARM,IF RNG,IF ERR,IF ARM,TDP,OF RNG,OF ERR,OF ARM
31186,3,Alex Lobato,1370.0,"6' 2""",20,20,20,55,50,30,55,45,50,35
48588,3,Wilson Cardoza,1354.2,"6' 1""",20,20,20,40,40,35,30,45,55,45
46969,3,Troy Swanson,1351.0,"6' 6""",20,20,25,50,35,40,30,45,25,25
38216,3,Matt Shoemaker,1347.1,"6' 4""",20,20,20,45,50,30,50,25,50,25
51069,3,Trevor Doyle,1338.2,"6' 0""",20,20,20,45,45,60,40,40,30,50
46377,7,Jonathan Sparks,1333.2,"6' 4""",20,20,20,50,40,35,40,65,60,45
47675,9,Tom Tobeck,1332.1,"6' 2""",20,20,20,60,50,65,45,65,55,75
49053,7,Steve Aaker,1326.2,"5' 10""",25,25,20,60,55,40,60,60,55,35
49835,7,Zach Schuhmann,1323.2,"6' 3""",20,20,20,55,40,35,45,55,55,50
51604,9,Greg Medema,1313.0,"6' 2""",20,20,20,35,25,45,30,65,40,55
46421,9,Ben Reed,1311.2,"6' 3""",20,20,20,45,30,35,20,65,60,65
56340,4,David Saldivar,1311.0,"6' 4""",20,20,20,60,50,60,55,40,40,50
54900,4,Marco Castello,1309.2,"6' 2""",20,20,20,70,70,55,70,50,50,35
52322,5,Ethan Burns,1305.1,"6' 4""",20,20,20,55,55,60,70,35,50,40
42334,8,Willie Ardinghi,1301.2,"6' 2""",20,20,20,45,35,40,20,65,75,60
42089,9,Ramiro Baraza,1299.0,"6' 0""",20,20,20,45,40,45,20,60,50,60
42336,8,Miguel Huerta,1299.2,"6' 1""",20,20,20,50,35,40,40,70,45,60
49795,8,Pete Pearson,1295.2,"6' 2""",20,20,20,55,40,30,45,70,50,50
50197,5,Cruz Maltez,1295.1,"6' 0""",20,20,20,60,70,70,65,35,45,60
50766,4,Dave May,1295.1,"6' 0""",20,20,20,50,50,40,60,40,65,30
55153,4,Evan Lewis,1294.0,"6' 4""",25,20,20,70,45,55,60,60,40,50
42257,6,Victor Cardenas,1293.0,"6' 4""",20,20,20,60,65,50,80,35,45,40
56779,5,Adrian Case,1293.2,"5' 10""",20,20,20,65,55,65,55,50,50,50
52446,6,Alfonso Rueda,1290.0,"6' 0""",25,25,25,60,55,65,40,40,55,55
24870,9,Joe Coning,1290.1,"6' 0""",20,20,20,40,35,35,35,55,50,60
52343,7,Mike Tharpe,1290.0,"6' 0""",20,20,20,50,40,40,45,70,40,40
48978,9,Jake Lawson,1289.2,"6' 1""",20,20,20,25,25,65,20,55,45,60
46780,4,Randy Roginski,1289.1,"5' 10""",20,20,20,55,70,60,70,35,45,55
48793,7,Matt Rosellini,1288.2,"6' 4""",20,25,20,25,25,45,20,60,65,60
50251,5,Lançarote Freitas,1286.2,"6' 4""",20,20,20,65,60,65,60,55,35,65
44791,8,Fontana Rosolino,1286.0,"6' 1""",20,20,20,55,40,35,45,70,55,55
58435,4,Mark Palacios,1284.1,"6' 2""",25,25,30,50,55,45,75,55,50,40
46486,4,Danny Pollard,1283.0,"5' 10""",20,20,20,65,60,65,55,55,55,55
47127,5,Doug Gardner,1282.1,"6' 3""",20,20,20,60,55,75,40,25,65,75
52414,8,Ken Boal,1281.1,"6' 4""",20,20,20,55,45,35,20,65,60,55
48774,9,Brian Lee,1280.0,"6' 4""",20,20,20,50,40,50,40,65,40,65
42592,8,Fabrice Beltran,1279.2,"6' 4""",20,20,25,55,45,35,20,70,60,60
49237,8,Jordan Ortiz,1279.2,"6' 1""",20,20,20,25,30,50,25,70,45,60
39815,6,Steve Baker,1277.2,"6' 1""",20,20,20,70,65,65,80,40,40,50
51024,3,Adrian Graham,1273.0,"6' 0""",20,20,20,55,65,45,50,35,45,25
36146,9,Armando Fuentes,1272.2,"6' 2""",20,20,20,55,45,40,20,55,55,65
46986,5,Jeremy Matelski,1270.2,"5' 11""",25,25,25,40,55,70,45,25,40,65
52584,6,Pete Gigliotti,1269.0,"6' 0""",20,20,20,70,70,70,65,30,60,70
47350,7,Adrian Ortiz,1268.0,"6' 1""",20,20,25,35,30,30,35,65,60,55
42380,8,Lorenzo Santi,1267.1,"6' 1""",20,20,20,45,35,35,40,65,60,55
33535,5,Brandon Tyson,1267.1,"6' 1""",20,20,20,55,75,65,75,20,50,60
52530,4,Josh Lilly,1266.0,"6' 0""",20,20,20,65,55,60,70,45,60,60
46162,4,Gabe Hinton,1265.0,"6' 0""",20,20,20,60,65,45,65,25,55,25
50853,9,Jose Bellatin,1264.1,"6' 6""",20,20,20,30,30,35,20,65,40,60
46077,5,Tim Brouillet,1262.2,"6' 1""",20,20,20,60,55,65,50,50,50,55
52021,9,Danny Ricardo,1260.1,"6' 6""",20,20,20,30,25,40,20,55,50,60
50527,6,Ryan Witsman,1260.1,"6' 2""",20,20,20,70,60,70,75,50,50,70
46321,5,Lupe Oquendo,1258.0,"6' 4""",25,25,20,60,55,75,50,40,55,55
44734,6,Jose Ceballos,1257.0,"6' 2""",20,20,20,65,55,65,55,30,45,55
44618,6,Jose Tameron,1253.2,"6' 3""",20,20,20,75,70,60,70,55,50,55
45998,8,Jake Hite,1252.2,"6' 1""",20,20,20,40,40,30,20,70,60,55
50538,4,Herb Bibiano,1249.2,"6' 4""",20,20,20,60,70,55,60,30,60,50
45995,7,Luis Ruiz,1248.2,"6' 0""",20,25,20,45,40,40,45,55,45,45
50401,4,Keith Parks,1247.1,"6' 4""",20,20,20,65,55,55,50,40,40,45
46228,8,Matt Ballard,1247.2,"6' 4""",20,20,20,45,35,35,35,70,55,50
46704,9,Dan Whitman,1242.2,"6' 4""",20,20,20,45,40,50,20,65,60,65
47665,5,Justin Van Pelt,1241.1,"6' 2""",20,20,20,55,50,70,35,40,45,60
50210,4,Byron Addams,1232.0,"6' 2""",20,20,20,65,55,75,60,60,45,70
50835,8,Beau Pearson,1230.0,"6' 1""",20,20,20,45,35,30,20,65,50,55
52466,4,Mike Baily,1228.2,"6' 4""",20,20,20,40,40,50,35,50,65,70
46871,4,Matt Wiernicki,1227.1,"6' 2""",20,20,20,65,60,60,65,40,60,55
51063,7,Justin Swanson,1226.0,"6' 4""",20,20,20,25,25,45,25,45,50,60
52396,5,Ryan Kahabka,1225.1,"6' 0""",25,30,30,55,45,75,40,35,45,65
50487,3,Conrado Braves,1218.0,"6' 3""",20,20,20,55,50,35,55,30,35,25
30189,4,Julian Marquez,1216.1,"6' 4""",20,20,20,55,65,55,60,50,60,45
52518,3,Jon Manning,1216.2,"6' 2""",20,20,20,50,50,60,35,30,75,50
44727,4,Rodolphe Guglielmotti,1215.1,"6' 1""",20,20,20,55,60,65,50,25,40,60
27298,5,Pat Sauders,1214.2,"6' 2""",20,20,20,50,60,80,35,45,55,75
48995,3,David Barnes,1213.0,"6' 0""",20,20,25,55,55,70,45,30,60,60
37580,5,Cody Addeo,1212.2,"6' 4""",20,20,20,45,40,70,35,45,60,85
21200,7,Edwin Curiel,1203.0,"5' 10""",20,20,20,45,40,45,40,45,60,65
42173,9,Cesar Rubio,1201.0,"6' 1""",20,20,20,45,35,30,40,60,55,55
47741,8,John Ploughman,1199.1,"6' 2""",20,20,20,45,40,45,35,65,65,55
50690,5,Mike Leighton,1199.1,"6' 5""",20,20,20,65,55,65,55,45,40,55
52531,3,Nate Larson,1199.2,"6' 3""",20,20,20,55,55,55,50,35,60,45
47176,9,Oliver Higgins,1196.2,"6' 0""",20,20,20,40,35,35,20,65,45,55
52569,9,Mario Duarte,1193.1,"6' 1""",20,25,20,50,40,25,20,60,55,45
48874,9,Jonathan Safreed,1192.2,"6' 6""",20,20,20,30,30,50,20,50,55,70
24208,4,Remo Carone,1191.2,"6' 5""",20,20,20,60,60,60,55,50,40,50
50264,8,Alejandro Gomez,1188.1,"6' 4""",25,20,20,55,45,45,20,75,55,65
55132,7,Shaun Hartford,1188.1,"6' 0""",20,20,20,40,30,45,35,65,45,45
51620,5,Tom Daher,1185.2,"6' 4""",20,20,20,65,55,65,50,50,40,50
52502,3,Bobby Sligh,1184.0,"6' 2""",20,20,20,45,35,40,25,30,25,40
48907,6,Eric Crippen,1178.0,"6' 2""",20,20,20,80,70,65,60,50,50,60
50212,6,Rafael Peralta,1177.0,"6' 2""",20,20,20,70,55,70,55,35,55,65
52467,7,Jeremy Winters,1172.2,"6' 2""",20,20,20,45,45,55,20,55,50,65
49145,8,Adam Flower,1167.1,"6' 3""",20,20,20,55,40,45,20,70,40,65
44849,8,Luis de Jesus,1165.2,"6' 0""",20,25,20,45,35,35,20,70,55,55
52127,5,Alex Pacheco,1165.0,"6' 1""",20,20,20,65,65,75,55,55,50,65
52379,6,Jonathan Skinner,1165.0,"6' 4""",20,20,20,85,70,70,65,45,45,65
47179,6,Pat Hagen,1163.0,"6' 4""",25,25,25,70,70,70,60,50,55,65
50957,6,Jarod Jeffries,1157.2,"6' 2""",20,25,20,60,70,65,65,50,55,50
38380,8,Xin-fang Xú,1156.0,"6' 4""",20,20,20,55,45,45,45,65,70,65
50909,3,Kurt Dunwell,1141.0,"6' 3""",20,20,20,50,50,45,45,45,55,40
50823,9,Jody Ball,1140.1,"6' 3""",20,20,20,40,30,40,20,65,55,65
42372,7,Raul Ortega,1132.0,"6' 2""",20,20,20,35,30,30,30,70,60,40
49110,8,Garrett Baker,1131.0,"6' 2""",20,20,20,50,35,45,40,70,60,70
51076,5,Ruben Jimenez,1128.0,"6' 3""",20,20,20,65,60,60,60,50,45,55
50064,3,Alex Barrera,1127.2,"6' 3""",20,20,20,45,40,30,35,30,35,30
48650,8,Guido Pessotto,1126.0,"6' 1""",25,25,20,55,40,60,40,70,50,75
35762,3,Edgar Nunez,1123.1,"6' 4""",20,20,20,45,45,50,20,40,45,65
52590,6,Jeff Redpath,1122.0,"6' 4""",20,20,20,75,75,80,75,60,60,65
50275,2,Marco Mendez,1116.2,"6' 4""",55,60,55,35,30,45,25,35,20,45
39623,2,Bobby Kerney,1116.1,"6' 4""",75,75,55,30,40,35,40,30,30,30
38545,7,T.J. Lee,1114.2,"6' 7""",20,20,20,30,30,50,25,55,50,65
52535,6,Matt Skupien,1111.1,"6' 2""",20,25,20,70,55,55,65,50,50,55
47420,2,Chris Moody,1108.2,"6' 0""",55,60,80,25,35,70,30,35,30,70
50525,2,Benito Orozco,1106.0,"6' 1""",80,65,45,30,40,35,25,20,25,30
44309,2,Hector Pecina,1103.0,"6' 0""",70,80,45,25,40,25,25,20,25,25
36241,2,Angelo Mangual,1099.2,"6' 0""",50,50,75,30,30,55,25,25,25,60
47755,6,Ian Rodencal,1099.2,"6' 1""",20,20,20,70,80,60,80,55,60,45
38455,7,Tyler Morrison,1098.2,"6' 6""",20,20,20,65,55,25,55,60,60,45
50881,2,Matt DeVoto,1097.2,"6' 6""",65,65,55,30,40,35,25,40,45,35
53551,2,Carlos Morales,1094.1,"6' 0""",70,70,55,35,30,40,25,35,35,45
35281,2,Wei-hong Gan,1093.2,"6' 6""",65,60,45,25,25,30,25,30,25,30
47305,2,Steve Fuller,1091.0,"6' 6""",65,70,45,40,35,30,25,20,45,35
52522,2,Chris McFadden,1079.2,"6' 0""",65,60,50,30,35,45,20,30,40,45
21799,4,Alfredo Morandi,1075.1,"6' 4""",20,20,20,55,60,35,55,55,55,30
52555,9,Matt Hogan,1072.2,"6' 2""",20,20,20,40,35,40,30,65,55,50
48602,2,Willie Pena,1072.2,"6' 2""",70,65,45,30,35,30,25,30,40,30
46286,2,Justin Strasbaugh,1070.0,"6' 0""",45,45,40,25,35,40,25,45,55,50
52480,6,Luke Christensen,1068.1,"6' 2""",20,20,20,70,65,70,70,40,45,65
51585,5,Steve Rerucha,1067.1,"6' 3""",20,20,20,55,45,70,55,50,50,75
53029,8,Ryan Adcock,1063.1,"6' 1""",20,20,20,40,30,40,20,50,40,50
49107,8,Jeremy Bell,1060.2,"6' 2""",20,20,20,50,40,40,45,65,60,65
52541,9,Coby Houghton,1059.1,"6' 0""",20,20,20,30,20,55,20,55,50,80
52451,6,Jared Rettler,1057.2,"6' 2""",20,25,20,65,70,65,70,45,45,65
51316,5,Brian Roberti,1053.1,"6' 1""",20,20,20,55,55,55,55,50,50,50
52503,4,Josh Behrens,1049.2,"6' 4""",20,20,20,50,50,40,65,45,60,30
35568,3,Vinny Rosa,1049.2,"6' 1""",20,20,20,50,50,30,55,45,50,50
50200,6,Ewan Titterington,1049.1,"6' 2""",20,20,20,70,80,70,65,45,55,75
46424,7,Ryan Cummings,1046.0,"6' 5""",20,20,20,25,25,30,20,55,75,60
48370,4,Ricky Rubio,1046.0,"6' 2""",20,20,20,60,55,40,50,35,40,30
49295,8,Nick Bergstrom,1041.2,"6' 0""",20,20,20,45,30,30,20,80,55,60
34574,7,Ivan Galvan,1038.1,"6' 0""",20,20,20,50,50,40,20,60,60,60
39791,8,Mark Roberts,1038.0,"6' 3""",20,20,20,50,40,60,20,65,55,75
50707,7,Shane Serrato,1037.0,"6' 0""",25,25,20,45,40,50,40,55,65,65
52085,2,Jonathan Lugo,1031.1,"6' 1""",70,60,50,40,30,35,25,30,25,35
49019,2,Aaron Jordan,1025.2,"6' 0""",55,55,60,30,35,35,25,25,25,30
49871,3,Ray Stevens,1025.0,"6' 4""",20,20,20,30,30,35,20,30,25,30
45833,7,Orlando Ortiz,1024.2,"6' 1""",20,20,20,50,40,35,20,65,55,60
52269,6,Teruyuki Yoshimoto,1015.2,"6' 4""",20,20,20,70,75,80,80,30,55,70
51070,5,James Perry,1014.1,"6' 1""",20,20,20,50,55,65,35,30,40,50
50542,2,Bryan Saltzgiver,1008.2,"6' 3""",60,55,55,35,30,40,20,35,25,40
50550,8,Jason Spann,1005.1,"6' 1""",20,20,20,50,35,35,40,70,45,50
51049,9,Rusty Garbarino,1004.2,"6' 4""",20,25,20,45,40,40,45,65,60,60
30300,8,Josh Feldman,1001.0,"6' 2""",20,20,20,55,50,65,50,65,60,80
50178,9,Ruben Filiano,1001.1,"6' 1""",25,20,25,55,45,40,50,65,70,60
50583,3,Pat Bernstein,1000.2,"6' 8""",20,20,20,35,35,50,25,45,55,60
21295,4,Gus Garcia,996.1,"6' 5""",20,20,20,60,65,65,50,35,50,55
50780,5,Pat Singer,996.1,"6' 1""",20,20,20,45,40,45,45,65,60,60
24790,3,Jeff Taylor,993.1,"5' 9""",20,20,20,45,55,60,35,50,60,60
50973,9,Alan Marsalek,993.1,"6' 2""",20,20,20,25,30,45,20,65,60,65
44681,6,Emilio Medina,993.0,"6' 4""",20,20,20,70,60,60,60,55,55,55
31902,6,Roger Platt,992.1,"6' 4""",20,20,20,65,80,65,75,25,45,55
50814,2,John Drone,981.2,"6' 5""",75,75,50,35,35,35,35,35,45,35
50673,4,Sam Easter,978.0,"6' 4""",20,25,20,45,50,55,60,35,55,45
51250,6,Tim Bruno,970.0,"6' 4""",20,20,20,75,45,60,60,55,45,55
47608,8,Nolan Lee,960.1,"6' 0""",20,20,20,30,40,55,25,65,65,75
52452,6,Natanael Ferreira,959.0,"6' 2""",25,25,30,75,50,70,35,35,45,55
51025,5,Justin Markum,949.0,"6' 2""",20,25,20,55,60,65,45,45,40,50
52686,4,Mike Banville,943.2,"6' 2""",20,20,20,60,55,70,65,20,60,65
49038,9,Ryan Johnson,942.0,"6' 2""",20,20,20,35,30,35,25,50,50,50
46040,5,Victor Hernandez,941.0,"6' 2""",20,20,20,65,60,55,65,45,50,45
21697,3,Orlando Ramirez,939.1,"6' 3""",20,20,20,30,35,25,25,25,30,25
37736,3,Mike Cabral,938.0,"6' 4""",20,20,20,40,50,45,60,20,40,30
52653,9,Dusty Wilson,937.2,"6' 1""",20,20,20,65,55,65,65,55,50,70
49217,3,Ugo Ciai,936.0,"6' 1""",20,20,20,55,40,45,20,60,50,65
51940,7,Angel Moya,935.2,"6' 3""",20,20,20,50,40,30,20,60,50,45
47878,7,Edison Sandwell,934.2,"6' 3""",20,20,20,40,30,30,20,65,50,50
47893,6,Chris Duff,934.1,"6' 2""",20,20,20,50,50,65,45,40,30,60
42108,7,Lorenzo Miranda,934.2,"6' 4""",20,20,20,50,40,35,20,55,45,55
47737,7,Erik Mason,931.1,"6' 5""",20,20,20,45,35,25,35,70,65,50
50235,3,Sérgio Simard,921.1,"6' 3""",20,20,20,60,60,45,50,50,70,65
49219,5,Rich Younginer,919.0,"6' 2""",20,20,20,65,55,65,45,40,45,70
44709,8,Marciano Ruelas,916.1,"6' 2""",20,20,20,40,30,35,20,70,55,55
48515,5,Gilberto Tapia,913.1,"6' 1""",20,20,20,60,55,70,45,60,50,70
44830,2,Ruben Alvarado,911.0,"6' 1""",60,60,60,35,35,40,25,35,45,50
44796,9,Carlos Zarate,905.0,"6' 2""",20,20,20,25,25,50,20,60,35,80
52819,8,Brad Ridenour,902.0,"6' 5""",20,20,20,40,30,35,30,70,60,55
48378,4,Montes Gomez,902.0,"6' 5""",20,20,20,60,65,65,65,40,55,55
52052,7,Jorge Ochoa,895.2,"6' 3""",20,20,20,50,40,40,20,65,50,60
44699,2,Leandro Gregrio,885.2,"6' 0""",60,55,70,30,40,55,20,30,40,60
50805,6,Erik White,882.1,"6' 2""",20,20,25,65,70,65,65,45,50,60
47154,2,J.P. Ogden,873.2,"6' 3""",80,70,50,25,30,35,25,25,25,35
52294,6,Chance Dillon,873.1,"6' 4""",25,20,20,70,65,65,60,50,50,70
50281,7,Juan Cueto,869.2,"6' 3""",20,20,20,40,40,20,35,40,55,35
46628,5,Troy Johnson,860.1,"6' 1""",20,20,25,55,55,55,55,40,55,40
53678,9,Gabriel Portillo,856.2,"6' 4""",20,20,20,50,45,45,45,65,55,70
51294,6,Jim Proffitt,855.1,"6' 0""",20,20,20,70,60,55,60,35,45,55
24353,3,Eddie Aguillon,854.2,"6' 2""",20,20,20,60,45,35,50,35,30,25
53849,7,Alex Correa,853.0,"5' 10""",20,20,20,50,40,35,45,70,60,55
54515,2,Greg Ramos,852.2,"5' 10""",60,60,55,35,35,50,25,30,35,45
50588,2,Craig Williams,851.1,"6' 0""",65,65,60,25,25,50,25,40,25,50
52678,6,John Daube,847.0,"6' 2""",20,20,20,50,50,65,35,40,35,55
33222,9,Orlando Gonzales,846.2,"6' 4""",20,20,20,25,25,50,20,45,45,75
49148,8,Ricky Olivares,842.0,"6' 4""",20,20,20,55,40,35,40,70,50,50
52145,6,Luis Herrera,841.2,"5' 10""",20,20,20,70,70,75,75,70,65,70
48476,8,Juan Ruiz,840.0,"6' 3""",20,20,25,40,30,40,30,70,45,55
51056,8,Eric DeVore,837.0,"6' 1""",20,20,20,45,40,40,40,60,60,60
36269,2,Alex Campos,832.2,"6' 1""",60,65,65,25,25,50,35,20,25,50
52110,6,Juan Villarreal,829.2,"6' 5""",20,20,20,70,75,65,65,50,60,65
47106,8,Matt Eastwood,827.0,"6' 2""",20,20,20,60,50,35,55,75,60,55
52280,9,Paul Richie,827.2,"6' 4""",20,20,20,55,55,50,50,65,60,65
21548,9,Cesar Rivera,819.2,"6' 0""",20,20,20,25,25,30,20,55,60,60
52276,2,Omar Miller,819.0,"6' 1""",65,65,55,30,30,30,40,30,25,35
47779,5,Mike Bridges,809.1,"6' 1""",20,20,20,45,50,65,40,20,55,60
24334,3,Esteban Guzman,806.0,"6' 3""",20,20,20,50,50,55,45,45,45,50
48693,5,Jose Alarcon,806.2,"6' 0""",25,25,25,65,55,70,45,55,55,60
50947,4,Mike Acosta,805.2,"6' 0""",20,20,20,60,65,55,55,20,45,35
52507,8,Soroku Yamaguchi,804.1,"6' 2""",20,20,25,50,40,40,30,60,55,55
47137,5,Beau Walters,804.1,"6' 1""",20,20,20,60,55,60,60,40,50,55
46505,4,Dan Downey,802.0,"6' 4""",20,20,20,55,65,50,50,35,40,35
22427,4,Alex Castaneda,792.1,"6' 0""",20,20,20,50,60,55,60,45,45,50
47654,8,Joe Bittar,791.0,"6' 3""",20,20,20,70,50,55,65,60,50,55
50256,3,Rafael Lozano,787.1,"6' 9""",20,20,20,45,45,40,25,25,35,40
52448,6,Dustin Williams,785.0,"6' 0""",20,20,25,65,80,65,65,45,45,70
46866,8,Steve Bennett,781.1,"6' 2""",20,20,20,55,35,35,20,70,55,55
50227,9,Moises Loza,780.1,"6' 0""",25,20,20,40,35,30,35,60,60,55
46059,4,Ernie Takats,778.1,"6' 0""",20,20,20,65,60,65,60,25,50,60
52445,7,Chance Robinson,778.1,"6' 1""",20,20,20,35,30,40,25,50,55,50
50974,7,Jayden St. Hill,774.0,"6' 2""",20,20,20,40,40,30,40,60,60,50
52464,7,Jonathan Colby,773.2,"6' 0""",20,25,20,25,35,40,20,50,60,50
28524,2,Ken Meredith,773.1,"6' 0""",65,60,55,25,30,50,25,25,40,55
30641,2,Dave Rhoads,773.1,"6' 1""",70,70,40,20,30,25,25,25,55,25
38073,6,Mike Bunn,761.1,"6' 4""",20,20,25,65,65,80,75,45,50,75
53794,5,Carlos Sedano,757.0,"6' 2""",20,20,20,65,60,65,60,25,60,60
50908,3,Stéphane Bouet,756.1,"6' 4""",20,20,20,45,60,45,65,30,65,25
48796,7,Nick Fisher,750.1,"5' 11""",20,20,25,55,45,50,45,60,50,70
47413,5,Marty McIver,745.2,"6' 3""",20,20,20,65,55,65,55,50,45,55
50927,8,Jared Ledbetter,744.0,"6' 2""",20,20,20,50,45,40,45,65,75,65
53049,6,Matt Jabs,743.0,"6' 2""",25,20,20,75,55,60,60,55,55,65
35875,9,Efrain Vasquez,741.2,"6' 2""",20,20,20,25,25,50,25,60,50,65
52608,8,Jonathan Gayle,740.0,"6' 0""",20,20,20,40,40,40,20,60,65,55
24546,2,Jason Drago,738.0,"6' 5""",65,65,35,40,35,25,20,35,45,30
44772,4,Carlos Ursua,729.1,"6' 1""",20,20,20,70,55,60,60,60,55,65
44765,8,Manny Mosqueda,727.1,"6' 3""",20,20,20,55,40,40,20,70,50,65
50190,2,Jose Rodriguez,726.1,"6' 6""",70,70,40,30,40,35,30,20,25,30
23282,6,Jeremy Massena,725.1,"6' 0""",20,20,20,70,75,65,80,45,50,55
51936,2,Francisco Pena,724.1,"6' 4""",45,60,55,25,25,30,25,30,30,45
52050,4,Jonathan Urrutia,722.0,"6' 0""",20,20,20,50,50,40,50,35,50,40
50968,4,Tim Zingale,722.1,"6' 2""",20,20,20,70,60,65,60,55,40,50
21327,3,Luis Batista,717.2,"6' 1""",20,20,20,45,60,35,55,40,55,30
46444,7,Danny Romero,714.1,"6' 0""",20,20,25,40,35,35,20,55,60,55
51299,2,Bryan Winford,713.2,"6' 0""",55,55,50,40,40,45,40,40,35,35
51107,6,Travis Fritts,704.0,"6' 4""",20,20,20,65,65,55,75,35,55,50
50999,9,Casey Clapp,701.2,"6' 0""",20,20,20,45,35,45,20,50,65,75
51419,4,Herb Gess,701.2,"6' 1""",20,20,20,50,50,40,55,45,55,30
47405,7,Nick Williams,698.0,"6' 1""",20,20,20,65,50,30,50,60,50,45
52427,7,Sean Powell,696.0,"6' 0""",20,20,25,50,40,35,40,50,50,60
50206,4,Octavio Cabrera,689.1,"6' 1""",20,20,20,65,60,65,60,50,55,65
50941,8,Tom Sams,680.1,"6' 0""",20,20,20,55,45,35,20,75,65,55
50183,6,Robby Almaguer,670.2,"6' 2""",20,20,20,65,60,75,75,50,45,60
56870,2,Sean Aultman,670.1,"6' 0""",50,55,60,35,35,55,30,40,45,60
55202,7,Bryan Knick,669.1,"6' 4""",20,20,20,45,35,35,40,65,45,50
52303,2,Manny Pagan,667.1,"6' 0""",60,65,65,25,25,50,25,25,30,50
52391,5,Sean Bruce,667.0,"6' 3""",20,20,20,35,35,55,30,60,40,60
51077,6,Mark McDermott,665.2,"6' 1""",20,20,20,65,60,65,65,50,50,55
36111,5,Danny Espinoza,660.1,"6' 4""",20,20,20,60,60,65,60,25,40,60
30310,6,Craig McAllister,658.2,"6' 1""",20,20,20,50,60,60,55,50,45,55
50277,4,Tony Pina,654.2,"6' 5""",20,20,20,65,65,55,70,35,50,50
54837,5,Miguel Davila,649.0,"6' 1""",20,20,20,45,40,65,35,35,55,65
24203,3,Rich Solis,632.0,"6' 3""",20,20,20,40,45,30,25,25,25,25
22514,8,Tyler Sontag,622.2,"6' 0""",20,25,25,45,40,30,40,65,55,55
46932,7,Quincy Muse,616.1,"6' 2""",20,20,20,60,45,30,45,65,55,45
50661,5,Roland Little,614.0,"6' 3""",20,20,20,55,45,70,40,35,55,55
50697,2,Carlos Jimenez,612.0,"6' 7""",60,55,70,30,30,60,25,25,40,60
52100,2,Mario Medina,607.2,"6' 0""",65,65,50,30,45,40,25,45,30,40
36291,5,Victor Vaughan,606.1,"6' 4""",30,25,30,45,50,85,40,35,50,75
44797,4,David Mendoza,605.2,"6' 2""",20,20,20,65,45,65,50,45,45,65
31667,7,David Lodovico,604.1,"6' 2""",20,20,20,35,30,55,20,45,50,75
51769,3,Rodrigo Suarez,601.1,"6' 1""",20,20,20,50,45,40,55,50,50,30
22844,2,Brian Jones,600.0,"6' 0""",70,70,55,25,30,45,25,25,40,45
46880,3,Jaden Kemp,588.2,"6' 1""",20,20,20,50,45,75,45,35,40,70
55086,2,Jason Simpson,587.1,"6' 0""",60,60,70,40,40,60,35,25,25,55
47050,9,Jamie Boldin,581.1,"6' 5""",20,20,20,40,30,50,25,65,45,60
50196,8,Luis Ramires,575.0,"6' 0""",20,20,20,45,35,50,40,60,55,65
35593,9,Phil Harris,571.0,"6' 3""",20,20,20,50,45,60,50,55,65,80
52137,2,Manny Medina,566.2,"6' 0""",70,65,60,30,30,50,30,35,50,55
48770,7,Josh Pontarelli,564.1,"6' 0""",20,20,20,55,45,45,20,60,65,65
42331,4,Bert Gonzales,561.0,"6' 0""",20,20,20,75,55,55,50,30,40,50
52084,6,Manny Perez,558.0,"6' 3""",20,20,20,75,65,70,65,45,40,65
48772,9,Jack Banks,551.2,"6' 0""",20,20,20,40,35,35,40,55,60,55
56759,4,Nate Strong,550.2,"6' 0""",20,20,20,60,60,55,65,50,55,50
52230,3,Alex Alcala,550.0,"6' 0""",20,20,20,40,50,30,50,30,30,30
51700,4,Victor Cardo,541.1,"6' 0""",20,20,20,65,50,55,60,55,65,65
47387,5,Sam Edwards,538.1,"5' 11""",20,20,20,50,55,70,35,30,45,65
47344,5,Joey Southerland,535.2,"6' 0""",25,25,25,55,55,75,40,40,50,65
51036,2,Paul Saxby,535.0,"6' 1""",60,70,80,35,30,70,40,25,30,70
52292,4,Sam Ballard,535.1,"6' 4""",20,20,25,65,70,55,50,45,50,40
53394,10,Hector Cabrera,534.2,"6' 8""",20,20,20,35,25,30,30,40,35,40
52557,8,Brent Coltharp,532.2,"6' 3""",20,20,20,50,35,35,40,65,55,55
46472,4,Jason Phelps,527.1,"5' 11""",20,20,20,55,60,40,60,35,60,40
46362,7,Roberto Quijada,525.1,"6' 2""",20,20,20,40,40,30,20,65,65,50
38850,3,Dan Caldeirinha,524.2,"6' 6""",20,20,20,45,35,45,30,30,35,25
47626,8,Teguh Alisjahbana,523.0,"6' 0""",20,20,20,50,45,30,45,65,65,55
51175,3,Tom Bjorklund,522.1,"6' 0""",20,20,20,70,65,60,50,35,55,60
44843,9,Edgar Navarro,521.1,"6' 3""",20,20,20,35,35,35,20,45,45,55
51052,2,Josh Teply,511.1,"6' 2""",75,65,60,30,40,45,20,40,55,45
44310,2,John Beanblossom,508.0,"6' 2""",65,65,40,25,40,35,25,25,40,30
50189,4,Luis Diaz,507.1,"5' 11""",20,20,25,50,60,45,55,45,45,35
56946,3,Willie Torres,506.0,"6' 0""",25,25,25,50,55,55,40,55,55,55
58353,3,Nathan Stienstra,504.0,"6' 2""",20,20,20,45,40,50,35,50,50,55
50282,2,Leonel Valenzuela,503.0,"6' 6""",65,60,40,30,35,35,25,35,35,30
52421,3,Matt Dickey,496.1,"6' 2""",20,20,20,30,55,35,30,35,30,30
48418,8,Jon Ramirez,491.2,"6' 2""",20,20,20,40,25,30,25,75,40,50
52671,4,Adam Lussow,490.1,"5' 10""",20,25,20,55,50,45,55,50,50,35
56298,7,Willie Cornejo,490.0,"6' 3""",20,20,20,35,35,35,20,45,55,40
49024,4,Dustin Scrivner,486.1,"6' 0""",20,20,20,55,55,50,55,35,45,35
24357,9,Bob Vega,485.2,"6' 3""",20,20,20,45,35,55,35,60,50,65
47026,5,Michael Medina,480.0,"6' 3""",20,20,20,70,60,65,60,60,60,60
56760,3,Joe Scott,476.0,"6' 2""",30,25,25,45,45,35,40,45,55,45
47728,8,Phil Dorsey,476.1,"6' 1""",20,20,20,40,30,45,35,80,55,60
50616,5,Ken Schultz,466.2,"6' 0""",20,20,20,40,50,60,55,30,30,40
52908,3,Shozo Takeda,462.1,"6' 2""",20,20,20,60,55,50,50,45,50,35
52112,7,Danny Cortez,460.2,"6' 2""",20,20,20,45,40,50,20,60,50,60
52669,5,Bill Vaughn,451.1,"6' 2""",20,25,20,75,65,70,75,50,50,70
49734,2,Aaron Bailey,449.0,"6' 0""",70,70,40,25,30,30,20,20,25,35
49815,4,Al Cormier,447.1,"6' 0""",20,20,20,60,60,50,60,50,55,50
49209,2,Zack Brown,447.1,"6' 1""",75,70,40,30,30,30,25,30,40,30
47700,5,Luke Ziegler,443.2,"6' 2""",20,20,20,55,45,60,60,50,40,55
49305,4,Scott Schneider,441.2,"6' 2""",20,20,20,65,60,60,65,55,55,50
28824,6,Chris Vanover,440.1,"6' 3""",20,20,20,70,65,65,80,75,60,65
55162,7,Justin Zelaya,439.1,"6' 1""",20,20,20,65,55,60,60,40,60,55
47266,3,Joel Taylor,438.1,"6' 3""",20,20,20,60,50,35,50,40,45,55
58372,9,Brian Buron,434.0,"6' 0""",20,20,20,25,25,40,25,60,55,50
42056,3,Enrique Malaparte,430.2,"6' 2""",20,20,20,45,35,25,25,25,25,25
46911,9,Dave McClure,427.2,"6' 1""",20,20,25,45,40,65,40,60,45,75
50168,6,Hugo de Leon,426.0,"6' 4""",20,20,20,65,60,65,55,55,50,65
51062,2,Steve Leggett,423.2,"6' 4""",75,70,65,30,45,55,25,35,40,50
26457,6,Cameron Mahar,412.2,"6' 4""",20,20,20,60,60,40,55,50,50,30
51212,2,Kevin Allder,412.2,"6' 2""",75,70,45,35,30,35,25,25,35,35
46958,3,Geoff Jenkins,408.2,"6' 8""",20,20,20,50,40,30,30,25,25,30
42606,3,William Gonzales,405.0,"6' 2""",20,20,20,55,45,60,50,45,55,60
44465,4,Ryan Penning,404.0,"6' 0""",20,20,20,65,55,55,50,25,40,55
46813,3,Chris Greco,402.1,"6' 2""",20,20,20,45,45,50,55,40,50,40
49834,8,Alex Lujan,396.2,"6' 5""",20,20,20,45,30,55,35,80,45,65
50603,4,Rich Folks,391.1,"6' 1""",20,25,20,55,65,65,75,45,55,70
52368,4,Jeff Daniels,388.1,"6' 1""",20,20,20,65,65,40,55,45,55,30
55304,2,Josh Williams,388.2,"6' 4""",60,55,55,30,40,45,25,30,30,45
50532,3,Brian Witter,379.0,"6' 0""",20,20,20,55,50,60,40,40,55,50
52798,4,Clint Reynolds,377.0,"6' 2""",20,20,20,75,65,55,60,40,55,50
26905,7,Kevin Aldrich,375.1,"6' 2""",20,20,20,35,40,35,35,45,70,55
48724,9,Andy Weaver,373.1,"6' 2""",20,20,20,55,45,50,20,60,65,70
58365,4,John Syring,371.0,"6' 0""",20,20,20,65,60,65,50,30,35,50
53776,3,Gui-fei Sa,368.0,"6' 9""",20,20,20,35,40,30,20,30,25,40
50262,2,Gerardo Bernal,368.1,"6' 1""",60,60,60,35,40,55,30,25,25,50
29116,5,Matt Roach,365.1,"6' 0""",20,20,20,55,55,65,60,25,50,60
49105,2,Chris Linkous,361.1,"6' 1""",75,80,50,25,35,35,20,40,35,35
52022,7,Melvin Martinez,360.2,"6' 4""",20,20,20,45,35,45,35,65,55,55
54854,7,Victor de la Paz,359.0,"6' 4""",20,20,20,25,20,30,20,50,50,40
61108,7,Chang-weon Hann,358.2,"5' 10""",20,25,20,30,25,30,20,60,55,40
30037,9,Jon Burns,354.2,"6' 2""",20,20,20,25,25,40,20,45,50,55
47904,8,Paul Barnhart,354.2,"6' 2""",20,20,20,50,70,60,50,60,70,55
53736,2,Omar Cruz,352.1,"6' 6""",55,60,50,30,35,40,25,30,40,35
24760,4,Steve Regan,346.2,"6' 4""",20,20,20,55,60,60,70,25,50,55
49334,8,Jim Aguilar,344.1,"6' 5""",20,25,20,55,60,60,55,75,65,65
50218,2,Carlos Deras,344.0,"5' 10""",60,60,60,30,35,55,25,40,20,55
50274,7,Alex Canales,338.1,"6' 3""",20,20,20,45,35,50,35,60,65,65
49328,2,Eddie Maravilla,338.0,"6' 1""",65,65,40,30,25,25,25,25,40,30
48330,2,Victor Castellanos,337.0,"6' 2""",50,50,40,35,30,25,20,45,30,30
46021,7,Mike Owens,337.0,"6' 5""",20,20,20,60,45,45,50,65,50,65
50001,2,Juan Galeas,335.2,"6' 0""",65,65,50,40,30,40,25,25,40,40
54998,5,Gerardo Dominguez,332.0,"6' 2""",20,20,20,50,45,50,45,55,45,45
49034,9,Devin Bouma,332.1,"6' 4""",20,20,20,50,40,40,40,60,70,55
27581,4,Roberto Ceja,332.0,"6' 1""",20,20,20,50,50,40,65,35,40,25
51116,2,Brian Melton,329.2,"6' 1""",65,60,50,30,25,40,25,50,25,45
59931,8,Larry Phillips,328.1,"6' 1""",20,20,20,40,35,40,35,75,65,50
50278,2,Oscar Vazquez,322.0,"6' 0""",55,50,50,35,45,35,25,30,25,40
53284,6,Eric Cimini,321.1,"6' 2""",20,20,20,80,65,60,65,25,55,65
54925,8,Alex de Santos,316.0,"6' 1""",20,20,20,50,35,55,40,55,50,60
42468,4,Emanuele Cirese,316.1,"5' 11""",25,25,25,70,70,50,60,35,55,35
58368,2,Ryan Johnston,315.0,"6' 5""",70,60,65,35,30,50,20,55,45,45
50220,2,Ed Martinez,314.0,"6' 8""",65,65,55,35,30,45,25,30,35,50
29057,9,Pat Branco,307.2,"6' 4""",20,20,25,25,20,40,20,55,60,50
42268,6,Arturo Banda,305.2,"5' 10""",20,20,20,65,60,55,65,40,45,60
50232,7,Danny Altreche,304.1,"6' 5""",20,20,20,40,35,40,30,45,50,60
50867,8,Jeremy Turner,302.2,"6' 2""",20,20,20,40,30,35,20,65,45,55
52572,4,Jose Avila,302.1,"5' 11""",20,20,20,60,50,45,50,50,45,35
48761,8,Fred Heinke,298.1,"6' 0""",20,20,25,45,30,50,35,65,60,70
58366,7,Matt Warchol,294.0,"6' 2""",20,20,20,30,30,35,20,55,45,45
50246,9,Mario Gutierrez,290.0,"6' 0""",20,20,20,45,35,45,40,65,45,60
56879,7,Matt Wilkes,288.0,"6' 0""",20,20,20,30,30,45,25,50,55,60
52079,4,Dan Maez,283.0,"6' 1""",20,20,20,65,50,45,50,55,40,30
53243,6,Jerry Vincent,278.0,"6' 2""",20,25,25,75,65,80,70,50,50,80
51790,5,Noe Pereira,276.2,"5' 11""",20,20,20,60,50,60,25,30,30,55
46706,3,Gary Evans,273.0,"6' 3""",20,20,20,50,45,60,40,35,50,60
44729,3,Edwin Aredondo,273.1,"6' 2""",20,20,20,35,45,35,30,30,35,25
48873,9,Chris Ewald,272.0,"6' 2""",20,20,20,45,45,35,20,55,45,55
51523,9,Scott Brock,268.0,"6' 7""",25,20,20,35,30,50,25,50,50,60
52564,2,Jon Brindisi,265.0,"6' 6""",70,70,50,35,30,40,40,35,45,40
50743,3,Rick Brown,263.1,"6' 5""",25,20,20,35,35,30,30,35,30,40
49776,8,Joe Spears,262.0,"6' 4""",20,20,20,50,35,35,40,70,60,55
52279,6,Chris Caldas,261.0,"6' 2""",20,20,20,75,60,60,60,30,50,55
46674,4,Joey Graham,254.1,"6' 0""",20,20,20,60,65,50,65,55,60,40
49955,4,Daniel Vasquez,254.2,"6' 0""",20,20,20,65,50,55,60,45,50,50
52657,9,Tony Martinez,237.1,"6' 1""",20,20,20,45,40,45,45,60,55,65
50751,2,Marc King,234.0,"6' 4""",65,60,55,40,35,45,25,30,30,45
48762,7,Jimmy Marcus,231.0,"6' 4""",20,20,20,50,35,40,35,65,50,60
35077,5,Fergus Anderson,225.2,"6' 1""",20,20,20,55,50,60,55,45,50,60
51590,3,Mario Amalla,224.0,"6' 3""",25,25,25,45,50,55,35,35,40,55
55826,10,David Carranza,224.2,"6' 4""",20,20,20,30,30,40,20,45,40,35
52023,3,Edgar Medina,216.2,"5' 11""",20,20,20,50,50,45,55,45,40,35
48988,9,Don Koch,214.1,"5' 11""",20,25,20,30,25,45,20,40,50,60
50819,9,John Rios,209.2,"6' 0""",20,20,20,45,40,40,20,65,70,65
45843,5,Juan Albarran,207.1,"6' 7""",20,20,20,55,55,75,45,50,45,65
52004,4,Ramon Colocho,202.1,"6' 2""",20,20,20,50,60,45,35,35,55,30
35370,7,Alex Navarro,201.0,"6' 1""",20,20,20,50,40,25,20,60,55,45
51342,7,Ron Dotson,201.0,"6' 4""",20,20,20,50,45,40,20,60,60,65
54160,4,Ramiro Quintanilla,200.1,"6' 2""",20,20,20,70,65,50,50,45,45,45
52321,6,Josh Holden,195.1,"6' 0""",20,20,20,70,70,60,60,50,50,55
52727,3,Erik Moore,189.1,"6' 4""",20,20,20,55,55,40,55,35,45,25
52340,2,Jeremy Weir,189.0,"6' 2""",65,60,45,35,30,40,25,20,55,35
58413,5,Harvey Stoppard,189.0,"5' 11""",25,20,20,45,45,60,40,50,55,55
48402,3,Ricardo Rubio,187.0,"6' 3""",20,20,20,35,35,40,40,25,30,35
47888,5,Ben Mishoe,179.1,"6' 1""",20,25,20,60,70,65,55,55,45,55
50984,3,Bob Wolfe,170.1,"6' 3""",20,20,20,40,40,70,35,40,55,70
49224,9,Geoff Hedrick,170.0,"6' 4""",20,20,20,45,35,40,40,70,55,55
52074,7,Jaime Guzman,167.0,"6' 2""",25,20,20,35,30,50,25,60,55,55
45961,6,Chris Davis,165.1,"6' 0""",20,20,20,65,45,50,50,50,65,45
47772,8,Randy Talley,160.2,"6' 0""",20,25,20,45,35,35,40,65,50,50
34079,10,Jayden Trotter,158.0,"6' 4""",20,20,20,45,45,25,30,45,25,25
55176,2,Austin Gillette,157.0,"6' 3""",50,50,50,30,35,35,25,40,25,40
52468,4,Jay Lotts,155.0,"6' 3""",20,20,20,70,45,45,70,35,35,50
52491,2,Pat Huckins,155.0,"5' 10""",55,55,70,25,35,55,25,30,25,55
51167,7,Angel Ortiz,155.1,"6' 0""",20,20,20,50,45,45,50,60,70,55
29318,9,Darren Tabak,151.0,"6' 2""",20,20,20,25,35,55,25,45,50,70
56362,4,Santiago Nuno,150.1,"6' 1""",20,20,20,55,45,40,50,45,40,40
50595,2,Ryan Siegel,147.0,"6' 3""",65,60,55,25,30,40,25,25,45,40
42347,5,Elias Torres,146.0,"5' 11""",20,20,20,55,45,65,50,45,45,65
56907,2,Jose Cabrera,146.0,"6' 4""",60,60,55,35,35,55,45,45,45,50
27076,9,Ryan Emerson,143.2,"6' 1""",20,20,20,25,30,50,20,45,55,75
46746,3,Daniel Freymiller,142.0,"6' 4""",20,20,20,50,40,30,30,35,30,35
29103,7,John Hewett,140.0,"6' 2""",20,20,20,25,25,40,20,55,50,60
54685,3,Estevan Hinojosa,140.1,"6' 6""",20,20,20,35,35,40,25,40,40,30
25277,5,Eddie Reyes,140.1,"6' 5""",20,20,20,45,45,65,40,35,40,55
50284,4,Alex Escobar,132.0,"6' 4""",20,20,20,65,55,45,60,55,45,35
47379,6,Willie Urbano,130.0,"6' 1""",20,20,20,60,70,60,75,45,55,55
50731,5,Josh Crosby,126.0,"6' 0""",20,20,20,55,45,75,35,35,30,55
42083,3,Edgar Castillo,124.0,"5' 10""",20,20,20,50,45,45,45,35,45,35
33260,4,Jimmy Ingram,123.0,"6' 2""",20,20,20,55,70,45,60,30,50,30
50546,3,Dan Weglarz,119.1,"6' 2""",20,20,25,35,40,35,25,35,25,30
50959,2,Caleb Wilkinson,117.0,"6' 7""",60,55,55,40,40,35,40,30,40,45
52030,4,Joaquin Santiago,116.1,"6' 2""",25,20,25,50,50,60,50,35,50,60
50067,2,Jorge Dorado,115.0,"5' 11""",60,60,70,30,35,55,25,30,30,60
52895,2,Kevin Carrier,115.0,"6' 0""",65,60,65,35,45,55,25,30,25,65
47647,7,Rich Moore,111.2,"6' 2""",20,20,20,25,25,55,25,60,40,70
50216,7,Rick Ibarra,110.0,"6' 2""",20,20,20,40,25,45,40,70,45,45
53020,2,Chuck Lear,106.0,"6' 6""",55,55,45,35,35,45,25,30,35,45
52748,6,Minh-Duc Huynh,106.0,"6' 4""",20,20,20,75,75,70,75,60,45,60
53698,4,Lazaro Gamboa,105.0,"6' 0""",20,20,20,60,50,65,60,35,50,65
52357,9,John Rothering,100.0,"6' 4""",20,20,20,30,35,40,20,55,45,60
53423,3,Ricardo Merchan,99.2,"6' 3""",20,20,20,45,50,35,35,40,35,45
46930,7,Ruben Penedo,98.1,"6' 0""",20,20,20,55,50,60,60,45,55,60
51639,5,Jeremy Shamblin,96.2,"6' 2""",20,20,20,65,55,65,55,60,45,65
48771,7,Joe Horton,96.0,"6' 2""",20,25,20,50,30,50,35,70,50,70
36112,3,Luis Sanchez,96.0,"6' 2""",20,20,20,50,45,30,45,45,60,40
53810,5,Henry Salinas,94.2,"5' 10""",20,20,20,55,45,60,35,30,50,55
49802,8,Brad James,94.1,"6' 4""",20,20,20,65,45,35,20,70,50,45
51690,3,Bill Hunter,94.1,"6' 5""",20,20,20,35,35,30,30,50,40,45
51559,4,Jesus Galaviz,93.0,"6' 2""",20,20,20,60,50,40,60,55,50,30
51318,9,Brad Ferdman,91.1,"6' 0""",20,20,20,25,25,40,20,50,50,60
47691,4,Steve Botts,88.0,"6' 2""",20,20,20,60,60,50,50,60,60,40
44694,4,Bobby Zarate,84.0,"6' 0""",20,20,20,75,60,55,55,55,40,50
26374,3,Barry Bryant,84.2,"6' 5""",20,20,20,40,45,45,25,40,25,30
56396,9,Roberto Orozco,81.0,"6' 0""",20,20,20,40,45,60,20,65,70,60
52429,2,Dylon MacDonald,81.0,"6' 2""",70,65,60,30,25,45,25,35,30,50
58051,9,Franklin Maestas,80.0,"6' 0""",20,20,20,50,55,55,20,45,50,80
49893,6,Sean Canan,77.2,"6' 0""",20,20,20,65,60,55,60,30,40,60
56732,2,Scott Boyar,76.0,"5' 11""",60,55,35,35,30,50,35,65,60,60
35576,7,Melvin Munoz,74.0,"6' 2""",20,20,20,45,55,25,55,50,55,45
46276,5,Andy Greeley,70.2,"6' 0""",20,20,20,55,40,70,35,45,60,60
54049,7,Kevin Lewman,70.2,"6' 1""",20,20,20,50,45,45,20,60,55,55
22338,4,Daniel Gamboa,69.0,"6' 4""",20,20,20,45,45,65,55,25,50,55
51998,10,Alejandro Serrato,69.1,"6' 1""",25,25,30,45,45,60,40,40,35,35
56403,3,Alex Espino,64.0,"6' 2""",20,20,20,50,45,50,35,45,45,50
50963,7,Caleb Risner,62.0,"6' 2""",20,20,20,30,30,20,25,50,70,35
24170,4,Jose de Haro,61.2,"6' 0""",20,20,20,35,45,40,55,20,50,25
51619,4,Omari Jacques,61.0,"6' 3""",20,20,20,60,55,45,55,50,50,40
47788,2,Justin Andrews,61.0,"6' 0""",50,45,50,30,35,35,25,30,30,40
58374,8,Malcolm Wilson,60.0,"6' 0""",25,25,30,60,60,50,20,60,55,40
46595,5,Eddie Couch,57.2,"6' 1""",20,20,20,60,55,60,45,40,55,60
50242,9,Danny Diaz,52.0,"6' 4""",20,20,20,40,45,45,40,50,50,55
46037,4,Vic Entz,51.2,"6' 1""",20,20,20,55,45,40,45,55,60,50
21686,3,Jordan Sanchez,51.0,"6' 8""",20,20,20,30,45,35,35,30,25,25
50711,4,Tom Levie,48.2,"6' 1""",20,20,20,50,55,55,65,50,55,45
37934,6,John Leachman,48.2,"6' 0""",20,20,20,65,75,80,75,25,40,65
50237,4,Victor Villalobos,47.0,"6' 0""",20,20,20,55,45,40,55,35,45,30
46978,4,Mel Ortiz,47.1,"6' 0""",20,20,20,65,65,50,55,60,60,40
52891,4,Stanford Tiller,46.1,"6' 1""",20,20,20,75,60,65,65,35,50,60
47667,3,Carlos Pinto,46.2,"6' 4""",20,20,20,35,40,35,30,35,25,40
47445,4,Jeremy Webb,45.0,"6' 2""",20,20,20,70,50,65,55,50,50,60
50783,9,Josh Carrillo,38.1,"6' 4""",20,20,20,35,45,45,20,65,60,65
49639,8,Corey Hayward,38.0,"6' 1""",20,20,20,50,35,35,20,60,50,45
50406,9,Tyler Judd,34.0,"6' 2""",20,20,20,30,30,45,20,50,35,60
50914,3,Greg Williams,34.0,"6' 2""",20,20,20,45,45,45,55,30,50,30
61111,7,Goushi Kameda,31.1,"6' 0""",20,20,20,45,40,40,20,45,60,50
50777,8,Tyler Pellechio,29.0,"6' 2""",20,20,20,50,40,55,20,70,55,70
53374,8,Gijsbert Cuypers,28.1,"6' 0""",20,20,20,55,40,60,45,65,50,75
46877,5,Sean Brier,27.2,"6' 0""",20,20,20,45,55,75,50,45,55,65
39593,5,Jose Garcia,27.0,"6' 2""",25,25,25,45,45,60,40,35,35,45
51263,9,Matt Burland,27.2,"6' 6""",20,20,20,55,30,50,45,50,50,60
48587,10,Gustavo Vazquez,26.0,"6' 0""",20,20,20,30,35,40,25,35,30,30
50895,7,Juan Ortega,25.2,"6' 2""",20,20,20,55,45,30,20,55,60,50
47770,3,Jon Cooney,24.0,"6' 1""",20,20,20,45,35,35,30,40,30,25
34450,7,Mike Alessandro,24.0,"6' 4""",20,20,20,25,25,45,25,50,55,60
51091,6,Kurt Melvin,23.0,"6' 2""",20,20,25,65,55,65,65,60,55,75
50565,3,Bryan Balasko,21.0,"6' 7""",55,35,35,35,45,50,25,30,60,50
49712,2,Nick Fallin,21.0,"6' 5""",65,55,60,35,35,35,25,30,30,35
27731,6,Kevin Sandifer,20.0,"6' 3""",20,20,20,70,65,75,65,35,35,65
49023,2,Shawn Burt,19.1,"6' 2""",55,55,45,40,35,35,25,25,45,35
56996,2,Terry Dillon,18.0,"6' 0""",50,50,65,35,25,60,20,50,50,60
28533,3,Justin Hawkins,18.0,"6' 2""",20,20,20,40,30,30,35,40,25,30
56762,8,Ricardo Villanueva,18.0,"6' 0""",20,20,20,35,35,45,20,65,55,50
53686,2,Edgar Braga,17.0,"6' 0""",60,60,55,30,30,45,25,35,25,45
54947,8,Elias Barragan,15.1,"6' 2""",20,20,20,65,50,30,20,60,45,45
48887,8,Dustin Brown,14.1,"6' 3""",20,20,20,25,50,50,25,70,65,50
51265,6,Simon Britton,14.0,"6' 2""",20,20,20,65,55,65,55,25,50,70
49102,7,Ian Borde,14.0,"6' 3""",20,20,20,30,25,40,25,45,50,60
53816,7,Ruben Leon,13.0,"6' 2""",20,20,20,50,40,50,20,60,45,65
47698,8,Chris Scott,11.0,"6' 0""",20,20,20,50,35,40,35,75,60,60
55080,5,Ray Longworth,10.2,"6' 4""",20,20,20,50,40,40,60,35,30,25
44385,3,Will Hamilton,9.0,"6' 0""",20,20,20,40,40,40,25,20,25,35
41945,4,Antonio Vento,9.0,"6' 0""",20,20,20,50,50,50,45,40,45,45
50478,7,Cesar Bartfield,8.0,"6' 4""",20,20,20,25,20,35,20,50,55,65
51330,9,Dave Elizondo,8.0,"6' 0""",20,20,20,45,50,45,50,50,50,60
49633,3,Nate Roszkowski,8.0,"6' 4""",20,20,20,35,30,50,30,40,45,60
55238,4,Chris Bond,6.0,"5' 11""",20,20,20,50,55,40,60,45,45,30
46363,8,David Maynard,5.1,"6' 4""",20,20,20,50,40,40,20,65,55,60
52031,6,Antonio Hernandez,4.0,"6' 2""",20,20,25,60,55,60,55,50,45,50
27720,3,Israel Medina,4.0,"6' 6""",20,20,20,30,30,35,25,30,60,55
52905,6,Antonio Figueroa,3.0,"6' 1""",20,20,20,65,70,60,60,45,50,55
51019,6,Jim Zellers,3.0,"6' 1""",20,20,20,60,55,70,65,50,60,75
44824,8,Nicoláo Carregueiro,2.0,"6' 1""",20,20,20,45,35,35,20,60,50,50
52081,4,Ismael Alanis,2.0,"6' 4""",20,20,20,40,50,50,55,40,50,40
52825,8,Mario Zamora,1.0,"6' 0""",20,20,20,35,30,55,35,60,35,55
54503,3,Mel Flores,1.0,"6' 3""",20,20,20,35,35,30,25,35,40,35
58375,6,Isaiah Spence,1.0,"6' 2""",20,25,20,65,60,55,60,55,50,50
44648,3,Victor Proano,0.0,"6' 2""",20,20,25,30,30,55,20,45,55,65
50943,3,Antonio Luna,0.0,"6' 8""",20,20,20,40,30,35,25,25,30,25
46980,9,John Stuckey,0.0,"6' 2""",20,20,20,25,20,50,20,45,40,65
