Player List,,,,,,,,,,,,,,,,,,,,,,,,,
ID,Name,ORG,G,GS,PA,AB,H,1B,2B,3B,HR,RBI,R,BB,IBB,HP,SH,SF,CI,SO,GIDP,PI/PA,SB,CS,UBR
55826,David Carranza,Miami Marlins,161,160,706,599,152,94,40,1,17,70,79,95,2,8,0,4,0,143,10,4.186968838526912,1,1,-3.2698
30037,Jon Burns,Colorado Rockies,161,158,703,590,130,78,15,1,36,86,94,89,3,16,1,7,0,177,13,4.075391180654338,4,2,2.3747
49053,Steve Aaker,Pittsburgh Pirates,153,149,700,634,177,110,46,5,16,76,110,53,0,9,0,4,0,108,10,3.87,70,10,3.6775
48587,Gustavo Vazquez,Boston Red Sox,162,162,698,607,155,98,29,1,27,84,85,66,4,21,0,4,0,148,21,3.9097421203438394,1,1,-1.1558
54837,Miguel Davila,Los Angeles (N) Dodgers,156,155,691,608,186,108,50,2,26,113,87,70,11,9,0,4,0,89,22,3.8350217076700432,0,0,-9.4535
52421,Matt Dickey,Detroit Tigers,160,160,690,623,150,99,34,1,16,81,66,52,2,12,0,3,0,145,20,3.97536231884058,0,0,-2.9482
44648,Victor Proano,New York (A) Yankees,162,162,686,625,148,67,29,0,52,112,92,53,2,6,0,2,0,169,14,3.922740524781341,0,1,-3.5989
50546,Dan Weglarz,Arizona Diamondbacks,162,162,686,636,140,89,25,2,24,91,73,32,1,13,0,5,0,177,16,3.9110787172011663,5,0,1.1792
31186,Alex Lobato,San Francisco Giants,156,156,684,605,168,97,56,6,9,65,83,65,1,6,3,5,0,104,16,3.9239766081871346,18,7,0.1634
56946,Willie Torres,Los Angeles (A) Angels,160,157,683,595,143,95,22,1,25,96,76,73,3,6,0,9,0,120,19,3.992679355783309,5,3,-0.5056
54685,Estevan Hinojosa,Chicago (A) White Sox,159,158,681,616,157,107,26,0,24,68,66,53,9,5,0,7,0,121,14,3.9118942731277535,2,4,-1.3638
54854,Victor de la Paz,Seattle Mariners,160,157,681,586,153,95,29,8,21,90,84,71,5,12,0,12,0,150,11,4.023494860499266,7,5,-3.6541
49795,Pete Pearson,Houston Astros,154,147,679,610,147,105,36,3,3,49,66,58,3,4,3,4,0,140,10,3.917525773195876,21,2,0.8771
46377,Jonathan Sparks,Chicago (A) White Sox,156,148,678,589,144,88,19,5,32,84,104,78,22,9,0,2,0,185,7,4.196165191740413,7,2,2.5012
42056,Enrique Malaparte,Washington Nationals,160,160,674,601,142,80,27,0,35,88,84,51,4,18,0,4,0,163,9,3.9480712166172105,1,0,-2.1036
42173,Cesar Rubio,Oakland Athletics,154,146,674,573,157,96,36,4,21,73,91,92,7,3,0,6,0,121,9,4.161721068249258,18,9,-1.5933
50064,Alex Barrera,Cleveland Guardians,160,153,674,615,171,121,21,0,29,88,94,44,9,9,1,5,0,156,15,3.8679525222551927,10,6,1.7633
50908,Stéphane Bouet,Toronto Blue Jays,156,154,674,592,164,87,32,3,42,118,97,67,12,9,0,6,0,119,17,4.005934718100891,16,4,4.8523
52464,Jonathan Colby,Milwaukee Brewers,158,153,674,568,150,79,39,1,31,103,97,97,17,4,0,5,0,127,10,4.028189910979228,17,4,4.434
55153,Evan Lewis,Miami Marlins,149,147,674,607,166,119,30,4,13,54,82,51,1,11,1,4,0,116,13,3.8664688427299705,10,3,-0.0637
42336,Miguel Huerta,Washington Nationals,147,147,673,631,172,96,38,9,29,83,97,35,5,3,0,4,0,151,9,3.8692421991084696,41,9,1.4902
46980,John Stuckey,Minnesota Twins,149,149,673,601,185,110,43,10,22,91,125,62,2,2,0,7,1,144,10,4.130757800891531,45,3,1.0614
53678,Gabriel Portillo,San Diego Padres,153,150,673,590,161,99,42,2,18,65,90,66,7,12,0,5,0,131,5,3.913818722139673,28,8,-8.0349
48588,Wilson Cardoza,Chicago (N) Cubs,157,155,671,598,143,81,25,1,36,98,84,60,2,5,1,6,1,166,15,4.040238450074516,0,0,-3.5808
49835,Zach Schuhmann,Boston Red Sox,150,149,669,619,205,124,44,0,37,104,95,40,12,6,0,4,0,115,17,3.811659192825112,0,0,-3.1165
56340,David Saldivar,Seattle Mariners,151,147,666,580,172,108,40,2,22,63,97,69,5,12,4,0,1,122,12,4.043543543543543,20,12,1.9109
52322,Ethan Burns,Pittsburgh Pirates,152,145,664,597,188,118,42,5,23,98,90,51,0,6,0,9,1,100,17,4.033132530120482,5,3,-3.1617
48978,Jake Lawson,Texas Rangers,152,148,663,554,131,72,29,1,29,96,107,90,7,14,0,5,0,179,6,4.116138763197586,30,11,3.8325
38216,Matt Shoemaker,Oakland Athletics,154,154,661,587,157,99,38,3,17,82,77,66,8,2,2,4,0,71,16,3.91981845688351,8,2,1.1941
42380,Lorenzo Santi,Minnesota Twins,145,142,661,597,175,105,44,5,21,74,103,53,0,5,1,5,0,100,11,3.930408472012103,32,8,3.2956
46969,Troy Swanson,St. Louis Cardinals,156,156,660,576,136,92,26,0,18,67,67,68,0,13,0,3,0,214,16,4.209090909090909,1,0,-4.9392
46486,Danny Pollard,Milwaukee Brewers,147,145,658,608,159,107,45,2,5,51,78,37,1,8,1,4,0,92,6,3.5866261398176293,30,10,0.3656
52230,Alex Alcala,Tampa Bay Rays,149,146,655,557,173,109,26,5,33,80,102,87,15,4,0,6,1,120,15,3.8748091603053436,20,5,2.7212
52414,Ken Boal,Kansas City Royals,150,144,655,595,173,121,30,5,17,54,88,54,4,0,3,3,0,124,4,3.8961832061068704,15,4,2.8346
56779,Adrian Case,New York (A) Yankees,147,146,655,606,161,130,22,2,7,47,63,33,0,10,3,3,0,98,18,3.835114503816794,1,0,-2.7233
27581,Roberto Ceja,St. Louis Cardinals,147,142,654,588,145,87,38,4,16,57,69,62,0,3,0,1,0,117,14,4.1452599388379205,16,7,2.1472
48874,Jonathan Safreed,Chicago (N) Cubs,155,149,653,560,149,84,32,2,31,99,92,84,6,5,0,4,0,165,10,4.294027565084226,4,4,2.3698
51063,Justin Swanson,Arizona Diamondbacks,152,150,653,570,139,83,34,1,21,71,80,68,4,7,1,7,0,132,10,3.9050535987748853,20,4,1.9066
47675,Tom Tobeck,New York (A) Yankees,153,149,652,594,146,87,29,2,28,69,86,53,3,4,0,1,0,177,22,4.015337423312883,6,3,1.4393
50943,Antonio Luna,Pittsburgh Pirates,158,158,649,561,128,71,28,1,28,76,77,71,1,14,0,3,0,157,12,4.183359013867489,8,0,-2.7613
45995,Luis Ruiz,Chicago (N) Cubs,147,141,647,590,139,89,38,9,3,45,69,39,0,3,8,7,0,82,6,3.7310664605873263,41,11,0.8939
48793,Matt Rosellini,San Diego Padres,152,147,643,599,153,101,40,7,5,49,86,33,0,10,0,1,0,129,8,3.7636080870917574,47,9,5.1937
50766,Dave May,San Diego Padres,153,146,643,586,172,113,31,4,24,108,100,52,10,2,0,3,0,148,10,4.004665629860031,34,10,2.5183
52343,Mike Tharpe,Texas Rangers,154,147,642,580,145,92,30,4,19,72,75,50,2,5,4,3,0,85,14,3.9158878504672896,14,7,2.4656
54900,Marco Castello,Tampa Bay Rays,147,146,642,581,166,99,37,4,26,95,105,53,7,7,0,1,0,124,11,3.864485981308411,2,0,1.7708
48774,Brian Lee,Philadelphia Phillies,146,145,639,585,164,107,41,0,16,62,78,46,0,2,0,6,0,64,17,3.816901408450704,10,2,0.6125
46704,Dan Whitman,Boston Red Sox,149,140,635,519,118,64,22,4,28,68,95,97,2,13,0,6,0,178,2,4.2220472440944885,41,5,4.0514
24208,Remo Carone,Baltimore Orioles,147,141,632,545,121,84,19,1,17,49,81,71,0,14,1,1,0,174,11,4.216772151898734,36,9,2.6928
51069,Trevor Doyle,New York (A) Yankees,158,155,632,555,141,86,36,2,17,60,57,48,1,24,0,5,0,112,14,3.8813291139240507,0,0,-4.028
49038,Ryan Johnson,Los Angeles (A) Angels,151,146,631,562,144,87,29,1,27,73,71,45,0,20,2,2,0,117,11,3.9270998415213945,0,1,-1.595
46871,Matt Wiernicki,Arizona Diamondbacks,152,148,630,575,151,100,36,3,12,58,65,44,0,5,3,3,0,109,10,3.8523809523809525,11,5,-2.8807
50487,Conrado Braves,Pittsburgh Pirates,159,158,630,570,152,109,23,3,17,67,66,49,0,5,0,6,0,101,15,4.0476190476190474,4,3,-6.4019
52021,Danny Ricardo,San Francisco Giants,148,146,630,574,137,73,36,1,27,81,62,50,3,2,0,4,0,154,19,4.076190476190476,2,4,-3.5438
52446,Alfonso Rueda,San Francisco Giants,151,147,630,566,142,104,25,0,13,62,54,42,0,14,1,7,0,128,14,4.065079365079365,0,1,-1.1958
42334,Willie Ardinghi,Seattle Mariners,148,148,629,556,134,93,24,2,15,57,89,49,3,19,4,1,0,150,17,3.9825119236883944,34,9,3.6524
52502,Bobby Sligh,Los Angeles (A) Angels,157,155,628,570,139,79,32,1,27,100,67,44,8,10,0,4,0,117,7,3.8423566878980893,1,0,-6.2681
51604,Greg Medema,Kansas City Royals,149,148,624,565,154,99,35,9,11,73,79,40,3,6,0,13,0,78,10,3.6826923076923075,9,0,1.3447
33222,Orlando Gonzales,San Diego Padres,155,149,621,565,146,99,26,4,17,77,77,46,1,4,0,6,0,128,13,3.9162640901771337,27,8,2.8328
58435,Mark Palacios,Los Angeles (A) Angels,150,145,620,537,117,91,22,3,1,19,77,65,1,4,12,2,0,126,4,4.085483870967742,28,3,3.3
52396,Ryan Kahabka,Milwaukee Brewers,150,137,619,555,159,90,31,1,37,95,89,51,1,6,2,5,0,127,11,3.9159935379644586,29,2,-2.0444
24870,Joe Coning,Washington Nationals,146,145,617,567,148,95,29,4,20,67,68,41,0,3,2,4,0,114,16,3.9286871961102108,37,6,3.889
47741,John Ploughman,Chicago (A) White Sox,137,136,617,582,169,104,32,5,28,78,92,21,0,4,5,5,0,124,10,3.8119935170178283,49,9,3.0461
50853,Jose Bellatin,Philadelphia Phillies,149,146,616,524,117,62,20,3,32,94,73,78,0,10,1,3,0,210,8,4.25487012987013,7,2,-0.4108
42083,Edgar Castillo,Chicago (N) Cubs,153,151,610,557,136,91,29,0,16,51,55,43,0,7,0,3,0,148,12,4.019672131147541,0,1,-6.1311
42089,Ramiro Baraza,Cincinnati Reds,151,148,609,551,144,93,27,2,22,59,72,43,2,9,1,5,0,170,11,4.041050903119869,8,3,-1.2767
51620,Tom Daher,Oakland Athletics,140,138,608,535,145,86,34,5,20,61,83,66,10,5,0,2,0,122,16,3.963815789473684,10,6,-1.3463
42331,Bert Gonzales,Philadelphia Phillies,149,148,607,534,121,79,23,2,17,45,79,70,4,1,0,2,0,136,9,4.14003294892916,11,4,2.0578
50197,Cruz Maltez,Chicago (N) Cubs,148,148,605,546,130,84,23,2,21,75,70,46,0,10,0,3,0,148,8,4.079338842975207,20,2,1.7943
50707,Shane Serrato,New York (N) Mets,156,149,604,558,151,104,25,2,20,75,57,39,2,3,1,3,0,107,9,3.783112582781457,0,3,-4.068
21697,Orlando Ramirez,San Diego Padres,141,139,603,499,150,78,38,1,33,102,101,95,18,3,0,6,0,83,12,3.8971807628524044,0,1,3.5046
21799,Alfredo Morandi,Cincinnati Reds,138,134,602,573,157,100,40,7,10,55,68,24,1,1,2,2,0,146,8,3.8754152823920265,36,8,4.039
47127,Doug Gardner,Kansas City Royals,149,146,602,571,133,93,14,5,21,62,67,20,1,5,5,1,0,142,13,3.6943521594684388,20,5,1.4469
50401,Keith Parks,Pittsburgh Pirates,153,148,602,544,152,94,37,6,15,75,78,41,4,11,0,6,0,85,12,3.7956810631229234,31,9,3.7592
52531,Nate Larson,Kansas City Royals,143,141,602,553,152,88,35,5,24,71,77,36,0,9,0,4,0,136,12,3.985049833887043,24,5,2.1908
44734,Jose Ceballos,Atlanta Braves,148,145,596,530,123,92,23,1,7,47,49,58,0,5,2,1,0,100,14,4.023489932885906,3,2,0.2798
47665,Justin Van Pelt,Cincinnati Reds,141,140,595,540,140,81,27,0,32,94,73,48,0,3,1,3,0,155,7,3.9596638655462186,0,0,-6.2143
37580,Cody Addeo,Washington Nationals,137,136,594,508,112,69,21,1,21,67,76,73,0,8,2,2,1,136,4,4.18013468013468,21,7,0.8131
46421,Ben Reed,Arizona Diamondbacks,156,148,594,532,134,91,28,0,15,67,58,41,0,8,5,7,1,126,9,4.005050505050505,7,9,-0.0324
51024,Adrian Graham,Arizona Diamondbacks,150,145,588,527,119,74,23,3,19,73,63,46,1,9,3,3,0,111,8,3.9081632653061225,4,0,0.1751
53029,Ryan Adcock,Los Angeles (N) Dodgers,148,137,588,535,160,80,27,2,51,118,103,46,3,4,0,3,0,134,8,3.943877551020408,0,2,-4.1437
46162,Gabe Hinton,Houston Astros,145,142,586,536,125,83,26,0,16,63,51,39,0,3,0,8,0,145,11,3.953924914675768,0,0,-2.8099
50538,Herb Bibiano,Minnesota Twins,145,142,586,536,139,90,27,3,19,73,91,43,1,1,0,6,0,123,9,3.9573378839590445,39,2,3.905
42257,Victor Cardenas,St. Louis Cardinals,148,148,585,526,111,68,29,3,11,51,48,45,0,1,8,5,0,158,15,3.9692307692307693,3,2,-1.3969
47176,Oliver Higgins,Miami Marlins,144,133,585,542,145,99,27,6,13,65,76,37,2,2,1,3,0,118,7,3.947008547008547,17,6,1.8767
49237,Jordan Ortiz,Cincinnati Reds,147,143,585,520,112,67,32,4,9,44,69,55,2,9,0,1,0,127,8,4.138461538461539,21,7,0.7841
52379,Jonathan Skinner,Baltimore Orioles,147,138,584,521,140,90,26,4,20,70,76,42,0,18,0,3,0,93,17,4.051369863013699,16,4,1.8034
48995,David Barnes,Atlanta Braves,146,144,581,521,118,87,13,1,17,57,52,45,1,5,3,7,0,172,6,4.115318416523236,10,5,2.8101
26905,Kevin Aldrich,Cincinnati Reds,135,134,578,488,127,81,21,3,22,85,71,78,2,6,0,6,0,105,5,4.219723183391004,21,10,0.1295
36146,Armando Fuentes,Pittsburgh Pirates,152,145,577,529,146,93,29,1,23,84,68,43,2,3,0,1,1,153,6,3.982668977469671,2,1,-3.2392
50251,Lançarote Freitas,Boston Red Sox,149,148,577,538,119,70,17,3,29,85,65,30,1,5,0,4,0,154,13,3.92894280762565,19,4,-1.4763
38380,Xin-fang Xú,San Diego Padres,147,142,574,536,118,69,28,4,17,68,76,32,0,2,0,4,0,155,6,4.038327526132404,61,11,3.2573
46228,Matt Ballard,Boston Red Sox,144,142,573,507,127,87,29,1,10,48,71,54,0,6,1,5,0,132,10,4.0785340314136125,21,10,1.4712
52530,Josh Lilly,Los Angeles (N) Dodgers,147,143,573,523,157,93,37,4,23,75,72,36,3,11,1,2,0,100,15,3.858638743455497,0,3,-2.4954
52466,Mike Baily,Houston Astros,149,143,572,499,113,58,15,0,40,96,82,63,0,6,2,2,0,199,6,4.263986013986014,16,6,2.5176
33535,Brandon Tyson,Cleveland Guardians,145,142,570,509,100,66,17,1,16,56,53,53,0,1,0,7,0,167,9,4.280701754385965,4,2,-1.1095
52518,Jon Manning,New York (N) Mets,150,142,570,519,114,90,15,1,8,50,42,40,1,7,4,0,0,130,10,4.077192982456141,2,2,-0.4478
44727,Rodolphe Guglielmotti,Milwaukee Brewers,148,138,568,506,117,70,27,1,19,79,68,59,0,0,0,3,0,112,14,4.068661971830986,1,0,-0.486
46986,Jeremy Matelski,Texas Rangers,145,142,568,510,129,99,11,0,19,66,55,46,0,8,0,4,0,135,5,3.8732394366197185,3,1,0.2189
50909,Kurt Dunwell,Seattle Mariners,136,128,568,512,134,101,28,1,4,64,55,45,1,8,0,3,0,67,11,3.7059859154929575,1,0,-7.1224
52569,Mario Duarte,St. Louis Cardinals,150,139,568,522,128,89,17,4,18,57,64,39,4,5,0,2,0,142,8,3.959507042253521,28,3,1.725
30189,Julian Marquez,St. Louis Cardinals,144,141,565,486,105,76,16,0,13,54,53,64,0,10,1,4,0,153,9,4.187610619469027,6,2,-1.0709
48907,Eric Crippen,Tampa Bay Rays,133,132,564,510,125,79,25,2,19,68,64,47,3,5,0,2,0,126,17,4.072695035460993,0,0,-2.1666
49871,Ray Stevens,Los Angeles (N) Dodgers,140,130,564,510,118,79,22,0,17,53,71,38,0,13,1,2,0,166,14,4.039007092198582,1,1,0.1208
52127,Alex Pacheco,Philadelphia Phillies,137,132,564,514,139,90,22,1,26,89,75,34,0,9,0,7,0,83,14,3.8634751773049647,0,0,2.7531
50835,Beau Pearson,Minnesota Twins,149,147,562,518,138,83,34,5,16,71,68,33,0,3,0,7,1,113,10,3.919928825622776,5,5,3.6874
35762,Edgar Nunez,Colorado Rockies,132,130,560,490,137,85,29,3,20,75,72,61,0,7,0,2,0,152,11,4.167857142857143,0,0,-1.7141
52503,Josh Behrens,Kansas City Royals,140,127,559,509,126,89,21,3,13,59,68,33,5,12,0,5,0,158,18,3.9516994633273703,10,4,0.32
44791,Fontana Rosolino,Texas Rangers,149,148,558,498,122,78,29,0,15,51,65,32,0,4,19,5,0,101,10,3.806451612903226,28,10,4.8374
46077,Tim Brouillet,New York (N) Mets,148,144,557,502,110,73,16,1,20,54,65,41,1,10,3,1,0,148,8,3.9658886894075405,11,2,2.3035
27298,Pat Sauders,Detroit Tigers,148,138,555,495,109,72,23,0,14,59,51,55,2,1,1,3,0,112,17,3.9657657657657657,0,0,-5.3565
44385,Will Hamilton,Houston Astros,133,133,555,494,112,73,18,0,21,62,53,51,0,7,0,3,0,162,9,4.245045045045045,0,0,-5.8651
45998,Jake Hite,Milwaukee Brewers,148,146,554,489,103,64,28,0,11,44,54,48,0,0,15,2,0,129,8,3.9512635379061374,21,6,4.1674
46321,Lupe Oquendo,Arizona Diamondbacks,146,144,554,506,117,80,23,1,13,58,47,31,0,8,3,6,0,124,8,3.857400722021661,2,2,1.3124
46472,Jason Phelps,Philadelphia Phillies,140,125,554,506,147,95,44,1,7,45,55,42,1,4,0,2,0,77,9,3.806859205776173,0,0,-3.3
49145,Adam Flower,Seattle Mariners,138,133,553,510,136,100,26,3,7,69,57,19,0,3,15,5,1,85,4,3.752260397830018,13,1,0.9715
50957,Jarod Jeffries,Miami Marlins,135,133,551,477,105,70,15,0,20,68,57,42,0,21,2,9,0,122,22,4.036297640653357,0,0,-1.2825
51316,Brian Roberti,Chicago (A) White Sox,133,130,551,487,143,85,32,4,22,76,73,55,0,3,1,5,0,78,13,3.912885662431942,5,2,1.6825999999999999
38545,T.J. Lee,Atlanta Braves,139,133,550,491,107,72,26,0,9,56,49,46,1,10,0,3,0,136,20,4.054545454545455,0,2,-4.3727
42592,Fabrice Beltran,Chicago (N) Cubs,149,146,550,482,123,79,21,8,15,64,61,48,1,9,10,1,0,156,7,3.9909090909090907,5,6,0.7246
46706,Gary Evans,San Francisco Giants,134,132,550,469,93,59,12,0,22,60,65,63,0,13,1,4,0,154,8,4.24,2,0,-2.4502
52555,Matt Hogan,Los Angeles (N) Dodgers,127,121,550,494,129,67,30,2,30,92,80,48,5,5,1,2,0,129,4,4.123636363636364,0,1,1.3548
52653,Dusty Wilson,Cleveland Guardians,131,131,550,502,115,75,17,4,19,62,60,37,0,8,1,2,0,131,6,4.0236363636363635,5,3,2.8088
22338,Daniel Gamboa,Kansas City Royals,142,140,548,492,122,69,25,1,27,87,60,48,0,5,0,3,0,92,9,3.9124087591240877,3,3,1.7544
52584,Pete Gigliotti,Milwaukee Brewers,149,146,547,491,115,81,18,3,13,58,57,47,0,6,0,3,0,140,15,4.063985374771481,6,1,1.4914
51076,Ruben Jimenez,Colorado Rockies,129,128,546,486,121,73,32,2,14,76,54,51,2,4,0,5,0,93,12,3.923076923076923,0,0,-2.0401
52541,Coby Houghton,Chicago (A) White Sox,139,129,546,513,147,89,25,2,31,100,73,25,0,3,1,4,0,122,19,3.860805860805861,2,4,-0.9149
46780,Randy Roginski,Chicago (A) White Sox,147,145,545,476,101,75,19,0,7,27,53,54,1,9,4,2,0,121,6,4.152293577981651,7,3,-1.5626
35568,Vinny Rosa,Houston Astros,126,122,544,486,129,94,29,4,2,41,72,48,0,4,0,6,0,52,5,3.9963235294117645,22,6,2.7241
50210,Byron Addams,New York (A) Yankees,142,141,544,496,126,87,28,3,8,36,55,37,0,11,0,0,0,106,8,3.9356617647058822,3,1,3.139
50527,Ryan Witsman,Kansas City Royals,144,143,544,500,102,67,21,3,11,48,53,31,0,4,4,5,0,134,8,3.886029411764706,9,3,-0.0421
50743,Rick Brown,New York (N) Mets,141,129,544,490,126,81,27,0,18,66,56,41,0,8,0,5,0,118,8,3.90625,1,3,0.948
50823,Jody Ball,Toronto Blue Jays,140,129,544,486,111,75,32,1,3,54,48,46,0,7,1,4,0,74,12,3.948529411764706,2,1,-0.6127
44618,Jose Tameron,Los Angeles (N) Dodgers,147,144,542,485,118,87,19,0,12,61,54,32,0,13,7,5,0,118,8,3.8911439114391144,0,3,3.4911
50690,Mike Leighton,Los Angeles (A) Angels,142,134,542,477,122,79,24,3,16,62,55,50,1,9,3,3,0,111,11,3.9612546125461257,0,1,-2.211
55132,Shaun Hartford,Detroit Tigers,135,134,542,505,112,78,13,3,18,59,53,19,0,13,0,5,0,150,10,4.001845018450185,5,2,-1.3511
34079,Jayden Trotter,Tampa Bay Rays,125,124,539,481,135,89,21,0,25,73,72,51,0,3,0,4,0,116,6,4.105751391465677,0,0,-3.7675
47350,Adrian Ortiz,St. Louis Cardinals,150,147,539,480,112,73,31,2,6,45,46,46,0,5,5,3,0,111,9,3.987012987012987,11,3,-2.4488
38455,Tyler Morrison,Colorado Rockies,136,128,537,464,126,78,38,1,9,61,58,54,0,14,0,5,0,110,7,4.109869646182496,4,3,1.3237
48370,Ricky Rubio,Atlanta Braves,122,118,537,492,116,80,29,1,6,26,56,31,0,6,6,2,0,113,10,3.936685288640596,24,6,-1.0161
47893,Chris Duff,Toronto Blue Jays,140,134,536,481,107,73,21,3,10,40,58,47,0,2,4,2,0,132,10,4.07089552238806,15,1,0.1435
24203,Rich Solis,Texas Rangers,134,131,534,476,113,58,32,0,23,64,66,45,0,9,1,2,1,131,8,4.043071161048689,1,0,-1.4663
39815,Steve Baker,Seattle Mariners,149,149,534,486,122,88,20,1,13,52,52,41,0,2,2,3,0,109,14,4.0299625468164795,6,3,-0.7585
52467,Jeremy Winters,Kansas City Royals,140,136,534,493,127,75,35,0,17,79,60,33,0,4,0,4,0,117,8,4.01498127340824,3,2,-0.3719
21200,Edwin Curiel,Houston Astros,140,138,532,472,104,62,18,2,22,55,70,51,0,6,1,2,0,135,4,3.994360902255639,2,2,-0.1391
44309,Hector Pecina,Toronto Blue Jays,125,125,532,501,116,83,24,0,9,58,44,23,0,2,1,5,0,121,13,3.986842105263158,0,1,-1.2288
50275,Marco Mendez,Los Angeles (N) Dodgers,125,124,532,487,122,75,29,1,17,68,54,37,2,5,1,2,0,115,11,3.8721804511278197,0,1,-4.7549
44849,Luis de Jesus,New York (A) Yankees,137,135,531,476,116,80,21,2,13,45,60,48,0,3,3,1,0,121,7,4.080979284369115,3,2,-0.5762
42372,Raul Ortega,Oakland Athletics,134,124,530,472,94,57,22,4,11,46,60,52,0,2,2,2,0,137,8,4.071698113207547,17,3,1.2151
47179,Pat Hagen,Minnesota Twins,137,132,530,482,135,86,20,2,27,87,74,35,0,6,0,6,1,115,9,3.9245283018867925,5,1,-6.4676
45833,Orlando Ortiz,San Francisco Giants,135,117,527,476,121,81,22,5,13,61,79,43,1,2,5,1,0,86,10,3.937381404174573,50,3,6.0803
46286,Justin Strasbaugh,Texas Rangers,130,120,526,459,122,64,33,1,24,85,67,52,11,6,0,9,0,114,9,3.9904942965779466,1,1,-2.3776
52535,Matt Skupien,Texas Rangers,126,126,526,488,118,79,20,5,14,53,50,26,0,4,5,3,0,118,8,3.8992395437262357,10,3,4.1342
48650,Guido Pessotto,Oakland Athletics,132,132,525,479,131,86,29,5,11,60,60,26,0,17,0,2,1,114,13,3.8133333333333335,11,4,2.2133
24790,Jeff Taylor,New York (A) Yankees,119,115,524,470,102,64,19,0,19,54,54,48,0,4,0,2,0,119,12,4.087786259541985,15,3,0.0847
51585,Steve Rerucha,Tampa Bay Rays,120,120,522,478,134,94,23,2,15,68,55,35,2,4,0,4,1,114,8,3.9521072796934864,0,1,-1.9187
53394,Hector Cabrera,Baltimore Orioles,128,125,522,471,131,82,26,0,23,70,58,45,2,5,0,1,0,129,13,4.017241379310345,0,0,-4.5667
50200,Ewan Titterington,Pittsburgh Pirates,122,118,520,461,124,79,18,2,25,74,65,50,14,7,0,2,0,118,15,3.825,4,1,1.9293
50212,Rafael Peralta,Cleveland Guardians,135,131,520,465,114,79,16,1,18,58,51,47,0,3,3,2,0,148,8,4.121153846153846,9,1,3.8593
50550,Jason Spann,Detroit Tigers,126,113,519,471,115,81,21,4,9,36,71,37,0,9,1,1,0,107,8,3.861271676300578,38,2,4.463
46424,Ryan Cummings,Washington Nationals,127,123,518,460,117,61,31,2,23,77,68,47,0,4,0,7,0,131,9,4.104247104247104,11,1,-1.8696
47755,Ian Rodencal,Boston Red Sox,127,126,518,463,109,71,22,2,14,61,72,48,0,5,0,2,0,133,6,4.127413127413128,8,1,3.3115
50264,Alejandro Gomez,Tampa Bay Rays,133,133,518,489,111,67,26,5,13,64,48,24,0,3,0,2,0,130,7,3.9015444015444016,16,1,1.2879
53551,Carlos Morales,St. Louis Cardinals,127,124,518,477,121,71,33,0,17,71,52,33,0,3,3,2,0,103,12,3.805019305019305,0,0,-2.559
34574,Ivan Galvan,Toronto Blue Jays,139,135,516,452,109,65,22,2,20,71,57,46,0,10,1,7,0,138,7,4.093023255813954,1,1,-5.2036
30300,Josh Feldman,Los Angeles (A) Angels,116,114,515,453,88,52,26,2,8,27,62,53,1,3,5,0,1,116,7,4.145631067961165,31,6,0.7
52023,Edgar Medina,Atlanta Braves,121,119,515,464,119,72,21,3,23,69,56,36,3,8,0,7,0,99,17,3.9669902912621358,1,3,1.603
48515,Gilberto Tapia,Miami Marlins,126,122,511,480,134,93,30,1,10,48,40,16,0,13,0,2,0,114,18,3.7729941291585125,0,1,-2.5569
44681,Emilio Medina,Colorado Rockies,122,112,508,459,117,74,37,4,2,38,59,39,0,1,7,2,0,94,9,3.956692913385827,22,6,1.1969
52522,Chris McFadden,Chicago (A) White Sox,126,122,504,454,121,81,27,0,13,61,46,45,0,3,0,2,0,113,10,4.0813492063492065,2,4,-1.5809
50583,Pat Bernstein,Miami Marlins,114,113,503,442,136,95,21,5,15,72,72,51,10,7,0,3,0,107,11,3.9741550695825048,0,1,-1.4639
50973,Alan Marsalek,Seattle Mariners,118,114,503,449,117,73,20,1,23,72,65,39,3,10,0,5,0,97,8,3.8886679920477136,23,7,1.3815
49107,Jeremy Bell,Baltimore Orioles,136,117,502,462,121,87,28,4,2,35,45,31,0,3,2,4,0,81,11,3.910358565737052,11,3,0.7663
21295,Gus Garcia,Washington Nationals,114,114,501,435,111,63,24,0,24,68,63,59,6,5,0,2,0,141,8,4.37125748502994,1,0,-4.7213
49110,Garrett Baker,Pittsburgh Pirates,132,130,501,462,129,91,28,0,10,45,63,30,0,3,2,4,0,115,11,4.013972055888224,38,5,2.558
49217,Ugo Ciai,Cincinnati Reds,121,109,500,466,135,94,30,7,4,35,67,30,2,1,0,3,0,109,7,3.964,39,6,1.6118
47878,Edison Sandwell,Cleveland Guardians,107,106,499,439,103,67,28,6,2,23,71,45,0,7,7,1,0,98,4,3.8837675350701404,29,6,4.6369
51049,Rusty Garbarino,Tampa Bay Rays,113,113,498,428,121,73,24,3,21,74,74,56,9,7,0,7,0,95,8,3.8674698795180724,1,0,0.3199
50881,Matt DeVoto,Chicago (N) Cubs,124,124,497,459,125,82,31,0,12,58,47,33,0,4,0,1,0,113,8,4.0885311871227366,0,0,-2.7405
48602,Willie Pena,Philadelphia Phillies,126,122,496,460,112,69,18,0,25,61,54,29,0,4,0,3,0,128,11,3.933467741935484,0,1,-1.1541
50227,Moises Loza,Tampa Bay Rays,117,112,495,460,125,96,12,2,15,48,48,29,0,4,0,2,0,81,11,3.787878787878788,5,4,1.6245
36241,Angelo Mangual,Milwaukee Brewers,131,122,494,442,86,53,13,1,19,55,52,50,3,1,0,1,0,175,6,4.265182186234818,1,0,-1.2085
39623,Bobby Kerney,Arizona Diamondbacks,129,125,487,432,79,47,13,0,19,48,53,45,1,8,0,2,0,157,8,4.020533880903491,1,0,-1.5864
51940,Angel Moya,Los Angeles (N) Dodgers,120,108,487,433,126,90,22,2,12,44,69,37,4,14,1,2,0,73,12,3.9363449691991788,6,1,1.0901
52269,Teruyuki Yoshimoto,Chicago (N) Cubs,118,117,485,402,100,53,24,2,21,49,63,64,10,16,0,3,0,73,14,4.0350515463917525,3,1,-2.7631
52590,Jeff Redpath,Cincinnati Reds,128,125,484,450,81,54,17,2,8,54,44,26,0,3,1,4,0,115,7,3.87396694214876,3,0,-0.9514
35281,Wei-hong Gan,Kansas City Royals,124,124,477,429,111,80,16,0,15,50,40,36,0,5,2,5,0,126,7,4.073375262054507,0,0,-2.7913
52085,Jonathan Lugo,Minnesota Twins,125,122,476,442,120,68,31,3,18,64,77,27,1,4,0,3,0,128,3,4.067226890756302,19,4,1.4059
50281,Juan Cueto,Minnesota Twins,117,108,474,426,118,71,26,2,19,94,68,41,3,3,0,4,0,66,11,3.831223628691983,12,2,-1.2673
24353,Eddie Aguillon,Toronto Blue Jays,135,111,469,412,104,75,16,3,10,46,62,51,0,3,1,2,0,92,4,4.104477611940299,4,2,0.1375
51250,Tim Bruno,Philadelphia Phillies,115,113,469,428,109,62,22,1,24,50,59,37,0,3,0,1,0,93,8,4.100213219616204,24,3,3.6221
39791,Mark Roberts,San Francisco Giants,121,120,467,401,81,56,16,1,8,38,50,52,0,10,1,2,1,120,8,4.194860813704497,7,1,-0.0645
47305,Steve Fuller,New York (A) Yankees,123,123,467,392,86,61,6,1,18,60,50,69,0,3,0,3,0,173,2,4.411134903640257,0,0,-2.1072
37736,Mike Cabral,Boston Red Sox,118,105,466,391,88,45,28,0,15,50,51,68,0,2,0,5,0,98,12,4.171673819742489,6,5,0.3623
42108,Lorenzo Miranda,Baltimore Orioles,136,114,465,433,107,71,19,4,13,58,47,26,2,1,0,5,0,104,8,3.9827956989247313,6,1,1.7224
50525,Benito Orozco,San Francisco Giants,128,126,465,403,83,52,20,0,11,43,46,37,1,15,3,7,0,146,5,4.083870967741936,0,0,-1.4689
50542,Bryan Saltzgiver,Boston Red Sox,131,115,465,434,119,80,29,0,10,48,48,25,0,1,1,4,0,85,11,3.9763440860215056,0,0,-1.1033
58051,Franklin Maestas,Texas Rangers,116,108,465,433,96,72,20,1,3,25,44,27,1,3,0,2,0,68,7,3.7053763440860217,19,13,1.8121
35370,Alex Navarro,Oakland Athletics,142,108,464,419,94,61,19,5,9,45,49,31,7,7,0,7,0,107,9,3.8168103448275863,27,7,0.4409
49019,Aaron Jordan,Oakland Athletics,117,115,462,421,106,74,21,0,11,43,49,36,0,1,2,2,0,98,6,3.906926406926407,5,1,-0.312
52480,Luke Christensen,Washington Nationals,125,119,462,406,83,62,14,1,6,26,39,32,0,9,11,4,0,111,4,3.792207792207792,32,5,0.5367
47420,Chris Moody,Seattle Mariners,129,124,461,419,90,60,16,0,14,48,50,30,0,6,4,2,0,164,11,4.080260303687636,1,1,-2.0158
50780,Pat Singer,St. Louis Cardinals,117,115,461,412,94,59,21,1,13,45,50,41,2,2,3,3,0,102,9,4.054229934924078,11,4,1.3267
52451,Jared Rettler,Oakland Athletics,124,117,459,408,102,70,18,3,11,54,54,39,0,5,4,3,0,102,5,4.080610021786493,8,4,-2.7378
52445,Chance Robinson,Cincinnati Reds,113,106,458,408,112,70,25,2,15,52,52,40,0,5,0,5,0,86,10,3.923580786026201,3,3,-1.1195000000000002
44699,Leandro Gregrio,Detroit Tigers,114,110,457,422,106,76,15,2,13,43,50,31,0,2,0,1,1,113,8,3.87746170678337,1,1,-4.0666
51070,James Perry,San Diego Padres,125,114,457,430,113,80,18,2,13,42,46,22,0,2,1,2,0,102,4,3.9584245076586435,1,2,-1.3539
49295,Nick Bergstrom,Atlanta Braves,122,118,456,408,78,56,20,1,1,27,36,39,0,1,3,4,1,133,6,4.149122807017544,11,3,0.6518
47608,Nolan Lee,Miami Marlins,114,110,455,404,95,65,18,5,7,47,47,47,1,3,0,1,0,126,10,4.01978021978022,5,3,3.0703
31902,Roger Platt,Toronto Blue Jays,116,113,454,418,99,74,16,2,7,33,36,31,0,5,0,0,0,117,5,4.02863436123348,6,2,-0.6612
50178,Ruben Filiano,Detroit Tigers,117,111,453,412,92,64,12,4,12,39,56,32,0,6,1,2,0,134,4,3.9757174392935983,2,0,-1.6027
50235,Sérgio Simard,Minnesota Twins,106,106,453,378,139,65,37,1,36,114,86,63,21,8,0,4,0,50,10,3.964679911699779,16,4,1.0658
47779,Mike Bridges,Toronto Blue Jays,101,100,444,383,96,74,21,1,0,26,55,52,2,9,0,0,0,75,4,4.112612612612613,12,7,0.7539
50673,Sam Easter,Texas Rangers,125,110,443,390,94,64,23,0,7,36,50,45,1,5,0,3,0,85,4,4.121896162528217,1,0,-1.5642
48378,Montes Gomez,Toronto Blue Jays,109,103,441,401,121,87,23,0,11,54,52,38,0,2,0,0,0,78,13,4.018140589569161,0,0,0.3418000000000001
52052,Jorge Ochoa,Cincinnati Reds,123,104,440,414,106,68,23,1,14,58,56,19,2,3,1,3,0,98,6,3.8045454545454547,11,3,1.04
52452,Natanael Ferreira,Houston Astros,115,109,440,391,86,65,16,2,3,24,39,40,0,3,4,2,0,115,12,4.1045454545454545,0,0,-2.1684
46505,Dan Downey,Chicago (N) Cubs,101,97,436,405,109,70,26,2,11,51,41,19,1,7,2,3,0,108,9,3.9059633027522938,36,5,2.0195
51419,Herb Gess,New York (N) Mets,128,91,436,404,103,75,16,3,9,39,52,24,0,6,0,2,0,83,6,3.7155963302752295,14,9,2.1392
52686,Mike Banville,Boston Red Sox,109,108,436,401,95,58,20,1,16,56,46,30,1,1,1,3,0,92,7,3.9541284403669725,6,0,2.2153
54515,Greg Ramos,Houston Astros,100,97,436,396,111,73,19,1,18,59,52,36,3,2,0,2,0,74,9,3.9862385321100917,1,0,-1.9129
51025,Justin Markum,Baltimore Orioles,125,106,431,382,84,59,14,2,9,53,36,36,0,9,0,4,0,99,13,3.9466357308584685,2,1,-0.2613
48693,Jose Alarcon,Atlanta Braves,123,103,429,389,98,59,24,0,15,54,50,36,1,0,0,4,0,48,12,3.8578088578088576,0,1,0.5159
47737,Erik Mason,Los Angeles (A) Angels,122,103,428,389,80,61,12,1,6,30,43,27,0,4,4,4,0,90,7,4.046728971962617,3,3,1.8004
44796,Carlos Zarate,Baltimore Orioles,124,99,424,380,85,57,18,1,9,31,50,40,0,2,1,1,0,112,7,4.143867924528302,8,0,-2.1549
51056,Eric DeVore,St. Louis Cardinals,108,99,421,384,74,49,10,0,15,40,40,29,0,3,1,4,0,115,6,4.068883610451306,3,4,-2.2428
52678,John Daube,Houston Astros,98,95,420,378,91,67,11,0,13,50,41,30,0,6,1,5,0,67,12,3.9023809523809523,0,2,-2.3995
44709,Marciano Ruelas,Chicago (A) White Sox,115,101,414,374,85,66,11,2,6,31,28,30,0,2,5,3,0,89,7,3.9106280193236715,24,7,-0.7618
48476,Juan Ruiz,Arizona Diamondbacks,131,82,414,372,93,55,26,4,8,37,53,37,0,2,1,2,0,92,10,4.118357487922705,22,2,1.0922
49815,Al Cormier,Cleveland Guardians,99,97,414,365,97,61,26,3,7,42,46,37,1,9,2,1,0,104,5,3.92512077294686,17,0,-0.9311
51294,Jim Proffitt,Detroit Tigers,103,99,413,379,81,52,12,4,13,42,33,22,0,7,2,3,0,116,7,4.072639225181598,2,0,-2.1652
49219,Rich Younginer,Seattle Mariners,109,102,411,372,88,68,7,1,12,44,31,34,0,2,0,3,0,92,12,4.0632603406326036,0,0,-4.7819
50805,Erik White,Oakland Athletics,112,100,411,384,100,62,29,1,8,52,41,16,0,5,1,5,0,79,11,3.7688564476885644,6,2,-1.0609
52507,Soroku Yamaguchi,Arizona Diamondbacks,110,92,410,375,105,58,28,2,17,49,66,29,2,2,2,2,0,89,10,3.9390243902439024,9,4,1.006
46444,Danny Romero,Toronto Blue Jays,97,96,408,370,86,60,12,2,12,39,50,30,0,3,1,4,0,100,10,4.022058823529412,10,7,2.745
21548,Cesar Rivera,Milwaukee Brewers,124,96,407,348,79,44,16,0,19,54,49,46,8,10,1,2,0,141,0,4.152334152334152,18,10,1.4986
52819,Brad Ridenour,Cleveland Guardians,112,106,406,374,84,47,27,0,10,39,38,19,0,7,1,5,0,105,7,3.8620689655172415,6,0,-0.8906
50974,Jayden St. Hill,San Francisco Giants,118,103,404,357,85,63,14,4,4,34,44,35,0,9,1,2,0,101,4,4.02970297029703,7,3,2.2067
44830,Ruben Alvarado,San Diego Padres,104,103,403,377,79,50,10,0,19,53,39,21,0,0,0,5,0,111,8,3.806451612903226,0,1,-0.5965
49148,Ricky Olivares,Miami Marlins,102,93,397,361,81,58,15,2,6,33,49,27,1,2,4,3,0,98,6,3.770780856423174,6,2,0.9841
53794,Carlos Sedano,Minnesota Twins,109,81,394,346,93,54,17,3,19,63,69,39,0,7,1,1,0,73,6,4.096446700507614,5,2,-3.0097
46040,Victor Hernandez,Colorado Rockies,126,102,392,362,75,50,14,7,4,34,36,17,0,7,3,3,0,88,4,3.877551020408163,5,3,0.7879
46880,Jaden Kemp,Seattle Mariners,109,104,390,347,71,47,12,0,12,42,37,35,0,3,0,5,0,87,6,4,0,0,0.6971
50814,John Drone,New York (N) Mets,115,112,389,353,77,54,11,3,9,30,32,24,0,6,5,1,0,95,9,4.010282776349614,1,3,-1.0574
52294,Chance Dillon,New York (N) Mets,103,101,384,355,76,50,19,0,7,33,34,23,0,1,1,4,0,96,9,3.9192708333333335,1,0,1.529
56298,Willie Cornejo,Los Angeles (N) Dodgers,99,95,383,340,94,61,19,2,12,37,60,37,0,1,2,3,0,90,7,4.010443864229765,10,5,0.6925
46628,Troy Johnson,San Diego Padres,117,94,381,345,71,46,12,0,13,53,26,29,0,5,0,2,0,111,9,4.081364829396326,1,1,-1.2397
53849,Alex Correa,Tampa Bay Rays,96,95,381,350,78,59,7,2,10,40,46,24,0,6,0,1,0,84,8,3.8976377952755907,21,5,0.2238
47137,Beau Walters,Los Angeles (N) Dodgers,108,92,380,333,75,55,13,0,7,27,46,41,0,1,1,4,0,80,10,4.131578947368421,2,2,-2.1195
24334,Esteban Guzman,Washington Nationals,91,90,379,359,108,70,25,3,10,44,37,11,0,4,1,4,0,72,6,3.7941952506596306,12,8,-0.7041
47413,Marty McIver,Baltimore Orioles,91,85,378,323,81,47,18,2,14,51,57,52,4,2,0,1,0,57,6,4.08994708994709,3,2,3.7
47654,Joe Bittar,New York (N) Mets,104,89,377,339,82,57,19,4,2,22,44,32,0,1,4,1,0,56,7,3.946949602122016,23,9,2.9413
52050,Jonathan Urrutia,Minnesota Twins,108,82,377,347,111,69,31,7,4,33,57,25,0,2,0,3,0,46,2,3.9946949602122017,21,5,1.7737
52280,Paul Richie,Atlanta Braves,105,92,377,337,81,56,9,2,14,41,40,32,0,6,0,2,0,83,3,3.986737400530504,4,1,0.9239
30310,Craig McAllister,Detroit Tigers,88,87,373,335,87,64,16,0,7,40,47,33,1,3,0,2,0,65,3,4.160857908847185,0,0,0.786
21327,Luis Batista,Tampa Bay Rays,81,80,370,324,86,67,15,1,3,24,45,45,0,0,1,0,0,54,4,3.9594594594594597,1,0,1.0634
50947,Mike Acosta,Detroit Tigers,99,89,368,347,70,41,14,1,14,45,34,17,0,1,1,2,0,104,5,3.907608695652174,1,2,0.505
52276,Omar Miller,Cincinnati Reds,99,95,368,349,88,60,21,1,6,50,23,15,0,0,0,4,0,50,4,3.869565217391304,0,0,-4.6295
36269,Alex Campos,Baltimore Orioles,99,94,366,327,64,48,6,1,9,30,33,27,0,8,0,4,0,97,10,4.040983606557377,0,0,-1.664
50256,Rafael Lozano,Detroit Tigers,93,92,366,329,71,48,12,0,11,30,31,23,0,12,1,1,0,92,3,4.092896174863388,0,0,-2.9464
50999,Casey Clapp,Colorado Rockies,97,78,366,329,97,63,17,3,14,43,57,32,0,2,2,1,0,64,2,3.948087431693989,13,3,0.6381
44465,Ryan Penning,Atlanta Braves,106,88,364,331,77,56,15,0,6,26,30,29,0,1,2,1,0,49,6,3.8956043956043955,1,0,-1.8283
47154,J.P. Ogden,Cleveland Guardians,97,97,364,339,73,64,8,0,1,22,23,20,0,0,3,2,0,78,6,3.8983516483516483,0,0,-1.1019
47106,Matt Eastwood,Colorado Rockies,98,96,363,325,69,42,20,2,5,33,29,27,0,1,4,5,1,108,7,4.0440771349862255,3,2,-1.2652
50588,Craig Williams,Pittsburgh Pirates,101,95,363,334,71,51,13,0,7,30,37,23,0,3,1,2,0,88,10,3.9393939393939394,1,0,-3.0822
36291,Victor Vaughan,Philadelphia Phillies,96,94,357,296,63,38,8,0,17,43,39,50,1,4,2,5,0,66,3,4.280112044817927,0,0,-3.9985
52145,Luis Herrera,Los Angeles (A) Angels,102,96,357,332,67,52,9,2,4,27,27,13,0,10,0,2,0,107,8,4.044817927170868,4,1,0.6176
44765,Manny Mosqueda,Philadelphia Phillies,93,83,351,316,78,43,20,4,11,29,43,30,0,5,0,0,0,79,3,3.849002849002849,18,1,0.5224
22427,Alex Castaneda,San Francisco Giants,92,91,350,294,68,49,13,1,5,32,33,42,0,9,2,2,1,72,9,4.131428571428572,8,0,-1.2742
52608,Jonathan Gayle,New York (N) Mets,109,91,350,319,66,41,16,1,8,35,33,22,0,3,1,5,0,81,11,3.942857142857143,11,4,1.3856
30641,Dave Rhoads,Washington Nationals,88,88,349,304,68,49,15,0,4,27,21,39,0,2,1,3,0,97,9,4.289398280802292,0,0,-0.5692
35875,Efrain Vasquez,Atlanta Braves,103,85,347,310,58,33,18,0,7,21,27,27,0,7,2,1,0,109,11,4.106628242074928,0,2,0.9987
52110,Juan Villarreal,Oakland Athletics,96,94,347,329,72,46,14,0,12,39,39,16,0,2,0,0,0,98,6,3.8069164265129682,12,5,-1.738
50927,Jared Ledbetter,Cleveland Guardians,84,82,345,322,74,50,14,2,8,43,39,17,0,6,0,0,0,90,6,3.8376811594202898,14,5,2.154
48796,Nick Fisher,Los Angeles (A) Angels,93,87,343,322,70,41,13,2,14,51,32,17,0,2,0,2,0,84,10,3.9183673469387754,3,2,0.1828
46866,Steve Bennett,Toronto Blue Jays,121,85,341,310,77,45,20,1,11,43,40,22,0,4,3,2,0,83,6,3.9208211143695015,2,0,-0.8172
46059,Ernie Takats,Atlanta Braves,115,79,339,291,60,46,12,0,2,17,26,34,0,2,10,2,0,86,6,4.011799410029498,3,0,1.1757
24546,Jason Drago,Los Angeles (A) Angels,90,84,336,282,56,35,11,1,9,26,36,46,0,5,1,2,0,67,4,4.059523809523809,0,0,-0.8985
51299,Bryan Winford,Colorado Rockies,85,83,333,299,58,36,12,0,10,37,24,17,0,9,4,4,0,84,8,3.795795795795796,0,0,-1.9147
52427,Sean Powell,Philadelphia Phillies,108,74,329,294,80,54,14,2,10,43,33,32,3,0,0,3,0,68,5,3.811550151975684,1,0,0.0625
28524,Ken Meredith,Atlanta Braves,96,84,326,297,53,42,4,0,7,21,25,23,0,4,0,1,1,88,9,4.079754601226994,1,1,-0.1153
47405,Nick Williams,Miami Marlins,82,82,325,274,54,33,16,0,5,26,29,39,0,7,3,2,0,73,8,4.206153846153846,9,6,0.6297
50190,Jose Rodriguez,Tampa Bay Rays,86,81,325,293,67,42,9,0,16,39,37,23,0,3,0,6,0,74,3,3.92,0,0,0.3188
51936,Francisco Pena,Tampa Bay Rays,80,80,323,303,68,42,13,0,13,44,38,15,0,3,0,2,0,57,8,3.8606811145510838,0,0,-5.6995
44843,Edgar Navarro,Los Angeles (N) Dodgers,106,73,321,285,68,39,13,1,15,43,41,30,1,4,0,2,0,67,5,4.127725856697819,0,0,-1.1652
52391,Sean Bruce,St. Louis Cardinals,100,73,321,291,71,52,13,0,6,27,30,23,1,2,2,3,0,57,6,3.7725856697819315,2,2,1.4183
52448,Dustin Williams,Arizona Diamondbacks,98,83,321,291,60,38,8,2,12,29,32,22,0,3,3,2,0,82,4,4.165109034267913,8,1,1.0994
53049,Matt Jabs,Arizona Diamondbacks,87,85,317,283,66,48,11,0,7,30,38,21,0,10,1,2,0,76,8,3.9842271293375395,1,2,0.7955
38073,Mike Bunn,Chicago (A) White Sox,95,85,314,288,62,44,9,0,9,31,30,19,0,2,3,2,0,75,8,3.71656050955414,3,2,0.0837
50183,Robby Almaguer,Philadelphia Phillies,86,73,313,294,75,45,7,1,22,57,49,16,0,0,0,3,0,66,8,3.926517571884984,3,1,1.6589
51077,Mark McDermott,Boston Red Sox,94,74,313,281,67,37,18,0,12,47,41,20,0,7,2,3,0,67,5,4.060702875399361,8,3,2.4224
44772,Carlos Ursua,Washington Nationals,89,82,312,286,53,33,12,2,6,20,24,18,0,2,4,2,0,96,8,3.96474358974359,7,3,0.1801
50968,Tim Zingale,Chicago (N) Cubs,91,82,311,283,58,45,11,1,1,15,29,20,0,3,3,2,0,65,3,3.729903536977492,6,2,0.7286
36111,Danny Espinoza,Miami Marlins,88,76,310,281,58,43,10,1,4,27,24,22,1,1,0,6,0,78,10,4.054838709677419,0,1,-0.8063
46932,Quincy Muse,Toronto Blue Jays,112,65,310,294,70,49,18,1,2,22,36,6,0,3,4,3,0,72,4,3.664516129032258,8,2,2.2973
51107,Travis Fritts,New York (A) Yankees,82,78,309,288,57,40,9,0,8,27,33,14,0,5,1,1,0,70,5,3.766990291262136,1,0,0.8837
23282,Jeremy Massena,San Diego Padres,83,80,307,268,44,34,8,1,1,18,23,32,0,1,1,4,1,93,2,4.100977198697068,1,0,-1.7806
22514,Tyler Sontag,Chicago (A) White Sox,82,73,306,263,52,34,12,1,5,26,32,34,0,4,3,2,0,93,4,4.218954248366013,14,4,0.9749
50206,Octavio Cabrera,Cincinnati Reds,96,74,305,271,64,39,10,1,14,42,38,30,1,0,0,4,0,58,5,4.229508196721311,3,1,-1.3881
50532,Brian Witter,Milwaukee Brewers,79,73,300,271,64,47,10,1,6,35,31,25,1,2,0,2,0,70,6,4.07,3,0,-0.9712
52303,Manny Pagan,Washington Nationals,75,75,300,274,67,37,19,1,10,30,35,23,0,2,1,0,0,78,7,3.9566666666666666,1,1,0.6108
50941,Tom Sams,St. Louis Cardinals,112,69,298,264,47,29,10,3,5,23,31,23,0,7,1,3,0,68,6,3.9093959731543624,11,2,2.0799
31667,David Lodovico,Detroit Tigers,77,69,296,254,47,23,10,3,11,25,23,39,0,2,1,0,0,82,7,4.243243243243243,3,0,-0.4194
47050,Jamie Boldin,Cleveland Guardians,68,66,295,275,60,37,13,2,8,25,41,15,0,2,1,2,0,63,5,3.8372881355932202,12,3,1.1772
56870,Sean Aultman,Miami Marlins,79,75,292,262,54,38,7,0,9,31,22,20,0,5,2,3,0,81,3,4.054794520547945,0,0,-2.3376
50189,Luis Diaz,Seattle Mariners,93,57,291,257,69,50,8,4,7,38,33,24,1,7,0,3,0,62,10,4.261168384879725,15,6,0.0629
56760,Joe Scott,San Diego Padres,99,62,290,263,76,57,13,2,4,37,32,22,2,1,0,4,0,48,3,3.906896551724138,16,4,-0.5485
50277,Tony Pina,Toronto Blue Jays,96,74,287,267,51,32,12,3,4,23,23,13,0,2,3,2,0,103,7,4.2613240418118465,0,2,1.1357
38850,Dan Caldeirinha,Cincinnati Reds,74,65,286,246,67,35,10,0,22,45,42,33,1,6,0,1,0,59,6,4.118881118881119,0,0,-1.7068
50661,Roland Little,Los Angeles (A) Angels,105,68,286,260,57,41,8,0,8,30,25,14,0,3,3,6,0,62,6,3.734265734265734,2,2,-0.8431
51769,Rodrigo Suarez,Washington Nationals,77,68,286,262,66,45,10,0,11,27,35,21,0,0,0,3,0,61,6,3.93006993006993,0,2,-1.7994
35593,Phil Harris,Milwaukee Brewers,84,62,282,246,42,21,9,0,12,31,28,32,1,1,1,2,0,116,9,4.287234042553192,5,1,-0.3546
48772,Jack Banks,Chicago (N) Cubs,82,64,278,258,55,41,7,1,6,24,32,9,0,3,5,2,1,65,3,3.697841726618705,34,6,2.0209
52100,Mario Medina,Los Angeles (A) Angels,70,70,278,255,59,33,19,0,7,30,20,17,0,2,1,3,0,74,4,3.9964028776978417,0,1,-1.4395
55086,Jason Simpson,Texas Rangers,73,67,278,255,59,42,11,1,5,31,25,16,0,3,2,2,0,84,3,4.071942446043166,0,0,-1.139
55202,Bryan Knick,New York (A) Yankees,76,74,278,261,57,36,12,2,7,23,24,14,0,0,1,2,0,71,2,3.7482014388489207,1,0,-1.352
44797,David Mendoza,Philadelphia Phillies,73,69,276,240,50,30,6,1,13,31,32,30,0,5,0,1,0,74,5,3.9927536231884058,0,1,-1.0548
52137,Manny Medina,Detroit Tigers,72,63,268,237,60,41,11,0,8,35,29,26,3,3,0,2,0,47,5,3.9402985074626864,0,0,-0.0724
58353,Nathan Stienstra,Baltimore Orioles,71,67,267,224,46,33,5,1,7,29,22,38,5,4,0,1,0,52,7,4.063670411985019,0,0,-4.9181
46362,Roberto Quijada,Washington Nationals,69,64,266,243,55,41,7,3,4,25,31,18,0,0,3,2,0,57,5,4.007518796992481,3,1,-0.9032
47344,Joey Southerland,Chicago (A) White Sox,72,64,265,253,53,41,7,0,5,24,22,11,0,0,0,1,0,51,4,3.8452830188679243,0,1,-1.0783
50196,Luis Ramires,Milwaukee Brewers,73,64,265,243,64,40,13,0,11,23,32,20,1,2,0,0,0,72,3,4.056603773584905,3,1,-3.2318
48770,Josh Pontarelli,Minnesota Twins,80,62,262,244,61,38,17,0,6,24,29,15,0,1,1,1,0,69,4,3.9923664122137406,9,2,0.7581
52292,Sam Ballard,Texas Rangers,65,61,262,231,66,34,23,1,8,32,41,25,2,5,0,1,0,56,4,3.969465648854962,20,4,2.607
46911,Dave McClure,Baltimore Orioles,81,63,259,234,43,22,11,0,10,38,27,19,1,3,0,3,0,74,3,3.988416988416988,0,0,-0.477
52557,Brent Coltharp,Tampa Bay Rays,60,59,257,236,57,39,9,0,9,31,33,16,1,2,0,3,0,48,7,4.007782101167315,8,3,0.2764
50697,Carlos Jimenez,Colorado Rockies,75,67,254,234,52,39,8,0,5,27,25,14,0,1,0,5,0,70,9,3.952755905511811,0,0,-0.1916
56759,Nate Strong,New York (A) Yankees,75,58,252,235,66,50,8,1,7,25,32,10,0,4,3,0,0,44,6,4.123015873015873,8,4,1.713
52084,Manny Perez,Chicago (A) White Sox,66,63,250,226,61,37,11,1,12,36,34,17,0,6,0,1,0,66,3,4.104,17,4,1.5199
52671,Adam Lussow,Colorado Rockies,60,57,249,232,70,42,16,2,10,43,31,13,0,2,0,2,0,61,8,4.024096385542169,0,1,-2.1358
50282,Leonel Valenzuela,Atlanta Braves,64,60,248,203,61,40,10,0,11,35,27,34,3,9,0,2,0,62,4,4.137096774193548,0,0,0.1014
22844,Brian Jones,Baltimore Orioles,71,68,247,221,45,36,4,0,5,21,22,25,0,1,0,0,0,64,3,4.165991902834008,0,1,-0.506
47387,Sam Edwards,San Francisco Giants,65,62,245,228,53,34,13,1,5,29,29,14,0,1,0,2,0,43,1,3.8081632653061224,3,1,0.151
55162,Justin Zelaya,Pittsburgh Pirates,94,49,245,219,64,44,8,1,11,40,39,17,0,5,0,4,0,44,6,3.836734693877551,0,0,-2.0857
47626,Teguh Alisjahbana,Colorado Rockies,80,56,244,223,56,39,8,3,6,25,33,12,0,2,6,1,0,61,4,3.9385245901639343,8,1,2.3506
51700,Victor Cardo,San Francisco Giants,70,59,241,226,64,52,10,1,1,27,22,5,0,5,1,4,0,37,1,3.5643153526970957,0,1,-1.228
51036,Paul Saxby,Houston Astros,66,60,235,209,45,34,11,0,0,12,14,23,0,1,1,1,0,57,1,3.7872340425531914,0,1,-1.9069
53776,Gui-fei Sa,Philadelphia Phillies,58,57,234,211,48,31,7,0,10,27,24,15,1,7,0,1,0,79,4,4.05982905982906,0,1,-0.3623
51175,Tom Bjorklund,Miami Marlins,69,61,231,209,36,23,8,2,3,16,20,16,0,4,2,0,0,64,5,3.935064935064935,1,2,-0.0806
52908,Shozo Takeda,Tampa Bay Rays,51,51,229,210,42,32,10,0,0,9,27,18,0,1,0,0,0,54,5,4.078602620087336,0,0,-0.7862
49024,Dustin Scrivner,Chicago (A) White Sox,63,57,226,214,65,45,14,0,6,23,26,8,0,4,0,0,0,34,0,3.774336283185841,2,0,-0.941
61108,Chang-weon Hann,Boston Red Sox,102,38,224,204,53,31,18,1,3,25,17,16,1,3,0,1,0,23,7,3.96875,2,0,-0.4198
50731,Josh Crosby,Oakland Athletics,70,51,222,191,38,32,6,0,0,15,11,27,0,1,0,3,0,33,6,3.9414414414414414,0,0,-1.2473
52112,Danny Cortez,Los Angeles (A) Angels,54,53,222,199,59,42,5,1,11,27,29,18,4,4,0,1,0,54,4,3.72972972972973,3,1,1.3807
47266,Joel Taylor,Houston Astros,62,50,218,203,44,34,5,0,5,27,19,13,0,1,0,1,0,46,4,3.94954128440367,0,0,-1.1867
50616,Ken Schultz,Houston Astros,64,52,218,183,37,19,9,1,8,25,27,31,0,1,3,0,0,64,5,4.275229357798165,1,0,-1.077
51052,Josh Teply,Cincinnati Reds,61,57,218,206,44,32,12,0,0,12,14,4,0,4,2,2,0,39,2,3.697247706422018,0,0,-0.1391
24357,Bob Vega,Colorado Rockies,58,54,216,194,43,27,14,0,2,14,18,20,0,1,1,0,0,40,2,4.069444444444445,1,0,-0.0207
50603,Rich Folks,New York (N) Mets,60,50,215,186,45,28,8,0,9,28,23,24,3,3,0,2,0,38,7,4.074418604651163,9,3,1.2505
44310,John Beanblossom,Miami Marlins,63,57,210,181,44,31,11,0,2,21,13,21,0,1,5,2,0,55,4,3.8714285714285714,0,1,-0.1045
28533,Justin Hawkins,San Francisco Giants,70,43,207,185,37,22,8,1,6,28,27,18,1,3,0,1,0,64,7,4.318840579710145,7,3,0.7523
51590,Mario Amalla,Cincinnati Reds,53,44,205,187,45,28,7,1,9,30,27,14,1,2,0,2,0,38,4,4.068292682926829,2,0,-0.4576
47700,Luke Ziegler,Baltimore Orioles,56,51,203,190,51,34,14,0,3,17,18,10,0,2,0,1,0,41,6,3.935960591133005,0,0,-2.897
48418,Jon Ramirez,New York (A) Yankees,67,53,199,190,43,27,13,2,1,19,21,6,0,1,0,2,0,58,6,3.9396984924623117,0,0,0.4551
47026,Michael Medina,Pittsburgh Pirates,89,47,196,187,44,28,6,0,10,31,25,7,0,0,0,2,0,50,5,3.857142857142857,2,0,0.5124
55304,Josh Williams,Cleveland Guardians,53,45,195,178,32,26,5,0,1,19,11,12,0,3,0,2,0,55,4,3.81025641025641,1,1,-0.4642
28824,Chris Vanover,Chicago (A) White Sox,60,45,193,186,43,34,7,1,1,12,13,5,0,0,0,2,0,37,4,3.839378238341969,1,0,0.6561
46958,Geoff Jenkins,Texas Rangers,52,48,192,177,40,21,12,0,7,23,14,13,0,0,0,2,0,62,2,4.041666666666667,0,0,-1.5777
50168,Hugo de Leon,Minnesota Twins,71,44,192,176,29,19,6,0,4,21,13,11,0,2,1,1,1,63,3,4.036458333333333,7,0,-1.3656
52572,Jose Avila,Oakland Athletics,49,46,192,169,41,19,13,0,9,29,28,20,3,1,0,2,0,73,3,4.078125,9,1,-0.1634
46813,Chris Greco,Texas Rangers,65,45,191,180,42,31,8,1,2,17,15,9,0,1,0,1,0,53,2,3.926701570680628,2,3,0.2876
49734,Aaron Bailey,Boston Red Sox,79,48,190,176,41,30,6,0,5,17,21,10,0,4,0,0,0,66,4,3.9210526315789473,0,0,-2.939
52669,Bill Vaughn,Boston Red Sox,96,42,188,180,36,26,4,1,5,18,16,5,0,0,0,2,1,52,2,3.8138297872340425,2,0,0.7961
55080,Ray Longworth,Milwaukee Brewers,54,47,186,177,38,31,4,1,2,11,20,7,1,0,0,2,0,25,3,3.693548387096774,14,1,1.8556
29116,Matt Roach,Houston Astros,52,46,184,167,51,33,13,0,5,17,17,11,0,5,0,1,0,40,6,3.630434782608696,0,0,-1.3574
49305,Scott Schneider,San Francisco Giants,61,48,184,160,39,34,4,1,0,13,23,20,0,2,0,2,0,37,1,4.130434782608695,2,1,-1.3300999999999998
47728,Phil Dorsey,Minnesota Twins,99,44,183,170,33,25,8,0,0,10,11,10,0,0,1,2,0,56,1,3.726775956284153,5,2,-0.9206
50274,Alex Canales,Oakland Athletics,57,37,182,168,31,22,5,1,3,15,9,11,0,1,0,2,0,50,2,3.9725274725274726,4,0,-0.9258
52079,Dan Maez,Detroit Tigers,56,46,179,164,34,29,1,0,4,13,14,10,0,5,0,0,0,53,2,4.027932960893855,6,1,0.9747
52368,Jeff Daniels,Chicago (A) White Sox,50,43,179,163,41,28,9,2,2,16,13,11,0,2,2,1,0,39,3,3.8268156424581004,1,2,-0.7944
49209,Zack Brown,San Diego Padres,56,50,178,163,26,19,5,1,1,12,9,8,0,3,0,4,0,55,3,4,0,0,0.0245
58372,Brian Buron,Kansas City Royals,60,46,178,166,35,21,8,0,6,13,19,9,0,1,1,1,0,44,4,3.842696629213483,1,1,-0.1732
26457,Cameron Mahar,San Diego Padres,49,47,177,155,33,25,5,2,1,8,19,19,0,3,0,0,0,43,3,4.248587570621469,4,1,1.3465
42606,William Gonzales,0,47,46,177,158,30,25,5,0,0,9,15,12,0,3,3,1,0,46,4,4.11864406779661,3,1,-0.0389
51212,Kevin Allder,Oakland Athletics,51,45,177,161,35,27,5,0,3,16,13,14,0,1,0,1,0,47,7,4.101694915254237,0,0,-0.9024
52022,Melvin Martinez,Atlanta Braves,50,40,176,164,28,18,5,0,5,13,13,6,0,2,2,2,0,38,2,3.6761363636363638,1,2,1.2214
48402,Ricardo Rubio,Philadelphia Phillies,57,38,175,166,40,21,7,0,12,24,25,9,1,0,0,0,0,45,5,3.914285714285714,0,0,-0.6751
54998,Gerardo Dominguez,Cleveland Guardians,42,40,173,161,51,39,6,1,5,28,16,9,1,1,0,2,0,17,3,3.791907514450867,0,1,0.032
51523,Scott Brock,Baltimore Orioles,45,41,172,152,31,18,8,0,5,10,19,16,0,2,0,2,0,50,4,4.267441860465116,0,0,-0.1925
44729,Edwin Aredondo,Minnesota Twins,56,35,165,150,39,25,7,0,7,25,17,12,0,2,0,1,0,29,6,3.903030303030303,0,0,-0.4253
52798,Clint Reynolds,Arizona Diamondbacks,69,36,165,148,29,19,3,0,7,17,21,14,1,0,2,1,0,61,0,4.127272727272727,4,1,1.1352
53736,Omar Cruz,New York (A) Yankees,58,39,164,152,36,27,6,0,3,20,15,7,0,1,0,3,1,40,4,3.725609756097561,0,0,-1.3252
58365,John Syring,Kansas City Royals,88,38,164,148,43,27,8,1,7,19,19,14,0,0,1,1,0,36,1,4.079268292682927,0,0,-1.4653
50984,Bob Wolfe,Detroit Tigers,47,38,162,149,30,21,2,0,7,17,19,10,0,1,0,2,0,43,5,3.8518518518518516,0,0,-2.1865
24170,Jose de Haro,St. Louis Cardinals,40,35,161,145,30,18,9,1,2,7,15,15,0,1,0,0,0,43,2,4,5,0,0.909
49834,Alex Lujan,Oakland Athletics,58,41,161,150,36,26,3,2,5,20,17,8,0,2,1,0,0,49,1,4.142857142857143,1,0,-0.2982
50001,Juan Galeas,Los Angeles (N) Dodgers,49,38,161,145,34,20,8,1,5,12,17,8,0,6,1,1,0,37,1,3.8385093167701863,0,0,-1.1733
50262,Gerardo Bernal,Chicago (A) White Sox,45,40,160,145,39,23,12,0,4,14,16,9,0,3,1,2,0,43,2,3.99375,0,0,-0.2985
51062,Steve Leggett,Minnesota Twins,84,40,158,151,39,25,10,1,3,24,10,3,0,2,0,2,0,45,4,3.721518987341772,1,0,-2.5723
48724,Andy Weaver,New York (N) Mets,45,42,157,139,21,17,1,0,3,11,12,13,0,3,2,0,0,45,2,4.101910828025478,0,0,-0.0848
29057,Pat Branco,Pittsburgh Pirates,61,36,156,144,29,18,6,0,5,15,17,10,0,1,0,1,0,45,4,4.2243589743589745,0,0,-1.7298
26374,Barry Bryant,St. Louis Cardinals,54,33,154,142,32,17,10,0,5,22,15,10,0,2,0,0,0,49,2,4.084415584415584,1,1,-0.9032
46021,Mike Owens,Milwaukee Brewers,50,35,153,142,28,22,4,0,2,9,13,6,0,2,1,2,0,43,1,3.7973856209150325,5,3,-0.6502
49034,Devin Bouma,New York (N) Mets,64,35,153,133,31,24,5,0,2,10,18,15,0,0,4,1,0,36,3,3.8562091503267975,2,0,0.4851
24760,Steve Regan,Chicago (N) Cubs,47,37,150,139,29,20,8,0,1,11,15,7,0,1,0,3,0,33,1,3.88,1,1,1.045
47904,Paul Barnhart,Houston Astros,49,34,150,145,33,28,4,0,1,8,13,3,0,1,1,0,0,48,2,3.98,0,0,0.0201
49633,Nate Roszkowski,Washington Nationals,37,37,150,130,32,21,4,1,6,18,14,13,0,3,0,4,0,36,1,3.96,1,0,-1.119
50278,Oscar Vazquez,New York (N) Mets,59,35,150,138,33,23,1,0,9,25,18,10,0,1,0,1,0,33,1,4.006666666666667,0,0,-0.9529
56879,Matt Wilkes,Colorado Rockies,37,33,150,127,25,16,7,0,2,13,16,18,0,1,3,1,0,29,4,4.033333333333333,0,0,-1.1752
51116,Brian Melton,Pittsburgh Pirates,57,37,149,133,34,25,6,0,3,9,19,13,0,3,0,0,0,41,2,4.181208053691275,2,1,-0.5228
49105,Chris Linkous,Philadelphia Phillies,48,40,148,130,27,21,3,1,2,9,12,16,0,1,1,0,0,38,2,4.222972972972973,0,0,-1.6619
42468,Emanuele Cirese,Los Angeles (N) Dodgers,74,28,147,129,37,31,6,0,0,12,22,10,0,1,4,3,0,19,4,3.7006802721088436,2,3,-0.0846
48330,Victor Castellanos,Chicago (N) Cubs,38,38,146,122,21,15,2,0,4,13,19,18,0,3,2,1,0,49,1,4.226027397260274,0,0,-0.8247
50246,Mario Gutierrez,Los Angeles (N) Dodgers,48,31,144,127,25,18,4,0,3,15,13,12,0,4,0,1,0,28,1,3.8125,0,2,0.8752
49334,Jim Aguilar,Tampa Bay Rays,40,39,143,135,25,20,5,0,0,10,15,5,0,2,1,0,0,41,1,3.993006993006993,0,0,-0.6415
51790,Noe Pereira,Philadelphia Phillies,38,34,143,128,32,16,8,3,5,17,18,13,1,2,0,0,0,33,2,4.1328671328671325,2,0,-0.3871
50867,Jeremy Turner,Seattle Mariners,36,34,142,128,39,30,6,0,3,10,16,9,0,2,2,1,0,20,3,3.563380281690141,2,1,1.4769
21686,Jordan Sanchez,Houston Astros,43,29,140,123,30,17,6,1,6,17,23,14,0,2,0,1,0,50,3,4.107142857142857,1,0,0.6309
53284,Eric Cimini,Tampa Bay Rays,37,36,140,132,33,23,4,1,5,15,17,6,0,2,0,0,0,42,1,3.8857142857142857,0,0,0.6259
59931,Larry Phillips,New York (N) Mets,43,38,140,121,27,15,10,1,1,7,20,12,0,4,3,0,0,42,5,4.142857142857143,7,0,-0.1693
42347,Elias Torres,Kansas City Royals,43,31,136,125,26,18,5,0,3,7,19,10,0,1,0,0,0,26,3,4,3,2,0.8545
50218,Carlos Deras,Seattle Mariners,47,38,136,117,23,18,4,0,1,14,13,11,0,1,5,1,1,26,2,3.9191176470588234,0,0,-0.3581
50232,Danny Altreche,Detroit Tigers,37,35,136,127,33,20,6,1,6,20,12,7,0,0,1,1,0,36,3,3.823529411764706,0,0,-0.0363
49328,Eddie Maravilla,Arizona Diamondbacks,43,37,134,123,16,14,0,0,2,9,7,10,0,0,1,0,0,47,0,3.9477611940298507,0,0,-0.2569
51342,Ron Dotson,Seattle Mariners,86,14,133,117,25,15,6,0,4,14,17,14,3,2,0,0,0,41,5,4.090225563909774,3,3,0.98
54925,Alex de Santos,Texas Rangers,42,34,133,124,25,19,2,0,4,15,13,8,0,0,1,0,0,35,1,3.7969924812030076,4,0,1.1447
50220,Ed Martinez,Milwaukee Brewers,41,37,132,124,34,25,6,0,3,13,17,5,0,0,0,3,0,29,0,3.5,0,0,-0.8288
48873,Chris Ewald,New York (N) Mets,36,33,131,117,22,17,2,0,3,11,9,11,0,0,0,3,0,39,0,4.129770992366412,0,0,-2.3002
42268,Arturo Banda,Los Angeles (A) Angels,59,28,129,119,19,15,2,0,2,9,10,5,0,0,2,3,0,42,2,3.953488372093023,2,0,0.6051
48761,Fred Heinke,New York (N) Mets,47,31,129,115,21,16,3,0,2,7,16,12,1,1,0,1,0,36,0,4.155038759689923,7,2,0.6551
58368,Ryan Johnston,San Francisco Giants,40,35,129,120,29,15,11,0,3,16,13,8,0,0,1,0,0,31,0,4.0852713178294575,0,0,1.162
49776,Joe Spears,Los Angeles (N) Dodgers,62,22,127,109,24,16,6,0,2,14,14,11,1,4,0,3,0,28,2,3.826771653543307,1,1,0.2419
53243,Jerry Vincent,Tampa Bay Rays,32,30,126,117,24,16,7,0,1,10,9,7,0,2,0,0,0,42,1,4.111111111111111,0,0,-0.7986
49955,Daniel Vasquez,Baltimore Orioles,38,28,124,105,23,15,5,0,3,14,16,14,0,3,0,2,0,23,1,3.6370967741935485,0,0,-0.0516
52657,Tony Martinez,Detroit Tigers,46,25,124,111,21,16,4,0,1,5,12,9,0,1,2,1,0,23,3,4.07258064516129,2,1,1.0551
58366,Matt Warchol,Philadelphia Phillies,37,35,124,112,28,18,5,0,5,11,17,12,0,0,0,0,0,28,3,4.080645161290323,5,1,1.1194
46674,Joey Graham,Kansas City Royals,46,28,123,111,26,14,10,1,1,15,16,6,0,1,3,2,0,35,1,3.8780487804878048,5,0,0.8533
35077,Fergus Anderson,Philadelphia Phillies,43,23,116,109,16,12,2,0,2,10,9,6,0,0,0,1,0,31,4,3.9913793103448274,0,0,0.271
48988,Don Koch,New York (N) Mets,35,27,114,103,17,12,3,0,2,7,7,9,0,1,0,0,1,31,2,3.7719298245614037,0,0,-0.0669
52564,Jon Brindisi,Pittsburgh Pirates,31,30,111,101,24,14,7,0,3,10,11,9,0,0,0,1,0,30,1,3.963963963963964,1,0,-1.4448
45843,Juan Albarran,Tampa Bay Rays,25,24,108,95,26,17,6,0,3,12,15,13,0,0,0,0,0,24,4,4.2592592592592595,0,0,-0.9822
46037,Vic Entz,Toronto Blue Jays,30,26,105,93,29,16,6,1,6,22,19,12,0,0,0,0,0,27,3,4.038095238095238,0,0,0.1788
48762,Jimmy Marcus,Boston Red Sox,31,26,103,93,27,15,11,0,1,8,17,8,0,1,0,1,0,23,0,3.8932038834951457,2,1,0.3085
52279,Chris Caldas,Milwaukee Brewers,41,26,99,92,22,15,5,0,2,10,15,5,0,1,1,0,0,24,2,3.696969696969697,1,0,-0.8391
51639,Jeremy Shamblin,Cleveland Guardians,26,26,98,92,19,19,0,0,0,4,6,4,0,1,0,1,0,31,3,3.9183673469387754,0,0,0.5617
52004,Ramon Colocho,San Francisco Giants,25,24,96,88,24,10,11,0,3,21,10,6,0,1,1,0,0,22,2,3.9270833333333335,0,0,0.2316
52340,Jeremy Weir,Cleveland Guardians,27,26,95,89,15,9,1,0,5,10,8,4,0,2,0,0,0,20,4,3.694736842105263,0,0,-1.4421
52727,Erik Moore,Miami Marlins,30,20,95,83,20,14,3,1,2,10,10,8,0,2,0,2,0,12,0,3.8842105263157896,1,0,0.6024
50751,Marc King,0,30,25,92,85,16,12,1,0,3,7,10,6,0,1,0,0,0,23,3,4.195652173913044,0,0,-0.6128
58413,Harvey Stoppard,New York (A) Yankees,23,21,91,76,19,9,0,0,10,22,12,12,1,2,0,1,0,25,1,4.164835164835165,0,1,-0.5149
47772,Randy Talley,Colorado Rockies,35,17,90,80,17,9,6,1,1,12,9,6,0,1,2,1,0,16,2,3.8444444444444446,0,0,0.8468
50819,John Rios,San Francisco Giants,71,16,89,79,26,14,9,2,1,11,13,6,0,0,2,2,0,11,0,3.7752808988764044,7,2,1.2204
56362,Santiago Nuno,Colorado Rockies,19,19,87,76,21,13,4,0,4,14,14,8,0,3,0,0,0,23,1,4.091954022988506,0,0,-0.106
52074,Jaime Guzman,Atlanta Braves,22,19,85,79,19,13,2,0,4,13,13,4,1,1,0,1,0,13,4,3.5294117647058822,1,0,0.2973
54160,Ramiro Quintanilla,Detroit Tigers,23,23,84,76,26,22,3,0,1,6,8,6,0,1,0,1,0,11,0,4,0,0,0.4659
51998,Alejandro Serrato,Tampa Bay Rays,22,20,83,74,20,14,4,0,2,8,10,7,0,1,0,1,0,17,2,4,0,1,0.5273
47770,Jon Cooney,Milwaukee Brewers,27,16,81,70,23,12,6,0,5,13,9,9,0,2,0,0,0,23,2,4.271604938271605,0,0,-0.1762
52321,Josh Holden,Cincinnati Reds,26,22,80,73,14,10,2,1,1,5,3,6,0,0,0,1,0,20,0,3.95,0,0,0.021
29103,John Hewett,Texas Rangers,38,13,78,70,11,6,3,0,2,5,10,6,0,1,1,0,0,21,2,3.871794871794872,0,0,0.5599
29318,Darren Tabak,Houston Astros,28,18,77,72,16,10,0,0,6,15,11,4,0,0,0,1,0,11,2,4.038961038961039,0,0,0.2399
51167,Angel Ortiz,Chicago (A) White Sox,22,17,76,73,10,6,3,1,0,3,9,2,0,0,0,1,0,20,1,3.9078947368421053,3,1,0.384
46746,Daniel Freymiller,New York (N) Mets,27,17,75,74,14,10,3,0,1,5,4,1,0,0,0,0,0,15,1,4.08,1,0,-1.1832
52763,ID 52763,Miami Marlins,21,19,73,68,5,3,1,0,1,2,5,4,0,0,1,0,0,31,1,4.191780821917808,0,0,0.0348
45961,Chris Davis,San Diego Padres,23,18,71,65,13,6,3,1,3,7,4,3,0,2,0,1,0,18,2,4.197183098591549,0,0,0.2987
49224,Geoff Hedrick,New York (N) Mets,33,16,70,60,13,11,2,0,0,4,6,7,1,1,2,0,0,22,1,4.014285714285714,1,1,-1.0017
50284,Alex Escobar,Kansas City Royals,31,13,68,61,10,9,1,0,0,3,2,5,0,1,1,0,0,18,1,3.7941176470588234,0,0,0.052500000000000005
47888,Ben Mishoe,Pittsburgh Pirates,54,7,67,63,15,12,2,0,1,10,3,4,0,0,0,0,0,17,1,4.1940298507462686,1,1,-0.0257
47379,Willie Urbano,New York (N) Mets,26,15,66,60,13,12,1,0,0,4,6,5,0,0,1,0,0,12,1,3.590909090909091,3,0,0.0931
25277,Eddie Reyes,San Francisco Giants,17,16,65,60,17,13,4,0,0,6,5,4,0,0,0,1,0,8,1,4.015384615384615,0,0,-0.3883
52468,Jay Lotts,0,23,17,65,60,11,9,2,0,0,3,7,4,0,0,1,0,0,10,0,3.7384615384615385,0,0,-0.857
52491,Pat Huckins,Atlanta Braves,19,18,65,56,18,13,4,0,1,4,2,7,0,1,1,0,0,14,3,4.446153846153846,0,0,-0.7164
55176,Austin Gillette,St. Louis Cardinals,22,19,64,57,9,6,3,0,0,2,4,6,0,1,0,0,0,19,2,4.03125,0,0,0.229
27076,Ryan Emerson,Houston Astros,23,15,62,54,10,8,2,0,0,3,2,8,0,0,0,0,0,13,1,4.274193548387097,1,1,0.5098
50595,Ryan Siegel,St. Louis Cardinals,20,16,60,53,14,10,3,0,1,4,6,5,0,0,2,0,0,14,1,3.95,1,0,-0.1449
51263,Matt Burland,San Francisco Giants,31,9,59,55,12,10,1,0,1,6,6,4,0,0,0,0,0,13,3,3.7457627118644066,0,1,-0.0972
33260,Jimmy Ingram,0,20,15,58,53,9,8,0,0,1,3,3,5,0,0,0,0,0,12,1,3.9827586206896552,0,0,0.1811
56907,Jose Cabrera,New York (N) Mets,20,16,55,47,7,5,1,0,1,7,4,6,0,2,0,0,0,21,0,4.290909090909091,0,0,-0.4438
47647,Rich Moore,Arizona Diamondbacks,24,11,54,51,9,6,2,1,0,4,4,1,0,1,0,1,0,19,0,3.814814814814815,0,1,0.0184
50959,Caleb Wilkinson,Kansas City Royals,15,13,54,52,17,12,4,0,1,4,3,1,0,0,0,1,0,11,0,3.925925925925926,0,0,-0.527
47691,Steve Botts,New York (N) Mets,21,11,52,46,12,5,5,1,1,6,7,5,0,0,1,0,0,13,2,4.076923076923077,2,1,-0.4984
52357,John Rothering,Miami Marlins,19,10,51,49,13,7,2,1,3,7,10,1,0,0,0,1,0,12,0,4.392156862745098,0,0,-0.6133
48771,Joe Horton,Arizona Diamondbacks,22,10,50,44,7,3,3,0,1,2,6,5,0,0,1,0,0,11,2,3.66,3,0,1.017
53020,Chuck Lear,Colorado Rockies,12,12,50,44,9,5,3,0,1,4,8,4,0,1,0,1,0,12,4,3.54,0,0,0.3552
50067,Jorge Dorado,Cincinnati Reds,13,11,49,46,5,4,0,0,1,1,7,3,0,0,0,0,0,21,0,4.244897959183674,0,0,-1.122
51690,Bill Hunter,Cincinnati Reds,17,13,49,43,8,5,0,0,3,6,3,3,0,1,1,1,0,10,0,4.040816326530612,0,0,-0.5532
36112,Luis Sanchez,Houston Astros,18,9,48,43,9,6,2,0,1,5,4,4,0,0,1,0,0,19,0,4.458333333333333,1,0,0.1036
51318,Brad Ferdman,New York (N) Mets,24,7,48,44,8,7,1,0,0,3,1,3,0,0,0,1,0,9,1,3.7916666666666665,0,0,-0.0733
52895,Kevin Carrier,Los Angeles (A) Angels,14,13,48,46,6,5,0,0,1,3,6,1,0,0,0,1,0,13,1,3.6041666666666665,0,0,0.3722
51559,Jesus Galaviz,Baltimore Orioles,14,11,47,45,8,5,2,0,1,5,4,1,0,0,0,1,0,11,2,3.765957446808511,1,0,0.4139
52030,Joaquin Santiago,Atlanta Braves,16,13,47,43,6,5,0,0,1,6,1,4,0,0,0,0,0,14,0,4.0212765957446805,0,0,-0.4363
53698,Lazaro Gamboa,Los Angeles (N) Dodgers,27,7,47,43,10,6,1,1,2,8,4,4,0,0,0,0,0,13,1,3.851063829787234,0,0,-0.6294
53423,Ricardo Merchan,Kansas City Royals,12,12,46,42,15,12,2,0,1,6,5,2,0,0,2,0,0,10,0,4.021739130434782,0,0,-2.189
46930,Ruben Penedo,Chicago (N) Cubs,16,8,45,41,12,10,0,1,1,6,6,2,0,0,1,1,0,5,0,3.8222222222222224,0,0,0.0791
50216,Rick Ibarra,Washington Nationals,20,12,45,42,3,3,0,0,0,1,3,1,0,1,0,1,0,20,0,3.977777777777778,0,0,-0.4569
53810,Henry Salinas,Los Angeles (N) Dodgers,27,8,43,40,4,4,0,0,0,2,4,1,0,2,0,0,0,17,0,4.1395348837209305,0,0,-0.2711
35576,Melvin Munoz,Colorado Rockies,18,8,42,39,8,6,0,1,1,2,4,2,1,0,0,0,1,14,1,3.5952380952380953,0,0,0.0773
49802,Brad James,Minnesota Twins,31,7,42,39,9,7,1,0,1,5,3,1,0,0,0,2,0,10,1,3.8333333333333335,2,0,0.3935
50242,Danny Diaz,Seattle Mariners,14,9,41,39,9,7,1,0,1,2,6,2,0,0,0,0,0,4,2,3.7560975609756095,0,0,0.5394
46276,Andy Greeley,Washington Nationals,10,10,40,33,7,7,0,0,0,1,2,7,0,0,0,0,0,6,1,4.35,0,0,-0.0399
56396,Roberto Orozco,New York (A) Yankees,10,9,40,35,11,10,1,0,0,6,1,5,0,0,0,0,0,14,0,4.5,0,0,-0.1108
37807,ID 37807,San Diego Padres,11,9,38,34,4,2,1,0,1,2,4,4,0,0,0,0,0,11,0,4.184210526315789,0,0,0.081
52748,Minh-Duc Huynh,Minnesota Twins,25,8,38,36,7,6,0,0,1,3,6,0,0,1,0,1,0,9,0,3.763157894736842,1,0,0.2901
49893,Sean Canan,Kansas City Royals,13,8,35,33,6,5,0,0,1,5,2,1,0,1,0,0,0,8,0,3.7142857142857144,1,1,-0.7781
56732,Scott Boyar,Tampa Bay Rays,9,8,35,33,8,5,2,0,1,12,4,2,0,0,0,0,0,8,0,3.6285714285714286,0,0,-0.7722
52429,Dylon MacDonald,Miami Marlins,10,10,34,27,5,3,1,0,1,5,2,3,0,2,0,2,0,6,1,3.7941176470588234,0,0,-0.3738
46595,Eddie Couch,Kansas City Royals,11,7,32,26,3,1,2,0,0,2,3,6,1,0,0,0,0,9,0,4.375,0,0,0.1777
47667,Carlos Pinto,New York (N) Mets,15,6,32,32,6,4,1,0,1,3,1,0,0,0,0,0,0,11,0,3.90625,0,0,-0.5089
47788,Justin Andrews,Houston Astros,10,7,29,26,5,4,0,1,0,3,2,3,0,0,0,0,0,14,0,4.413793103448276,0,0,-0.0006
50963,Caleb Risner,Pittsburgh Pirates,21,5,29,27,6,6,0,0,0,1,3,2,0,0,0,0,0,5,1,4.172413793103448,0,0,-1.213
51619,Omari Jacques,New York (N) Mets,10,10,29,28,7,6,1,0,0,1,3,1,0,0,0,0,0,9,0,3.4827586206896552,0,0,0.1703
56403,Alex Espino,Colorado Rockies,9,7,28,25,6,3,3,0,0,3,4,2,0,0,0,1,0,7,0,4.285714285714286,0,0,0.0058
61111,Goushi Kameda,San Diego Padres,11,5,28,27,4,3,1,0,0,0,0,1,0,0,0,0,0,5,1,3.9285714285714284,0,0,0.0711
27720,Israel Medina,Oakland Athletics,15,3,26,24,6,2,4,0,0,4,1,2,0,0,0,0,0,4,0,3.230769230769231,0,0,-0.1035
54049,Kevin Lewman,Baltimore Orioles,10,8,26,24,3,1,1,0,1,1,1,0,0,2,0,0,0,7,0,3.730769230769231,0,0,0
44694,Bobby Zarate,New York (N) Mets,19,7,25,25,2,1,1,0,0,3,1,0,0,0,0,0,0,3,1,3.44,1,0,0
46978,Mel Ortiz,Pittsburgh Pirates,21,1,25,18,6,6,0,0,0,2,5,5,0,1,0,1,0,4,0,4.16,2,1,-0.0938
58374,Malcolm Wilson,Houston Astros,8,7,25,24,9,6,3,0,0,0,3,1,0,0,0,0,0,5,0,4.4,0,0,0
31873,ID 31873,Tampa Bay Rays,7,7,23,20,2,2,0,0,0,2,0,2,0,0,0,1,0,3,1,3.5652173913043477,0,0,-0.1019
37934,John Leachman,Texas Rangers,6,6,22,21,3,3,0,0,0,1,1,1,0,0,0,0,0,6,0,4.090909090909091,0,0,-0.0539
47445,Jeremy Webb,0,12,4,22,20,3,2,1,0,0,2,3,1,0,0,0,1,0,8,1,3.590909090909091,0,0,-0.0023
50711,Tom Levie,Minnesota Twins,8,7,21,17,4,4,0,0,0,0,1,2,0,2,0,0,0,5,0,3.4285714285714284,0,0,0.2872
50783,Josh Carrillo,Colorado Rockies,24,0,20,16,3,2,1,0,0,3,0,3,0,1,0,0,0,6,0,4.45,0,0,-1.7407
34450,Mike Alessandro,Toronto Blue Jays,7,2,16,14,2,2,0,0,0,1,0,2,0,0,0,0,0,3,0,4.125,0,0,-0.6992
50895,Juan Ortega,Baltimore Orioles,8,3,16,15,4,4,0,0,0,2,1,1,0,0,0,0,0,5,0,4.1875,0,0,0
50914,Greg Williams,San Francisco Giants,5,4,16,13,1,1,0,0,0,1,1,3,0,0,0,0,0,1,0,4.1875,0,0,0.0073
52891,Stanford Tiller,Oakland Athletics,13,3,16,14,4,2,1,0,1,4,2,2,0,0,0,0,0,5,0,4.6875,0,0,-0.5183
39593,Jose Garcia,Philadelphia Phillies,5,3,15,14,2,1,0,0,1,2,1,0,0,0,0,1,0,4,0,4.133333333333334,0,0,0
50237,Victor Villalobos,Seattle Mariners,32,0,15,13,4,4,0,0,0,0,3,2,0,0,0,0,0,4,0,4.266666666666667,0,1,0.016
46877,Sean Brier,Texas Rangers,6,3,14,12,2,1,1,0,0,1,3,2,0,0,0,0,0,3,2,4.642857142857143,1,0,0.2242
50406,Tyler Judd,Houston Astros,5,4,14,13,6,5,1,0,0,2,0,0,0,0,0,1,0,4,0,4.142857142857143,1,0,-0.0334
49124,Dylan Hazlett,St. Louis Cardinals,5,2,13,11,0,0,0,0,0,1,0,0,0,1,0,1,0,5,0,4,0,0,0.0385
53374,Gijsbert Cuypers,Chicago (A) White Sox,6,2,13,12,3,2,0,1,0,1,3,0,0,0,0,1,0,3,0,3.5384615384615383,1,0,0.2085
56762,Ricardo Villanueva,Chicago (A) White Sox,7,2,12,10,3,3,0,0,0,1,2,1,0,0,0,1,0,2,0,3.75,0,0,0.2316
49023,Shawn Burt,Chicago (A) White Sox,4,2,11,11,3,2,1,0,0,1,0,0,0,0,0,0,0,0,0,3.5454545454545454,0,0,0
49639,Corey Hayward,New York (A) Yankees,18,0,11,11,2,1,0,0,1,1,1,0,0,0,0,0,0,4,0,4,1,0,0
27731,Kevin Sandifer,Baltimore Orioles,3,2,10,9,0,0,0,0,0,1,0,0,0,0,0,1,0,6,1,3.9,0,0,0
49712,Nick Fallin,Oakland Athletics,5,2,10,10,2,2,0,0,0,2,0,0,0,0,0,0,0,4,0,4.9,0,0,0
51091,Kurt Melvin,Oakland Athletics,4,2,10,8,1,0,1,0,0,1,0,1,0,0,0,1,0,1,0,3.9,0,0,0.0018
51265,Simon Britton,Los Angeles (A) Angels,2,2,9,7,1,1,0,0,0,0,0,1,0,1,0,0,0,0,0,3.6666666666666665,1,0,-0.143
50565,Bryan Balasko,Milwaukee Brewers,3,2,8,7,1,1,0,0,0,0,2,1,0,0,0,0,0,2,1,3.875,0,0,0.1027
50777,Tyler Pellechio,New York (N) Mets,11,0,8,7,1,1,0,0,0,0,1,1,0,0,0,0,0,0,0,4.125,1,0,0.044
51397,Tom Cooper,New York (N) Mets,6,2,8,8,2,2,0,0,0,0,0,0,0,0,0,0,0,2,0,4.375,0,0,0
53686,Edgar Braga,Los Angeles (A) Angels,2,2,8,8,1,0,1,0,0,0,1,0,0,0,0,0,0,5,0,4.875,0,0,0
48887,Dustin Brown,San Diego Padres,5,1,7,7,3,3,0,0,0,2,1,0,0,0,0,0,0,0,0,4.142857142857143,1,1,0
49102,Ian Borde,San Diego Padres,4,2,7,6,1,1,0,0,0,0,0,1,0,0,0,0,0,2,0,4.571428571428571,0,0,0
56996,Terry Dillon,San Francisco Giants,2,2,7,6,0,0,0,0,0,0,0,1,0,0,0,0,0,3,0,5.714285714285714,0,0,0
41945,Antonio Vento,Chicago (N) Cubs,3,1,6,5,0,0,0,0,0,0,0,0,0,0,1,0,0,1,0,4,0,0,0
55238,Chris Bond,New York (N) Mets,5,0,6,6,2,1,1,0,0,1,2,0,0,0,0,0,0,1,1,4.5,0,0,-0.5425
47698,Chris Scott,Houston Astros,5,1,5,5,0,0,0,0,0,0,0,0,0,0,0,0,0,1,0,3.8,0,0,0
50478,Cesar Bartfield,Texas Rangers,2,1,5,5,1,0,0,0,1,2,1,0,0,0,0,0,0,2,0,3.2,0,0,0
54947,Elias Barragan,Los Angeles (N) Dodgers,2,2,5,5,1,1,0,0,0,0,0,0,0,0,0,0,0,1,0,3,0,0,0
51330,Dave Elizondo,Los Angeles (A) Angels,1,1,4,4,2,1,0,0,1,2,1,0,0,0,0,0,0,0,0,3.5,0,0,0
52905,Antonio Figueroa,New York (A) Yankees,3,0,4,4,1,0,1,0,0,0,0,0,0,0,0,0,0,1,0,4,0,0,0
53816,Ruben Leon,Baltimore Orioles,4,1,4,4,1,0,1,0,0,3,0,0,0,0,0,0,0,1,0,3.25,0,0,0.0277
54503,Mel Flores,New York (A) Yankees,4,0,4,2,1,1,0,0,0,1,0,1,1,0,0,1,0,1,0,2.75,0,0,-1.3873
52031,Antonio Hernandez,Colorado Rockies,2,0,3,3,0,0,0,0,0,0,0,0,0,0,0,0,0,2,0,3.3333333333333335,0,0,0
44824,Nicoláo Carregueiro,Chicago (N) Cubs,2,0,2,2,0,0,0,0,0,0,0,0,0,0,0,0,0,1,0,2.5,0,0,0
51019,Jim Zellers,Chicago (A) White Sox,2,0,2,2,0,0,0,0,0,0,0,0,0,0,0,0,0,1,0,3.5,0,0,0
52081,Ismael Alanis,Los Angeles (N) Dodgers,2,0,2,2,0,0,0,0,0,0,0,0,0,0,0,0,0,1,0,3,0,0,0
52825,Mario Zamora,New York (A) Yankees,2,0,2,2,0,0,0,0,0,0,0,0,0,0,0,0,0,0,0,3.5,0,0,0
46363,David Maynard,San Francisco Giants,3,0,1,1,1,0,0,0,1,1,1,0,0,0,0,0,0,0,0,3,0,0,0
