Player List,,,,,,,,,,,,,,,,,,,,,,,,,,,,,,,,,
ID,Name,ORG,G,GS,W,L,IP,BF,AB,HA,1B,2B,3B,HR,R,ER,BB,IBB,K,HP,SH,SF,WP,BK,CI,DP,IR,IRS,PI,GB,FB,SB,CS
26811,Nick Stuefen,Milwaukee Brewers,32,32,15,7,223.2,906,833,181,112,45,2,22,89,80,51,1,184,16,1,5,1,3,0,16,0,0,3498,219,246,15,7
50652,Gabe Abeyta,New York (A) Yankees,34,34,20,9,213.2,896,819,206,144,38,1,23,82,74,56,1,183,11,4,5,6,2,1,21,0,0,3453,198,227,15,3
52426,Tom Nowak,Minnesota Twins,33,33,21,7,216.1,892,835,206,150,42,4,10,66,63,38,0,150,9,3,7,2,2,0,11,0,0,3378,236,241,10,3
52552,Alex Paramo,Oakland Athletics,34,34,12,12,223.2,886,817,164,105,35,5,19,78,71,58,0,247,2,1,8,4,0,0,13,0,0,3537,195,207,11,5
35716,Chris St. Martin,New York (N) Mets,37,37,11,9,206.1,875,790,187,106,46,5,30,96,88,63,1,221,12,5,5,7,1,0,10,0,0,3488,212,169,10,1
50788,Jon Traylor,Oakland Athletics,35,35,11,13,207.1,873,790,190,125,41,3,21,99,95,59,0,190,14,4,6,5,1,0,8,0,0,3512,203,209,18,8
51564,Carlos Pinon,St. Louis Cardinals,35,35,7,12,200.1,868,779,207,143,37,3,24,100,94,69,1,210,6,6,8,5,1,0,16,0,0,3443,173,194,25,7
46435,Rob Mott,New York (N) Mets,35,35,14,11,205.1,865,790,196,146,31,1,18,73,67,63,1,186,9,1,2,1,0,0,11,0,0,3449,193,207,24,14
50929,Joe Drier,Kansas City Royals,32,32,11,10,206.1,850,777,173,107,44,6,16,85,79,58,0,264,4,5,6,10,4,0,6,0,0,3504,146,197,10,5
52333,Victor Perkins,New York (A) Yankees,34,34,8,13,198.1,849,752,173,115,35,3,20,84,80,83,0,230,5,2,7,4,0,0,13,0,0,3500,145,204,22,4
52288,Bill Randle,Milwaukee Brewers,34,32,5,18,194.2,840,760,199,123,48,8,20,116,110,64,0,189,7,5,4,3,0,0,8,0,0,3311,195,180,28,7
51189,Alex Mireles,Oakland Athletics,34,34,14,9,201.0,835,760,185,120,47,4,14,86,77,51,0,143,15,4,5,5,1,0,25,0,0,3242,203,222,15,4
37841,Kyle Marquardt,Baltimore Orioles,34,34,13,11,200.1,830,750,173,119,36,1,17,86,78,65,0,172,13,0,2,9,0,0,18,0,0,3288,225,174,24,9
54973,Sung-hoon Hyun,Chicago (N) Cubs,32,32,14,9,198.1,827,749,182,122,40,4,16,81,74,59,2,178,8,7,4,4,1,0,17,0,0,3174,187,204,17,4
45880,Cameron Cotter,Cincinnati Reds,33,33,19,10,207.2,820,748,150,97,29,1,23,67,58,56,0,212,5,4,7,3,0,0,9,0,0,3146,185,204,12,7
42060,Edwin Castillo,San Diego Padres,34,32,12,8,195.2,816,761,191,123,46,6,16,67,67,48,0,199,3,1,3,7,1,0,14,2,0,3249,175,184,17,8
51854,Chris Martinez,New York (N) Mets,33,33,10,13,199.1,813,737,159,106,26,0,27,76,72,61,0,203,6,4,5,3,0,0,12,0,0,3216,170,206,10,3
28752,Aaron Alexander,Texas Rangers,33,33,14,6,195.1,809,737,160,123,26,0,11,66,53,55,0,179,10,4,3,4,1,0,15,0,0,3134,198,192,10,2
42205,Jerry Morataya,San Francisco Giants,33,33,9,12,196.1,808,736,169,111,26,4,28,89,85,60,0,193,7,2,3,7,0,0,16,0,0,3250,188,184,14,4
14794,Leo Gomez,Cincinnati Reds,33,33,7,9,197.0,805,724,160,105,32,2,21,86,75,55,0,187,14,8,4,3,3,0,12,0,0,3179,201,181,14,3
50554,Alan Coleman,Chicago (A) White Sox,33,33,14,7,203.2,805,764,154,102,28,2,22,64,53,33,0,259,5,2,1,4,1,0,7,0,0,3218,148,192,12,2
52499,Zach Harris,Washington Nationals,33,33,11,12,187.2,803,730,183,142,27,1,13,77,73,59,0,177,7,2,5,5,1,0,11,0,0,3160,165,202,15,1
47228,Orlando Gordillo,Minnesota Twins,32,32,14,11,194.1,802,735,169,112,43,2,12,65,58,61,0,190,1,3,2,2,0,0,15,0,0,3280,197,171,9,9
26543,Bill Strong,Kansas City Royals,32,32,8,11,189.2,797,719,181,111,35,5,30,96,92,59,4,196,13,4,1,11,0,1,25,0,0,3140,159,178,12,3
51190,Mike Prickett,Houston Astros,34,34,10,12,181.2,787,710,198,141,33,3,21,99,94,48,0,124,9,7,13,3,1,0,16,0,0,3007,172,226,9,3
28143,Brett Conner,Miami Marlins,32,32,11,11,188.2,785,725,180,120,35,2,23,85,81,33,1,195,17,3,6,8,3,1,8,0,0,2974,161,192,11,8
50669,Edgar Melendez,San Diego Padres,34,34,11,8,164.0,784,638,173,118,36,2,17,102,99,132,1,184,4,4,6,6,3,0,9,0,0,3337,122,165,10,6
25088,Antonio Coronado,Los Angeles (A) Angels,32,32,9,13,184.1,781,715,181,118,33,1,29,89,87,48,0,192,11,3,3,4,2,1,16,0,0,3039,150,190,11,3
50521,Alberto Abrego,Baltimore Orioles,35,33,9,17,180.2,781,711,198,123,38,2,35,119,114,54,0,191,8,4,4,4,2,0,14,3,1,3117,144,179,8,5
46499,Brian LaManna,Atlanta Braves,32,32,8,15,184.1,780,714,192,119,36,9,28,101,94,48,1,181,7,5,5,6,1,1,19,0,0,3002,168,175,14,2
47240,Gabe Garcia,Boston Red Sox,32,32,11,8,192.0,779,718,154,96,31,3,24,71,63,50,0,194,4,5,2,6,6,0,7,0,0,3149,178,188,10,2
32904,John Butler,Minnesota Twins,31,31,14,4,177.2,777,682,158,95,38,2,23,83,77,80,0,191,10,4,1,8,0,0,11,0,0,3243,161,167,10,2
37171,Curt Alden,Colorado Rockies,34,34,7,14,178.0,777,681,169,122,19,4,24,99,90,66,1,169,16,10,4,7,0,0,12,0,0,3182,157,190,11,5
48746,Chris Hamm,Baltimore Orioles,37,32,15,8,183.1,768,716,186,127,34,1,24,85,78,34,0,152,10,2,6,7,0,0,13,1,0,3011,186,194,18,3
48956,Fernando Gonzales,Toronto Blue Jays,31,31,9,13,179.2,768,722,205,139,41,2,23,93,83,35,0,130,4,0,7,6,0,0,14,0,0,3037,173,213,12,3
55141,Brian Barajas,Minnesota Twins,31,31,15,7,178.0,767,699,197,129,42,2,24,91,88,57,0,146,2,1,8,3,0,0,20,0,0,3007,183,176,7,4
29601,Bill Thomas,Chicago (A) White Sox,33,33,14,12,179.2,765,709,184,116,31,3,34,98,95,37,0,189,13,2,4,5,1,0,9,0,0,3062,145,191,16,4
52311,Daniel Johnson,Milwaukee Brewers,31,31,13,8,185.1,764,677,141,87,33,3,18,62,60,80,2,203,2,1,4,4,0,0,14,0,0,3065,150,182,14,2
46109,Pete Barrett,Colorado Rockies,33,33,6,11,175.1,762,667,164,113,30,4,17,83,79,80,1,163,10,2,3,2,1,0,15,0,0,3098,158,180,24,4
52561,Jordan Davis,Chicago (A) White Sox,32,32,12,12,178.1,762,694,174,120,39,2,13,92,81,56,0,155,5,4,3,4,0,0,13,0,0,2995,162,200,7,4
47218,Kyle Gainer,Miami Marlins,34,34,12,9,186.2,760,703,164,110,38,3,13,65,58,46,0,155,7,1,3,11,1,0,13,0,0,3004,170,210,21,6
28492,Aki Autio,Chicago (N) Cubs,32,32,12,9,174.0,758,639,140,86,31,6,17,83,78,85,0,145,29,1,4,2,1,0,18,0,0,3153,186,164,12,3
47464,Guillaume Barreau,Philadelphia Phillies,32,32,13,5,181.2,757,700,184,123,44,0,17,74,66,38,0,86,10,2,7,7,0,0,28,0,0,2894,230,197,8,1
37066,Chris Dietz,Detroit Tigers,31,28,9,8,182.2,754,673,151,106,25,4,16,68,59,61,1,159,15,1,4,5,0,0,18,3,1,3023,182,179,12,5
35630,David Ward,Texas Rangers,34,34,11,11,176.1,751,666,171,118,36,4,13,86,81,59,2,120,13,3,10,10,3,0,13,0,0,2999,187,194,22,9
47855,Cody Clower,Toronto Blue Jays,32,32,10,14,177.0,750,700,185,118,30,2,35,99,93,40,1,187,6,0,4,8,0,0,13,0,0,2910,130,198,19,0
47561,Tyler Parente,Toronto Blue Jays,34,34,10,11,172.1,748,660,168,104,41,1,22,96,86,76,0,183,6,0,4,8,0,2,15,0,0,3070,135,174,21,3
46530,Manny Salgado,Chicago (N) Cubs,32,32,11,11,174.2,747,653,154,90,34,4,26,92,82,83,0,194,5,3,2,4,1,1,15,0,0,3035,149,157,15,8
49634,Nate Worsley,St. Louis Cardinals,33,33,6,15,165.2,747,645,179,122,29,3,25,111,107,86,0,114,7,5,4,4,2,0,15,0,0,2913,132,222,18,12
50258,Manny Campos,New York (A) Yankees,33,33,12,11,181.2,747,680,148,104,26,2,16,68,65,51,0,182,10,2,4,6,0,0,9,0,0,2919,160,184,9,3
50587,Donovan Bailey,Arizona Diamondbacks,31,31,11,11,183.1,747,683,155,107,32,2,14,74,67,48,1,161,9,5,2,4,0,0,20,0,0,2959,187,178,12,3
47021,J.R. Parker,San Francisco Giants,34,34,10,11,172.1,746,667,166,102,42,2,20,82,76,72,2,171,5,2,0,4,1,0,11,0,0,3046,126,198,20,4
55294,Mike Steffes,Boston Red Sox,33,33,13,6,186.1,743,688,151,107,26,1,17,62,55,46,0,185,1,3,5,7,2,0,14,0,0,2964,165,187,8,5
47860,Dave Bush,Milwaukee Brewers,32,32,12,10,177.2,740,668,154,87,37,4,26,89,84,60,0,184,8,0,3,5,0,1,12,0,0,3014,165,165,14,6
50553,Seth Pinkey,Los Angeles (A) Angels,33,33,8,9,174.0,739,675,172,107,36,2,27,82,76,48,0,161,10,3,3,7,1,0,17,0,0,2843,144,192,20,3
37167,Kyle Kohl,Tampa Bay Rays,33,33,12,9,184.2,738,693,162,103,36,4,19,78,75,32,0,162,7,1,4,4,0,1,16,0,0,2817,184,183,14,6
49144,Mike Meola,Los Angeles (A) Angels,32,32,9,10,180.0,736,671,151,102,34,3,12,70,65,50,2,166,5,2,8,3,0,0,7,0,0,2912,184,173,18,6
49124,Dylan Hazlett,St. Louis Cardinals,33,33,7,15,170.2,734,677,183,126,30,1,26,93,86,41,0,163,8,2,6,8,0,0,8,0,0,2948,159,172,13,5
50562,Salvador Velez,Los Angeles (N) Dodgers,36,36,10,8,174.1,734,676,164,106,36,3,19,75,65,46,0,171,6,1,5,8,1,0,12,0,0,2960,160,175,16,3
51087,Jessie Conn,Tampa Bay Rays,34,34,13,10,178.1,733,656,152,107,25,2,18,77,75,57,0,180,9,3,8,3,0,0,14,0,0,2934,168,161,7,5
50605,Brett LeMay,Toronto Blue Jays,32,32,5,13,169.2,732,657,166,109,28,1,28,95,87,61,1,168,7,2,5,13,0,0,16,0,0,2929,156,161,8,5
51081,Andy Harper,Boston Red Sox,34,34,7,17,170.0,730,672,188,135,33,7,13,91,84,42,0,169,8,3,5,8,0,0,13,0,0,2876,161,154,24,8
47010,Nick Johnson,Kansas City Royals,32,32,13,10,165.1,728,658,174,117,32,6,19,89,82,57,1,161,9,2,2,3,1,0,12,0,0,2955,150,170,11,1
36070,Kevon Gibbs,Seattle Mariners,31,21,12,8,177.1,725,681,159,99,30,2,28,66,64,32,1,143,8,3,1,3,5,0,11,7,1,2834,168,206,16,2
55687,Felix Rodriguez,Cleveland Guardians,33,33,7,12,170.1,725,665,173,98,34,4,37,99,91,45,0,198,9,1,5,3,0,0,10,0,0,2930,131,166,19,2
46213,Andy Romick,Philadelphia Phillies,32,32,15,7,174.1,718,658,161,115,24,2,20,78,74,47,0,155,9,3,1,6,0,0,19,0,0,2803,159,178,10,5
47678,Joe Morales,Arizona Diamondbacks,31,31,10,4,177.2,718,652,143,96,33,2,12,60,58,61,1,182,0,2,3,5,0,0,15,0,0,2977,175,155,8,6
52435,Keith Glisan,Texas Rangers,34,34,6,16,165.0,713,642,169,100,41,4,24,84,75,52,3,154,6,3,10,3,0,0,5,0,0,2744,151,172,9,8
51010,Chris Cantrell,Miami Marlins,31,31,12,12,171.2,706,642,143,90,31,5,17,67,61,54,0,184,5,0,5,8,0,0,12,0,0,2783,140,174,14,2
47814,Hector Barcenas,Texas Rangers,33,32,6,14,168.0,705,645,154,100,21,2,31,84,77,51,1,145,4,2,3,3,0,0,14,0,0,2835,172,169,9,2
46226,Wes Walker,Boston Red Sox,32,32,14,10,169.2,703,649,155,100,31,1,23,82,79,46,1,161,2,0,6,5,3,0,7,0,0,2834,136,198,21,8
52703,Cameron Graffunder,Chicago (N) Cubs,31,30,8,12,161.1,700,630,161,113,31,1,16,93,84,56,0,133,6,0,8,9,0,0,8,0,0,2809,148,188,17,2
52571,Matt Haines,Tampa Bay Rays,32,32,13,7,175.0,699,631,134,93,32,1,8,46,43,53,0,188,4,5,5,4,1,1,17,0,0,2846,139,177,17,5
46680,Jordan Alvarez,Houston Astros,31,28,6,16,156.2,697,641,197,130,47,2,18,106,98,44,1,75,2,2,8,2,0,0,13,3,1,2758,200,173,13,3
47475,Juan Calvillo,Baltimore Orioles,31,31,9,10,165.2,697,608,140,99,23,4,14,71,61,67,0,148,16,1,5,7,1,0,16,0,0,2820,167,151,13,7
22527,Lance Budreau,Washington Nationals,32,32,11,9,157.1,695,608,153,103,37,2,11,95,83,66,1,149,12,2,6,14,3,1,16,0,0,2796,137,163,5,2
52378,Tom Dayton,Los Angeles (A) Angels,33,31,5,14,155.0,693,607,156,99,35,4,18,101,94,69,0,142,7,4,6,7,1,0,16,2,1,2847,168,140,17,1
50344,Ervin Castro,Toronto Blue Jays,32,32,7,13,167.0,691,625,147,98,26,2,21,84,82,47,1,192,12,2,5,7,0,0,6,0,0,2805,127,166,16,2
46862,Juan Velaquez,Washington Nationals,32,32,5,12,158.1,685,605,163,106,42,1,14,87,85,68,1,163,3,6,3,3,1,0,17,0,0,2792,140,146,10,3
52332,David Senter,Tampa Bay Rays,32,32,9,12,168.1,685,623,146,102,20,6,18,65,61,48,0,135,6,2,6,2,0,0,21,0,0,2732,181,162,13,1
50915,Ted Mullen,Philadelphia Phillies,32,32,9,10,164.2,683,610,133,87,26,1,19,69,68,61,0,143,10,1,1,2,1,0,14,0,0,2761,171,160,12,3
42084,Danny Rodriguez,Cleveland Guardians,32,32,9,11,158.2,673,592,145,86,22,6,31,75,73,71,0,153,2,3,5,3,0,0,9,0,0,2816,137,161,11,7
48826,Jesse Tucker,Cleveland Guardians,31,31,10,8,163.1,673,618,136,91,26,2,17,73,67,52,1,162,1,1,1,8,0,0,10,0,0,2666,144,170,20,1
51459,Seth Baker,Seattle Mariners,53,31,8,10,155.1,673,581,127,79,24,1,23,76,68,83,1,145,5,2,2,3,0,0,7,24,12,2734,133,175,12,3
36539,Danny McCall,Cincinnati Reds,34,32,10,6,165.0,672,614,132,91,22,4,15,66,65,48,0,172,7,2,1,1,1,0,6,1,0,2608,141,166,7,5
46183,Alex Tamayo,Philadelphia Phillies,32,32,8,7,160.0,671,619,155,97,36,2,20,75,69,41,0,124,4,3,4,3,0,0,12,0,0,2626,146,188,10,5
50545,Kara Sharma,San Francisco Giants,31,31,7,6,159.0,670,603,140,105,21,0,14,65,60,47,0,139,9,5,6,3,1,0,10,0,0,2624,131,192,13,4
50615,Joe Slater,Chicago (A) White Sox,29,29,12,6,164.2,668,607,129,85,26,0,18,60,58,50,1,204,7,0,4,4,1,0,9,0,0,2678,112,162,10,3
50674,Dan Banker,Miami Marlins,31,31,6,10,159.2,668,580,121,77,30,0,14,63,61,79,0,158,5,1,3,2,0,0,19,0,0,2725,147,149,19,5
50358,Bill Flores,Colorado Rockies,28,28,9,8,154.0,666,610,170,105,38,5,22,93,89,43,0,117,6,4,3,3,2,0,16,0,0,2557,135,189,12,1
50965,Tony Lopez,Cleveland Guardians,41,25,7,7,157.1,660,593,139,85,37,3,14,72,66,45,1,145,18,2,2,8,0,0,9,12,3,2670,157,150,14,4
42048,Omar Flores,Houston Astros,32,32,6,12,145.1,655,605,183,115,34,2,32,98,90,40,0,106,2,3,5,4,1,0,13,0,0,2569,131,182,13,2
47692,Matt Phillips,Arizona Diamondbacks,31,31,8,12,152.2,655,587,139,88,27,2,22,82,79,54,0,138,10,1,2,6,0,1,12,0,0,2640,162,144,15,3
51026,Scott Burian,Tampa Bay Rays,29,29,9,6,157.2,655,587,134,87,25,3,19,63,61,56,0,137,6,3,3,4,0,0,15,0,0,2522,157,161,11,5
50547,Pascal Da Costa,Pittsburgh Pirates,26,26,9,6,155.2,646,584,127,77,33,3,14,57,50,48,0,146,9,2,2,4,0,1,8,0,0,2531,132,174,6,4
50716,Josh Anderson,Pittsburgh Pirates,30,30,8,6,155.2,645,577,140,92,33,2,13,66,63,53,0,143,6,1,8,2,0,0,13,0,0,2641,151,148,5,6
54499,Lupe Escalante,Houston Astros,27,27,6,12,145.0,642,583,163,109,37,4,13,86,73,41,1,129,10,4,4,4,0,0,9,0,0,2447,152,140,3,2
49065,Jesse Jones,Atlanta Braves,32,5,9,10,152.0,641,581,152,109,24,5,14,83,69,46,2,136,5,5,4,9,1,0,16,14,2,2466,131,162,3,6
53891,Ricky Colon,Atlanta Braves,32,21,5,10,154.0,641,585,132,90,22,0,20,62,59,51,0,162,3,1,1,6,0,0,8,2,0,2562,136,150,13,4
24025,Jorge Vasquez,Washington Nationals,25,25,6,8,152.1,638,589,146,88,38,1,19,71,70,27,1,138,15,2,5,5,0,0,11,0,0,2527,153,151,10,2
50601,Omir Serna,Pittsburgh Pirates,32,32,10,6,152.1,638,578,130,85,28,3,14,65,57,42,0,145,12,1,5,0,2,0,7,0,0,2546,133,170,14,1
55140,Seth Blackmon,Kansas City Royals,30,30,10,8,147.0,637,572,155,107,31,2,15,69,57,48,0,128,8,5,4,2,0,0,17,0,0,2567,129,162,10,2
46035,Jim Vasquez,Detroit Tigers,39,20,2,12,142.1,623,575,168,110,32,4,22,94,79,37,1,110,5,2,4,2,2,0,17,10,1,2396,137,154,7,4
52281,Alex Vasquez,Los Angeles (N) Dodgers,31,31,7,8,150.2,623,569,145,98,31,1,15,61,60,38,0,145,8,4,4,4,0,0,14,0,0,2424,137,147,4,4
50268,Danny Olguin,Minnesota Twins,26,26,11,6,151.0,615,556,122,84,24,1,13,58,56,49,0,142,5,1,4,7,0,0,16,0,0,2502,158,134,10,3
52536,Jason Bess,Seattle Mariners,31,31,11,7,147.2,614,550,126,90,25,2,9,58,54,51,1,137,6,3,4,6,1,0,13,0,0,2483,125,161,10,4
29007,Dave Stultz,Atlanta Braves,46,21,10,13,139.2,613,553,140,83,30,3,24,83,72,50,3,145,7,2,1,1,2,0,5,17,7,2435,105,158,6,3
52713,Chris Sellin,Houston Astros,31,29,5,16,131.0,613,530,155,101,33,6,15,86,84,71,1,79,5,4,3,4,2,0,8,1,0,2394,147,151,20,2
49618,Rob Weibel,Los Angeles (N) Dodgers,72,0,6,4,141.0,608,537,137,83,35,2,17,71,64,50,2,127,7,3,11,3,1,0,7,50,15,2375,133,147,13,5
31073,Rick Cotter,Seattle Mariners,26,26,11,8,147.1,606,550,123,79,27,3,14,45,42,43,2,142,11,1,1,4,0,0,16,0,0,2332,144,135,13,3
47262,Jaden Wright,Washington Nationals,45,19,9,11,139.2,600,544,142,89,39,2,12,64,57,39,4,118,10,5,2,3,0,0,10,17,4,2333,128,159,6,2
54856,David Parra,Philadelphia Phillies,91,0,11,6,152.0,600,557,114,84,17,2,11,57,40,29,2,168,8,3,3,6,0,0,11,4,1,2424,123,150,13,3
47842,Jake Roguski,San Francisco Giants,26,26,5,11,138.2,592,544,142,105,18,6,13,74,70,40,0,134,3,2,3,6,0,0,6,0,0,2311,126,141,32,3
23303,John Taylor,San Diego Padres,23,23,7,8,141.2,588,540,134,94,25,3,12,65,57,36,1,86,7,1,4,3,0,0,14,0,0,2267,161,155,11,5
48884,Ivan Colindres,Cincinnati Reds,28,25,7,11,135.0,585,539,145,88,30,5,22,66,64,34,1,137,8,1,3,4,1,0,9,1,0,2320,119,135,18,3
50873,Alberto Valencia,Seattle Mariners,33,24,7,5,144.0,578,517,100,63,17,2,18,49,47,57,0,154,1,2,1,5,0,0,3,5,0,2445,111,151,3,3
55780,Rafael Resendez,Colorado Rockies,35,26,3,13,133.0,577,520,133,74,30,3,26,80,77,49,2,133,4,0,4,3,0,0,8,1,0,2304,123,132,13,3
14870,Jesus Santana,Washington Nationals,41,13,5,5,130.0,571,520,149,88,29,4,28,85,82,35,0,118,10,1,5,4,1,0,14,19,4,2229,92,161,3,1
46142,Ian McCall,Miami Marlins,32,18,10,5,132.1,566,503,118,83,18,6,11,57,55,55,0,144,6,2,0,1,0,0,9,6,2,2366,117,119,15,4
41895,Estevan Becerril,Los Angeles (A) Angels,54,16,8,9,138.0,565,514,120,79,17,5,19,53,53,42,4,131,7,0,2,2,1,0,13,30,7,2249,123,141,10,3
47028,Brandon Graham,Milwaukee Brewers,25,25,7,9,134.2,565,491,109,70,25,2,12,60,55,54,0,135,12,3,5,2,1,0,9,0,0,2286,135,115,6,8
46358,Tristian Bruno,Baltimore Orioles,38,9,9,8,131.1,562,524,141,90,29,1,21,77,71,33,0,94,4,0,1,2,0,0,8,24,14,2117,143,144,10,1
50993,Justin Rosenberg,Seattle Mariners,62,7,9,6,134.0,559,485,103,55,31,2,15,66,61,66,2,119,1,1,6,9,1,0,11,51,19,2286,129,135,7,4
58668,Kyle Sylvester,Kansas City Royals,24,24,12,4,131.2,546,474,91,70,14,2,5,48,44,65,0,163,3,1,3,3,1,0,7,0,0,2300,101,117,11,3
53435,Tony Hurtado,Texas Rangers,44,15,4,6,125.1,545,476,116,84,23,2,7,57,53,56,0,103,4,4,5,4,2,0,7,18,7,2254,116,146,8,2
50245,Ricky Leal,Detroit Tigers,27,21,3,8,125.1,543,486,122,82,20,2,18,67,62,45,0,110,8,1,3,4,0,0,5,7,3,2159,109,143,8,5
51867,David Castro,San Diego Padres,47,17,14,8,124.2,542,459,103,69,23,1,10,58,51,58,3,145,15,5,5,4,0,0,12,4,2,2260,90,126,2,0
52478,Alpha Jackson,Pittsburgh Pirates,27,24,12,6,126.2,542,488,125,88,26,1,10,55,55,42,0,129,7,1,4,10,1,0,13,1,1,2186,118,118,11,1
47551,Brennan Griffin,San Francisco Giants,46,16,10,7,132.1,539,496,113,76,20,0,17,54,51,34,1,130,7,0,2,1,0,0,5,19,2,2148,117,133,5,5
56974,James Albin,St. Louis Cardinals,53,1,0,4,122.0,533,478,128,83,22,3,20,78,69,48,0,56,3,1,3,7,1,0,16,42,10,2027,136,152,11,2
22546,Bryce Johnston,Cincinnati Reds,24,24,5,6,123.2,525,475,115,72,17,2,24,66,62,33,0,105,9,7,1,3,1,0,9,0,0,2086,114,141,14,2
51490,Mike Marts,Los Angeles (N) Dodgers,44,18,11,6,129.2,525,468,98,63,22,1,12,54,53,46,2,165,3,4,4,1,0,0,5,17,8,2190,116,96,10,4
50625,Jordan Hall,Chicago (A) White Sox,40,10,6,4,125.1,521,473,109,76,17,3,13,52,48,37,0,112,6,1,4,0,0,0,6,16,0,2077,121,131,14,5
46129,Joe Goodin,Chicago (N) Cubs,36,17,7,8,122.1,517,473,128,86,26,4,12,56,54,35,1,102,4,2,3,4,0,0,14,14,1,2034,121,123,8,5
46497,Gene Hall,San Diego Padres,43,15,3,10,115.0,511,451,120,73,29,1,17,71,68,46,1,110,6,5,3,6,0,0,8,21,3,2025,118,105,13,6
27057,Chris Stocks,New York (A) Yankees,24,24,8,4,125.1,508,461,93,56,19,2,16,48,44,36,0,133,7,2,2,1,0,0,7,0,0,2008,108,125,11,2
58382,Steve Gonis,Los Angeles (N) Dodgers,34,17,10,4,121.1,508,446,100,63,20,4,13,44,38,47,0,102,8,4,3,3,0,0,13,14,5,2024,101,144,4,2
30219,Adam Bostick,Pittsburgh Pirates,33,25,4,6,118.1,504,456,105,65,27,2,11,51,47,37,0,113,8,3,0,4,0,0,8,5,1,1970,137,96,15,0
22363,Bryan Molnar,Colorado Rockies,50,13,9,10,122.0,496,458,101,61,15,3,22,55,45,33,5,115,4,0,1,2,1,0,8,10,4,1949,89,149,10,3
49060,Chaz Fielitz,Oakland Athletics,44,13,8,6,118.2,493,429,93,68,16,1,8,42,39,55,1,105,4,1,4,8,1,0,13,27,5,1928,117,115,3,1
50405,Christian Schoonover,Houston Astros,56,0,6,2,106.0,492,427,121,66,19,2,34,87,80,59,1,89,1,1,4,5,0,0,7,52,20,2003,89,130,0,2
52599,Lee Huffman,Arizona Diamondbacks,48,14,4,15,108.0,492,445,140,105,23,4,8,71,65,33,3,65,4,5,5,2,0,0,10,21,4,1792,116,131,6,1
49629,Pat Bennett,New York (A) Yankees,39,13,3,7,112.1,489,439,105,64,19,0,22,47,44,44,0,117,5,0,1,6,1,0,5,18,6,1988,101,110,13,4
16559,Luis Tellez,Pittsburgh Pirates,72,0,5,9,111.0,486,443,126,80,29,1,16,61,56,33,1,100,4,0,5,3,1,1,10,76,21,1915,98,121,5,1
51033,Steve Crockett,Oakland Athletics,32,15,7,4,117.2,483,442,101,64,16,5,16,53,48,33,0,96,4,1,3,5,0,0,6,15,4,1942,122,123,7,4
29238,Aaron Baranski,Pittsburgh Pirates,44,9,7,4,116.0,481,437,114,76,27,1,10,57,54,28,0,89,11,0,5,1,1,0,12,20,6,1826,105,131,9,8
49698,Drew Bermudez,Kansas City Royals,55,8,9,6,110.2,481,427,104,66,17,5,16,45,40,45,2,107,4,2,3,3,1,0,6,37,10,2017,78,138,11,1
51456,Bryan Kuperman,Arizona Diamondbacks,46,7,5,4,114.1,477,434,103,67,16,2,18,56,52,37,0,116,4,0,2,4,0,0,9,30,12,1965,104,105,9,4
51710,Tony Cantabrana,Kansas City Royals,53,2,3,5,111.0,476,418,101,57,24,3,17,58,49,50,1,102,2,1,5,3,0,0,12,46,15,1957,112,102,5,1
23462,Sonny Adler,0,21,21,5,7,108.2,472,415,105,72,23,0,10,58,52,41,0,103,11,1,4,3,0,0,10,0,0,1889,119,89,10,1
20401,Daniel Jimenez,Milwaukee Brewers,55,9,10,1,109.2,467,407,84,54,22,1,7,44,42,48,3,99,8,1,3,4,1,0,6,34,5,1917,103,118,4,3
35394,Jake White,Detroit Tigers,39,11,8,5,106.0,463,408,103,69,13,1,20,55,50,43,2,98,9,1,2,1,0,0,11,17,3,1842,105,99,8,3
50257,Bernaldo Perez,San Diego Padres,31,18,5,8,104.0,463,414,109,70,24,2,13,63,57,41,1,114,5,2,1,0,0,0,5,4,1,1921,101,89,11,3
47287,Nate Price,New York (N) Mets,41,11,5,11,102.1,459,412,125,84,20,2,19,64,61,35,2,63,6,1,4,5,0,1,9,19,8,1772,110,118,5,3
51032,Jose Solis,Arizona Diamondbacks,20,20,6,4,111.0,459,423,106,59,27,8,12,51,50,30,0,84,2,1,3,3,0,0,11,0,0,1897,128,106,5,3
51876,Alex Menendez,Milwaukee Brewers,81,0,13,2,119.2,459,426,71,51,11,1,8,27,24,27,0,178,4,0,2,5,0,0,7,27,4,1873,97,78,4,0
50653,Mike Parham,Arizona Diamondbacks,38,15,3,9,106.0,456,414,108,71,20,4,13,58,54,31,0,92,7,2,2,9,0,0,12,16,3,1811,93,119,7,1
49157,Jason Olsovsky,Cincinnati Reds,43,11,8,6,105.0,453,412,100,59,16,4,21,59,51,35,0,107,5,0,1,2,0,0,7,29,14,1872,95,106,3,1
25521,Danny Ponce,Pittsburgh Pirates,53,1,10,2,104.0,449,385,87,57,20,0,10,54,52,53,0,92,7,0,4,3,0,0,11,46,9,1867,98,106,16,4
46128,Ryan Joyce,New York (N) Mets,23,21,4,5,103.2,446,398,101,69,21,0,11,46,46,37,0,93,7,1,3,3,0,0,10,1,0,1813,108,95,8,2
52404,Justin Roseth,St. Louis Cardinals,28,18,4,10,104.0,446,411,106,69,15,0,22,51,46,30,1,92,1,2,2,2,0,0,4,4,1,1835,98,116,14,1
52625,Randy Fugate,San Francisco Giants,34,12,7,4,111.2,444,400,75,52,16,2,5,26,26,34,0,117,6,1,3,5,0,0,4,16,3,1804,92,117,11,4
39225,Shane Gillespie,Texas Rangers,50,1,5,4,94.2,443,397,126,78,24,0,24,73,71,33,2,71,5,1,7,3,3,0,7,41,20,1736,88,116,9,1
51751,Vinny Villarreal,Detroit Tigers,17,17,4,9,101.0,441,386,108,62,22,3,21,60,58,46,1,66,3,1,5,4,1,0,14,0,0,1761,97,117,5,4
48321,Pablo Coppola,New York (A) Yankees,21,21,5,7,107.2,440,401,87,58,18,3,8,39,37,33,0,85,3,1,2,4,1,0,10,0,0,1726,103,119,5,3
50528,Jeremy Tommarello,San Francisco Giants,48,10,8,8,107.1,439,399,88,55,15,2,16,48,43,31,2,118,3,1,5,5,0,0,5,34,9,1668,71,122,8,3
18466,Jamie Dunn,0,19,19,1,7,96.2,433,391,112,76,18,1,17,64,57,33,1,78,6,0,3,3,1,0,10,0,0,1674,110,90,15,3
49687,Mike Griffin,St. Louis Cardinals,26,16,3,10,98.0,432,401,120,71,26,2,21,62,59,25,0,103,1,1,4,3,1,0,7,7,0,1712,82,97,13,3
52305,Chris Penta,St. Louis Cardinals,51,2,2,4,91.1,425,379,107,66,26,2,13,67,65,37,3,82,8,0,1,2,0,0,7,35,10,1669,84,101,3,0
27986,Dustin Engels,San Diego Padres,42,3,7,2,92.2,424,367,102,57,25,1,19,62,60,40,1,97,10,3,4,2,0,0,7,30,11,1714,83,89,6,1
50626,Matt Pelkola,Colorado Rockies,20,20,3,6,95.2,422,378,106,71,23,0,12,59,57,41,2,79,1,1,1,3,0,0,9,0,0,1690,106,86,13,7
49088,Jimmy Young,Oakland Athletics,34,12,10,5,96.2,417,362,81,45,19,1,16,53,47,37,1,112,13,2,3,1,0,0,5,19,4,1716,64,105,6,3
31507,Chris Jacona,Atlanta Braves,51,4,0,10,89.2,416,367,109,64,24,4,17,62,60,42,0,78,2,2,3,2,1,0,6,22,5,1698,84,96,4,1
47307,Alex Moreno,Los Angeles (N) Dodgers,33,13,4,7,98.2,414,382,86,59,14,0,13,43,37,26,1,89,2,3,1,2,0,0,6,14,6,1673,89,112,13,1
50773,Miguel Gonzales,Oakland Athletics,17,17,9,4,105.1,414,391,94,68,18,4,4,33,32,19,0,88,2,0,2,2,0,0,14,0,0,1643,104,103,6,4
25115,Greg Mineard,Detroit Tigers,25,16,3,7,89.1,405,357,100,67,20,3,10,48,47,39,0,74,8,1,0,1,1,0,11,6,2,1628,85,95,7,1
26251,Joel Cordova,Washington Nationals,77,0,7,6,98.1,403,360,81,52,19,3,7,40,36,27,6,99,6,3,7,4,0,0,6,42,16,1574,101,84,8,2
48645,Jesus Preciado,Miami Marlins,71,0,7,6,96.2,402,374,89,52,26,2,9,39,32,22,0,95,3,0,3,3,0,0,5,57,18,1546,86,97,13,2
47114,Danny Fruth,Philadelphia Phillies,36,12,2,10,90.1,398,335,81,56,16,0,9,51,47,46,0,84,9,3,5,5,0,0,10,13,3,1695,88,85,8,2
52418,Jerry Broedel,Kansas City Royals,49,2,5,3,94.1,396,356,83,58,15,1,9,38,31,35,2,90,5,0,0,6,0,0,13,36,11,1563,89,88,2,2
38808,Manny Oritz,Texas Rangers,52,0,4,2,87.2,393,353,98,68,13,1,16,50,47,29,0,38,7,0,3,1,0,1,6,41,10,1507,94,120,5,2
26456,Ben McGill,Washington Nationals,72,0,9,5,96.2,392,367,89,57,18,1,13,45,38,16,3,90,4,5,0,5,0,0,7,21,9,1500,96,94,3,0
45873,Javier Jeronimo,Los Angeles (A) Angels,41,0,3,2,86.1,392,360,110,77,19,2,12,56,55,24,2,53,4,0,4,3,0,0,6,20,8,1555,93,106,9,0
50505,Alberto Padron,Detroit Tigers,54,5,5,4,94.0,390,356,81,42,23,0,16,50,48,24,1,103,8,0,2,9,0,0,8,45,14,1592,75,92,2,3
51371,Ron Winegarden,Texas Rangers,50,0,2,3,86.1,390,343,94,57,22,3,12,52,49,40,3,87,1,0,6,3,2,0,6,29,8,1518,61,103,13,0
46906,Dylan Campfield,Chicago (A) White Sox,22,19,5,7,88.2,388,347,95,63,19,0,13,51,48,34,0,80,6,0,1,3,0,0,6,1,0,1580,81,91,3,4
47831,Matt Heaton,Chicago (N) Cubs,49,0,2,2,86.1,387,344,90,56,9,2,23,58,52,30,2,84,10,1,2,3,1,0,6,41,16,1522,71,95,11,2
52325,Patrick Harrison,Atlanta Braves,58,12,7,6,93.0,385,343,81,55,14,1,11,40,36,36,3,75,2,0,4,5,0,0,7,27,4,1542,74,114,13,2
28162,Dan Daniels,Boston Red Sox,35,7,4,3,88.2,383,342,86,55,16,2,13,55,50,30,0,82,5,2,3,5,0,1,6,23,11,1564,74,101,5,1
50879,John Sizemore,Cleveland Guardians,70,0,2,5,90.0,383,353,98,66,14,1,17,54,50,23,0,104,4,1,2,2,2,0,7,39,10,1512,70,81,7,6
38536,Bryce Jones,Texas Rangers,51,2,7,4,92.0,381,344,81,52,18,1,10,30,29,31,2,88,3,0,3,2,0,0,7,24,7,1500,70,105,5,2
49052,Sean Smith,San Diego Padres,43,10,6,5,93.1,380,335,67,48,6,1,12,36,32,40,2,125,2,1,1,3,0,1,6,28,3,1577,62,80,3,3
51302,Kevin Bagley,Toronto Blue Jays,39,0,2,2,84.0,379,339,98,65,13,2,18,51,46,35,1,54,1,0,4,1,0,0,9,32,11,1488,91,97,8,1
30841,A.J. Hoaglund,Boston Red Sox,72,0,6,6,93.2,377,346,74,46,12,0,16,39,31,26,4,98,3,1,1,2,0,0,9,44,14,1491,88,82,5,1
48722,Pete Madsen,Los Angeles (A) Angels,48,0,4,3,86.2,377,341,94,66,20,2,6,46,36,27,0,49,4,0,5,5,0,0,8,26,14,1516,106,93,8,2
51328,Kevin Davis,Seattle Mariners,68,0,4,3,92.2,377,345,77,59,10,1,7,27,26,28,3,88,2,1,1,5,1,0,4,60,18,1557,81,100,6,2
32823,Cody Benson,New York (N) Mets,59,1,5,4,82.1,368,328,97,68,16,2,11,54,53,27,1,70,8,0,5,1,1,0,5,46,18,1442,64,100,6,2
55144,Sam Polasky,Boston Red Sox,23,12,6,4,83.1,366,335,94,59,23,0,12,56,51,23,0,85,4,2,2,1,0,0,4,9,2,1468,77,79,7,5
51605,Mike Birt,Toronto Blue Jays,49,0,2,6,81.1,365,324,92,55,18,0,19,57,54,31,2,77,5,0,5,5,0,0,8,35,13,1475,83,74,11,3
36085,Bryan Moreno,Los Angeles (A) Angels,79,0,9,8,90.1,363,329,73,32,21,1,19,55,52,23,0,98,5,2,4,4,0,0,9,55,16,1489,84,77,1,1
36822,Steve Nee,Atlanta Braves,57,14,3,4,84.1,363,335,90,59,23,2,6,42,38,21,1,64,5,0,2,5,2,0,6,33,14,1359,76,101,11,4
52860,Pat Basso,Houston Astros,51,0,2,2,82.1,363,323,88,54,20,3,11,45,38,36,0,68,1,0,3,6,0,0,6,53,13,1491,83,84,6,5
50540,Sam Coonce,Los Angeles (N) Dodgers,53,0,5,2,91.1,361,320,58,47,4,1,6,27,22,27,3,94,7,1,6,2,0,0,7,30,9,1469,71,100,5,0
46239,Ryan Baxter,Miami Marlins,59,0,5,9,84.0,359,290,56,29,18,3,6,35,27,57,7,83,4,3,5,2,3,0,8,44,12,1490,78,77,4,2
48580,Pablo Febles,Philadelphia Phillies,17,10,4,5,89.2,359,330,81,51,18,0,12,39,37,21,0,82,1,1,6,0,0,0,11,7,1,1507,93,78,5,4
51160,Aaron Hodges,St. Louis Cardinals,53,0,1,3,76.0,359,309,87,57,14,0,16,47,45,45,1,77,3,1,1,6,1,0,9,31,11,1459,71,71,6,0
51355,Jeff Cooper,Chicago (N) Cubs,16,16,5,7,86.0,359,330,77,47,15,2,13,39,37,21,0,92,6,0,2,3,2,0,6,0,0,1425,81,77,17,1
51716,Ruben Valdez,New York (N) Mets,32,12,2,5,80.1,358,311,72,51,16,0,5,38,36,39,0,92,6,1,1,5,0,0,3,12,4,1489,66,78,11,2
29519,Bill Ladd,Cincinnati Reds,64,0,6,8,82.1,357,317,75,49,14,2,10,43,31,24,5,81,12,1,3,4,0,0,6,10,3,1292,88,68,1,3
46931,Kyle West,Detroit Tigers,41,12,2,7,83.1,357,326,81,62,8,1,10,51,49,26,0,51,2,1,2,2,1,0,4,28,7,1400,85,109,9,0
53936,Arturo Gonzales,New York (A) Yankees,45,1,6,0,84.2,357,321,76,46,12,2,16,44,41,24,1,80,4,1,7,4,0,0,5,31,8,1454,69,97,10,5
52640,Juan Mora,San Francisco Giants,41,0,8,1,87.1,355,316,67,46,13,0,8,32,27,33,0,72,4,0,2,5,0,0,11,38,9,1418,83,91,2,1
52275,Jeremy Howiler,St. Louis Cardinals,55,0,1,10,69.2,353,299,99,63,24,0,12,63,56,39,4,58,8,1,6,8,0,0,7,40,16,1424,52,91,8,1
50866,Dan Girton,Houston Astros,57,0,1,7,81.0,352,301,72,47,13,0,12,47,41,36,4,79,8,2,4,3,2,1,8,32,6,1425,75,77,4,1
50883,Danny Rodriguez,Arizona Diamondbacks,48,0,1,6,82.0,351,313,83,53,19,3,8,45,37,28,3,41,6,2,2,5,0,0,12,34,8,1342,84,103,5,2
52406,Mario Bello,Chicago (N) Cubs,62,0,3,2,86.0,347,315,70,41,16,5,8,33,33,22,3,82,3,0,7,0,1,0,9,51,12,1290,76,90,1,0
50741,Devin Hanks,Minnesota Twins,62,0,6,0,89.1,346,320,61,38,8,1,14,24,24,19,1,93,6,0,1,1,0,0,4,44,9,1376,65,101,1,1
55182,Dave Migliore,Milwaukee Brewers,41,1,3,1,76.2,345,295,80,49,11,4,16,41,40,41,0,53,5,0,4,0,0,0,7,30,13,1366,76,88,4,3
50559,Bill Le Roy,San Francisco Giants,47,0,7,0,81.1,344,320,80,51,25,0,4,37,36,20,2,64,1,1,2,3,0,0,6,37,5,1355,75,96,4,1
50632,Justin Carpenter,Kansas City Royals,71,0,6,1,79.2,344,297,69,43,14,3,9,34,32,42,1,98,4,0,1,0,3,0,10,51,19,1463,61,68,6,1
32378,Ryan DuBay,Chicago (N) Cubs,40,3,1,1,79.2,342,290,61,45,11,2,3,22,22,42,1,75,7,1,2,4,1,0,7,25,7,1335,82,70,4,2
50664,Marcos Ortiz,Seattle Mariners,67,1,5,3,86.1,342,314,69,42,18,0,9,34,32,24,3,83,3,0,1,2,0,0,10,48,9,1374,86,77,9,1
47605,Mike O'Rourke,Chicago (A) White Sox,71,0,5,7,84.2,336,303,61,45,9,1,6,21,18,31,1,95,0,1,1,4,0,0,7,26,3,1358,67,77,4,2
48890,Mel Ramirez,Atlanta Braves,32,3,2,5,79.1,336,307,77,42,20,1,14,45,44,27,0,72,0,1,1,3,1,0,4,28,6,1326,79,80,11,1
51363,Tim Berard,Oakland Athletics,54,2,4,7,83.0,335,301,64,39,15,1,9,29,25,28,2,93,5,0,1,4,0,0,11,25,4,1356,65,75,4,2
51778,David Briceno,Toronto Blue Jays,38,0,0,1,74.0,335,305,87,50,20,0,17,54,52,29,1,61,1,0,0,2,2,0,2,30,7,1366,83,71,10,1
52123,Ramon Palma,Seattle Mariners,15,15,2,4,79.1,335,300,74,46,10,1,17,37,36,29,0,77,1,4,1,4,0,0,5,0,0,1387,64,89,3,1
49967,Andrew Kessler,Los Angeles (A) Angels,14,14,5,6,77.0,334,303,79,49,20,0,10,43,41,24,0,84,5,1,1,2,0,0,6,0,0,1362,53,85,5,4
50628,R.J. Rowland,Los Angeles (A) Angels,47,1,1,4,75.1,334,277,61,37,17,0,7,41,35,44,1,84,6,3,4,1,1,0,4,38,9,1408,77,57,7,1
18850,Mike Stolba,Seattle Mariners,36,1,4,2,75.1,332,299,81,56,17,1,7,31,28,25,1,65,7,0,1,3,0,0,6,23,3,1334,70,79,1,2
51127,Ryan Bruder,Detroit Tigers,72,0,9,5,79.0,332,300,74,55,14,3,2,26,20,27,5,74,2,1,2,2,1,0,8,51,21,1297,82,69,2,3
49244,Melvin Elizondo,Colorado Rockies,44,0,3,0,72.0,329,298,94,57,27,0,10,51,51,27,0,61,1,0,3,4,0,0,7,43,15,1280,83,60,7,3
48708,Rich Villa,Philadelphia Phillies,43,0,8,2,81.1,326,308,68,45,13,2,8,24,22,13,0,81,4,0,1,0,1,0,3,33,16,1281,81,77,3,2
51072,Reese Hardgrove,Kansas City Royals,61,0,3,3,77.0,326,290,69,39,18,0,12,33,29,27,2,91,2,1,5,4,0,1,5,66,16,1301,52,81,16,1
46395,Andrew Belton,Los Angeles (N) Dodgers,71,0,6,5,79.0,325,275,52,31,12,1,8,25,22,43,1,95,1,3,3,1,0,0,8,30,8,1336,55,77,3,2
19289,Roberto Gutierrez,Detroit Tigers,59,0,2,4,73.2,324,287,80,51,17,0,12,48,45,24,1,70,7,3,3,1,2,0,7,60,23,1267,80,61,3,4
44813,Sergio Velasquez,Arizona Diamondbacks,66,0,6,11,71.1,324,277,72,52,15,0,5,45,38,43,14,67,0,0,4,7,0,0,6,4,0,1265,66,73,3,0
50522,Chris Rice,Toronto Blue Jays,46,0,5,1,71.1,324,285,77,49,16,1,11,48,43,34,1,71,1,0,4,6,0,0,5,34,13,1333,64,72,7,1
47247,Oscar Rivas,Arizona Diamondbacks,33,2,2,1,69.2,323,286,86,56,18,2,10,52,49,31,0,45,3,1,2,2,0,0,7,25,9,1254,65,90,8,0
51118,Chris Rosta,New York (A) Yankees,62,0,2,4,78.1,323,282,49,32,8,0,9,30,27,30,5,115,5,0,6,3,0,0,0,54,6,1337,51,68,12,0
21898,Carlos Gonzales,Atlanta Braves,12,12,3,4,79.0,321,304,70,53,12,1,4,28,28,11,1,71,4,0,2,1,1,0,3,0,0,1184,85,75,7,1
51719,Alex Perez,Los Angeles (N) Dodgers,38,1,5,2,72.0,321,293,85,54,22,0,9,46,43,21,0,65,4,0,3,5,0,0,5,24,10,1173,75,66,8,0
55211,Scott French,Miami Marlins,14,14,4,6,75.2,319,295,76,51,9,1,15,47,44,19,1,70,4,1,0,1,0,0,5,0,0,1219,60,88,9,2
49657,Victor Munoz,Toronto Blue Jays,42,0,0,1,71.1,317,272,67,40,14,1,12,43,39,41,0,75,2,1,1,6,0,0,6,28,7,1370,64,64,6,3
51897,Rico Cabrini,Atlanta Braves,36,12,2,4,77.1,316,286,62,45,11,0,6,29,25,25,0,56,2,1,2,5,1,0,7,11,1,1234,82,84,4,3
51767,Hector Alejandre,Los Angeles (N) Dodgers,36,1,7,1,77.2,313,287,64,37,16,3,8,24,22,22,1,50,2,0,2,2,0,0,8,29,12,1205,75,95,6,3
52717,Eduardo Cavazos,Los Angeles (A) Angels,49,2,1,1,71.2,312,277,66,50,7,0,9,36,29,31,1,72,0,0,4,2,1,0,2,32,10,1277,50,89,6,0
55091,Jonathan Mueller,Minnesota Twins,54,0,3,3,75.0,312,284,69,51,10,0,8,39,36,21,1,81,4,0,3,4,1,0,8,29,8,1242,69,66,3,0
14983,Eric Harris,Washington Nationals,38,0,5,1,70.2,310,292,84,50,17,3,14,42,39,12,0,70,4,0,2,1,0,0,4,29,9,1210,59,76,6,0
51375,Harry Chamberlain,Minnesota Twins,52,0,5,4,74.2,310,285,70,47,12,0,11,34,31,21,2,65,1,1,2,2,0,0,5,28,6,1193,64,87,4,1
50812,Andrew Meissner,Oakland Athletics,66,0,9,5,73.0,308,265,50,34,8,1,7,35,27,31,7,120,4,3,5,3,1,0,1,18,6,1255,49,49,4,0
31063,Marcus Blocker,Chicago (N) Cubs,57,0,7,4,72.0,307,283,71,58,7,2,4,29,25,21,1,67,1,1,1,5,0,0,6,34,12,1172,81,61,7,0
39617,Drew Roberts,Baltimore Orioles,59,0,4,3,75.1,307,286,68,41,17,0,10,28,26,16,0,70,3,1,1,1,0,0,6,30,9,1171,79,69,1,0
52298,Frank Johnson,Boston Red Sox,79,0,6,3,78.0,304,287,57,36,10,3,8,28,22,12,1,71,2,0,3,1,0,0,5,8,1,1187,70,88,5,0
36077,Tom Kuhn,Kansas City Royals,69,0,4,6,69.0,303,266,71,53,12,0,6,34,30,25,6,69,5,1,5,2,0,1,4,51,13,1202,51,80,3,1
50988,Rob McNeilly,Minnesota Twins,54,0,1,3,74.2,303,259,48,34,12,0,2,17,13,37,2,76,4,0,3,3,0,0,9,41,3,1234,58,77,3,2
35661,Brad Bledsoe,Tampa Bay Rays,57,0,1,1,73.2,302,267,65,46,15,1,3,24,23,26,0,49,6,0,3,3,0,0,16,38,10,1175,79,71,3,3
23002,Max James,Colorado Rockies,52,0,6,2,68.1,298,265,67,41,15,3,8,37,36,27,2,76,4,1,1,3,0,0,4,32,7,1200,48,72,0,1
52461,Jason Holland,Chicago (N) Cubs,64,0,7,8,74.0,298,268,54,34,9,2,9,25,20,24,3,76,3,0,3,1,1,0,3,24,8,1202,61,80,3,1
44819,Juan Romero,Washington Nationals,58,0,4,2,72.1,297,277,70,42,15,0,13,34,32,17,5,83,2,1,0,2,0,0,8,41,13,1118,52,70,4,2
38438,Mike Coulombe,Los Angeles (A) Angels,61,0,4,9,72.2,295,262,59,35,12,1,11,35,24,23,8,70,5,0,5,3,0,0,9,35,13,1080,61,74,1,1
27819,Jonah Rosey,Philadelphia Phillies,66,0,7,11,73.2,293,267,59,37,17,0,5,27,22,16,4,66,5,2,3,4,0,0,7,39,6,1123,63,83,3,0
32932,Dan Patterson,Chicago (A) White Sox,68,0,3,2,73.1,293,268,47,30,11,0,6,25,21,19,3,104,4,2,0,4,0,0,4,31,9,1203,57,57,4,0
50533,Lance Schaefer,San Diego Padres,50,0,4,0,74.2,293,275,60,41,14,0,5,15,13,15,1,83,2,0,1,4,0,0,7,47,12,1153,61,69,4,2
55163,Chris Johnson,Cleveland Guardians,58,0,4,6,67.0,293,259,65,37,17,0,11,34,30,27,3,65,5,0,2,0,0,0,6,33,9,1132,63,65,2,0
28595,Ryan Keegan,Boston Red Sox,74,0,10,2,71.0,292,262,60,39,12,1,8,28,25,26,3,65,2,0,2,2,0,0,9,55,11,1224,62,74,3,2
47821,Jayden Hairston,New York (A) Yankees,43,0,4,1,67.0,292,267,72,49,15,1,7,27,21,20,0,41,3,0,2,3,0,0,4,22,5,1130,63,88,6,2
52493,Trevor Adolph,Houston Astros,64,0,6,5,70.2,292,268,61,39,12,0,10,27,22,20,3,63,3,0,1,1,0,0,3,39,11,1147,61,83,2,1
56893,Evan Ferguson,Arizona Diamondbacks,35,0,4,0,67.0,292,265,67,46,10,2,9,29,27,23,1,58,4,0,0,2,1,0,4,22,8,1160,66,72,8,1
50549,Jon Toal,Toronto Blue Jays,50,0,2,5,65.2,291,242,54,31,10,0,13,34,32,41,3,87,5,1,2,6,1,0,2,35,11,1254,38,65,8,3
34062,Josh Tremblay,Minnesota Twins,51,0,5,2,70.0,290,261,60,41,11,2,6,28,26,24,3,45,3,0,2,6,1,0,6,39,8,1130,76,80,2,1
49137,Pat Ferrell,Houston Astros,49,0,2,1,69.2,289,260,59,34,11,0,14,31,30,25,2,67,1,2,1,4,0,0,6,32,6,1157,62,71,2,0
50760,Keith Dobbs,San Diego Padres,59,3,4,8,69.0,288,267,70,46,15,1,8,34,27,15,3,57,1,3,2,5,0,0,5,16,5,1096,76,65,1,2
52423,D.J. Tsoukalas,Atlanta Braves,51,19,2,1,67.0,287,249,58,36,10,1,11,32,31,33,1,68,5,0,0,2,1,0,9,29,8,1154,55,64,11,1
51295,Chris Willard,Seattle Mariners,66,0,5,9,70.0,285,253,47,30,12,0,5,28,21,24,8,83,5,2,1,4,0,0,3,14,3,1052,48,73,0,0
46289,Zack Taylor,Miami Marlins,29,0,6,4,71.1,284,257,55,36,11,1,7,31,31,23,0,75,2,0,2,2,2,0,9,24,3,1183,57,71,10,1
52407,Michael Hebert,New York (N) Mets,64,0,8,4,69.1,284,260,55,38,11,0,6,18,13,20,5,88,3,0,1,1,0,0,5,7,1,1062,68,46,2,1
29236,Josh Wood,Oakland Athletics,68,0,3,4,68.0,282,255,54,37,12,1,4,15,13,23,4,60,2,1,1,3,0,0,4,38,10,1109,64,76,0,1
50541,Jake Schroeder,Cleveland Guardians,56,1,2,3,68.2,282,257,62,37,16,0,9,32,28,18,0,57,3,0,4,0,1,0,10,35,16,1104,71,69,4,0
46611,Antonio Delgado,Tampa Bay Rays,37,3,6,1,66.2,280,261,65,37,19,0,9,32,28,16,0,66,1,0,2,5,0,0,1,17,3,1150,55,71,1,6
52436,Jose Rios,Cincinnati Reds,52,0,7,1,72.0,277,254,50,33,11,0,6,21,20,19,1,63,2,0,2,2,0,0,12,40,8,1075,62,78,4,0
56758,Danny Morales,Colorado Rockies,35,0,2,5,55.1,277,221,64,35,13,2,14,50,49,46,1,56,6,2,2,6,0,0,6,20,10,1179,50,54,2,0
31641,Brent Kashi,Detroit Tigers,69,0,2,7,65.2,276,252,57,37,14,2,4,28,25,18,1,54,5,1,0,1,1,0,1,50,10,1035,58,81,5,2
48406,Oscar Acuna,Baltimore Orioles,40,0,2,2,63.0,275,231,52,29,13,1,9,27,27,36,1,75,4,2,2,1,0,0,3,29,4,1149,51,57,8,1
52121,Jon Cabrera,Philadelphia Phillies,63,0,5,5,69.0,275,246,50,30,10,2,8,28,25,23,1,74,5,1,0,4,1,0,5,53,12,1096,50,72,8,1
26146,Julio Reyna,Tampa Bay Rays,49,0,2,2,67.2,274,248,57,34,15,3,5,26,24,18,0,60,4,1,3,0,0,0,3,40,10,1047,61,71,5,1
58370,John Gray,Seattle Mariners,26,5,4,1,60.0,274,237,63,45,14,1,3,38,35,29,3,57,5,0,3,4,0,0,6,23,6,1056,57,58,4,0
46682,Ross Carpenter,Texas Rangers,58,0,6,10,61.2,273,239,60,34,11,0,15,52,39,26,11,48,1,3,4,2,0,0,4,16,2,1030,50,84,4,0
50978,Carlos Ulerio,Cleveland Guardians,60,0,4,5,68.0,273,238,39,26,8,0,5,23,12,27,9,101,0,3,5,2,1,0,3,18,6,1079,49,52,2,1
52317,Luke Clark,Boston Red Sox,12,12,6,2,66.0,272,245,59,36,18,0,5,32,32,22,0,53,1,3,1,0,0,0,6,0,0,1056,70,66,2,2
50543,Joe Hitchcock,Cleveland Guardians,56,1,2,4,63.2,271,242,61,50,5,0,6,31,20,24,0,85,1,1,3,1,0,0,3,35,4,1168,48,50,8,4
50920,Armando Pinedo,Seattle Mariners,69,0,5,6,65.2,270,241,53,35,10,0,8,22,21,24,5,64,1,0,4,2,0,0,5,44,11,1047,62,64,2,1
35128,Pat Hayes,Tampa Bay Rays,51,0,5,5,65.0,269,234,49,38,4,0,7,21,14,25,0,55,5,1,3,5,1,1,7,35,9,1134,56,74,3,1
50829,Jim Torode,Cleveland Guardians,57,0,3,5,64.1,269,253,62,40,7,2,13,37,28,15,1,69,0,0,1,1,0,0,6,30,12,1028,49,66,7,2
50980,Dan Ragsdale,New York (A) Yankees,63,0,3,3,55.0,269,228,68,44,16,0,8,35,32,30,3,59,6,1,4,8,0,0,1,38,20,1100,48,55,2,1
56855,Max Adams,St. Louis Cardinals,12,12,2,9,51.0,268,235,87,64,12,2,9,56,51,26,0,33,1,1,5,0,0,0,2,0,0,1027,53,63,6,2
51284,Bubba Shahan,Chicago (A) White Sox,55,0,6,3,67.1,267,247,56,40,10,1,5,23,18,18,3,78,1,0,1,2,0,0,6,49,13,1048,52,61,2,0
55244,Ron Lucabaugh,St. Louis Cardinals,12,12,3,3,61.1,267,241,63,46,12,0,5,23,18,22,0,58,3,0,1,2,0,0,8,0,0,1080,61,55,4,1
31762,Wayne Kassa,New York (N) Mets,35,1,5,2,61.0,265,234,61,44,13,0,4,32,32,28,0,42,2,1,0,5,0,0,7,25,8,1059,60,72,5,0
50513,Jose Longoria,Texas Rangers,11,11,1,7,58.2,265,235,62,42,12,1,7,37,36,30,0,58,0,0,0,1,0,0,4,0,0,1035,50,62,1,1
46724,Josh Jones,Baltimore Orioles,47,0,4,3,63.2,263,231,50,36,9,0,5,22,17,28,2,57,2,0,2,1,0,0,9,31,8,1061,72,51,5,0
50787,Mike Gordon,Texas Rangers,48,0,2,1,62.1,263,243,63,40,13,1,9,32,26,15,0,59,2,0,3,3,0,0,4,43,15,1020,63,58,6,2
26013,Steve Bargmann,Los Angeles (N) Dodgers,16,10,6,4,61.2,261,241,61,35,13,0,13,37,37,15,0,72,4,0,1,1,0,0,1,4,1,1020,44,65,7,2
54127,Jon Richter,Tampa Bay Rays,52,0,4,3,61.2,261,230,51,33,7,0,11,32,28,26,0,91,3,0,2,1,0,0,3,31,7,1100,41,48,2,1
30996,Josh Donnelly,San Francisco Giants,62,0,6,6,58.2,259,233,55,38,11,1,5,35,24,16,4,64,8,0,2,4,1,0,2,11,7,997,45,65,1,0
46051,Ryan Decenzo,Boston Red Sox,43,0,1,2,63.1,259,235,59,36,13,2,8,22,20,17,2,51,5,0,2,1,0,0,8,29,6,1012,68,59,5,3
52945,Jesse Burns,Chicago (A) White Sox,53,0,2,0,61.2,259,237,51,30,12,2,7,28,22,22,2,86,0,0,0,6,0,0,1,34,7,1076,49,48,6,0
52444,Ryan Jones,Tampa Bay Rays,54,0,5,2,65.0,258,246,56,30,17,0,9,27,23,12,0,74,0,0,0,1,1,0,3,24,7,1066,58,56,9,2
26880,Bryan Fry,Cincinnati Reds,46,0,0,3,62.1,255,235,50,31,10,1,8,26,22,14,1,61,2,2,2,0,0,0,2,30,7,977,70,53,5,1
29604,Mike Jordan,Los Angeles (N) Dodgers,13,13,3,3,64.0,253,234,48,28,9,0,11,23,23,17,0,67,1,0,1,2,0,0,4,0,0,982,55,63,3,3
51156,Alfredo Fernandez,Miami Marlins,24,1,2,0,67.0,252,232,41,26,6,1,8,21,21,16,2,52,3,0,1,2,0,0,8,21,7,1011,72,66,2,1
52353,Jesse Carr,Cincinnati Reds,49,0,2,1,60.1,252,217,46,31,10,0,5,23,21,28,3,76,5,1,1,1,0,0,7,36,13,1030,48,49,1,0
47312,Colin Voight,Atlanta Braves,58,0,6,8,54.1,251,216,57,29,15,1,12,44,34,27,4,78,3,3,2,3,0,0,2,9,3,1016,39,44,2,0
47933,Justin Johnson,St. Louis Cardinals,56,0,7,6,56.0,251,212,49,33,5,1,10,36,28,32,6,65,1,2,4,1,0,0,1,11,2,986,36,65,2,0
48764,Bob Meeks,St. Louis Cardinals,32,0,1,1,52.2,251,212,52,25,16,1,10,35,27,38,0,59,1,0,0,3,0,0,0,23,8,1059,45,52,6,0
53995,Ricardo Arroyo,Baltimore Orioles,14,7,3,3,60.1,251,222,50,35,12,1,2,22,22,18,0,48,8,1,2,1,0,0,8,9,5,1003,63,61,2,0
52384,Willie Cornett,Oakland Athletics,38,0,3,0,64.2,250,235,51,36,10,0,5,18,17,9,0,57,4,0,2,0,0,0,4,24,7,963,65,60,0,2
50591,Bobby Ferrara,Atlanta Braves,39,0,3,0,60.2,249,216,54,32,14,0,8,27,26,20,0,52,5,1,7,1,1,0,6,31,15,1012,46,72,4,1
35261,Jesse Clemens,Miami Marlins,59,0,5,6,58.1,248,219,44,32,8,1,3,22,14,21,4,51,5,2,1,3,0,0,2,23,4,975,50,72,1,0
47818,Bob Falor,Cleveland Guardians,19,10,2,5,52.1,248,220,68,41,15,1,11,40,40,19,0,32,5,0,4,6,1,0,3,6,4,927,55,65,9,2
52538,Victor Elguea,New York (N) Mets,43,0,1,1,55.1,248,219,60,40,14,1,5,18,16,23,0,53,5,0,1,1,3,0,3,45,12,1002,49,58,8,1
49004,Matt Bailey,Arizona Diamondbacks,29,1,4,2,53.0,247,221,67,41,16,1,9,48,46,23,0,26,1,0,2,1,0,0,1,22,9,964,61,68,2,1
44641,Luis Torres,Texas Rangers,46,0,4,5,54.0,246,211,58,35,13,2,8,33,28,28,6,46,3,0,4,1,1,0,6,30,16,971,55,52,2,1
51055,Chris Luppino,Atlanta Braves,48,0,1,4,56.2,245,213,50,35,13,2,0,25,11,25,2,52,2,2,3,3,0,0,6,33,7,950,68,42,0,1
57000,Phil Valencia,New York (N) Mets,25,1,3,1,52.1,245,204,56,33,10,0,13,40,39,39,0,36,0,0,2,1,0,0,6,17,6,974,53,58,5,2
49117,Luke Long,Chicago (N) Cubs,43,0,4,0,57.2,244,231,61,41,9,2,9,23,22,9,3,53,2,0,2,2,0,0,4,28,8,898,63,51,3,1
28417,David Galeazzi,San Francisco Giants,45,0,1,2,59.2,243,226,48,28,14,0,6,20,15,14,2,55,2,0,1,1,0,0,4,22,8,970,55,63,2,1
28431,Brandon Robison,Kansas City Royals,61,0,6,5,59.1,240,217,43,25,11,1,6,20,15,18,3,67,3,0,2,3,0,0,7,5,0,985,50,54,0,0
33512,Jon Coleman,Pittsburgh Pirates,57,0,4,4,58.0,240,220,52,37,9,1,5,17,15,12,1,67,4,2,2,2,0,0,3,35,12,958,51,52,5,0
55347,Mike Young,Pittsburgh Pirates,14,9,3,3,56.2,240,207,47,29,7,1,10,31,31,32,0,51,0,0,1,1,0,0,6,4,0,966,49,61,4,2
28685,Aaron Tinoco,Pittsburgh Pirates,56,0,8,5,56.0,239,201,42,30,8,1,3,32,19,26,5,72,6,2,4,3,0,0,4,8,2,973,40,51,4,0
50880,Cory Merrigan,Tampa Bay Rays,50,0,3,7,55.0,239,213,55,33,14,2,6,29,22,21,3,51,2,0,3,1,0,0,4,27,8,939,49,59,5,2
52790,Ken Giese,San Francisco Giants,38,0,2,2,58.0,239,219,48,31,11,0,6,24,22,15,2,65,3,0,2,2,0,0,4,18,4,958,47,58,8,0
46612,Andy Heidt,Atlanta Braves,29,7,2,6,54.2,237,221,65,43,9,4,9,36,34,13,0,21,2,0,1,3,0,0,5,13,4,882,62,73,4,2
35148,Wayne Messmer,Philadelphia Phillies,45,1,0,1,56.1,235,218,53,32,9,0,12,28,23,12,1,54,2,0,2,3,0,1,4,29,14,965,41,69,6,1
47449,Alex Aguilar,Colorado Rockies,49,0,7,2,54.1,235,208,58,36,13,1,8,41,40,25,2,51,1,0,1,0,0,0,6,31,6,916,45,54,3,4
50234,Danny Carlos,Minnesota Twins,47,0,8,2,59.2,234,220,49,29,7,0,13,25,23,12,0,65,2,0,0,4,1,0,4,31,6,958,41,64,4,1
46332,Jayson Tillman,Toronto Blue Jays,53,0,5,10,55.0,233,204,50,33,6,0,11,34,31,25,5,55,2,0,2,3,0,0,7,34,7,949,50,49,7,2
50519,Tobias Segura,St. Louis Cardinals,54,0,4,6,55.0,233,193,37,22,10,0,5,21,17,35,5,62,1,0,4,4,0,0,4,47,13,925,44,51,5,3
50850,Brandon Graver,Pittsburgh Pirates,49,0,3,4,57.0,232,214,46,26,9,0,11,30,27,17,0,72,0,1,0,3,0,0,2,33,6,955,40,55,2,2
50655,Dan Gerling,Detroit Tigers,56,0,2,7,54.0,231,206,50,32,11,1,6,27,19,19,4,53,0,3,3,1,0,0,2,17,4,886,53,53,2,0
51354,Leopold Kimmel,Miami Marlins,33,0,1,1,57.1,228,202,40,25,10,2,3,18,14,21,2,60,2,0,3,2,0,0,6,27,8,895,36,66,7,0
56796,Bobby Cherry,Houston Astros,9,9,4,5,54.0,228,210,55,37,8,1,9,24,24,15,1,56,1,1,0,0,0,1,5,0,0,905,41,57,2,3
37325,Jose Jimenez,Milwaukee Brewers,49,0,2,1,54.1,227,203,47,35,6,1,5,21,20,20,3,52,3,0,1,2,0,0,7,42,15,850,41,61,4,2
47056,Adam Kaminskaya,0,33,0,2,4,50.2,227,194,54,40,8,0,6,27,27,24,0,35,4,1,4,2,1,0,5,32,5,920,52,57,5,1
50709,Dave Brooks,Pittsburgh Pirates,50,0,2,2,54.1,226,195,44,27,9,1,7,17,16,26,0,54,1,1,3,2,0,0,4,29,9,910,50,50,5,3
50844,Erik Rutledge,Toronto Blue Jays,52,0,3,11,49.2,224,192,48,22,13,0,13,44,30,26,2,61,2,3,1,6,1,0,1,15,7,906,34,50,0,2
39597,Danny Ruiz,Cincinnati Reds,30,1,6,2,51.1,222,191,44,25,6,0,13,32,31,25,0,51,2,1,2,2,0,1,3,21,5,910,42,55,3,2
50848,Mark Brodrick,Chicago (A) White Sox,36,0,3,1,53.1,222,200,44,26,8,1,9,20,18,20,2,51,0,2,0,2,0,0,3,25,8,898,51,54,1,0
51281,Craig Green,New York (N) Mets,51,0,8,6,53.1,222,201,44,26,8,2,8,31,26,20,6,60,1,0,0,2,0,0,3,36,6,907,38,56,3,1
44767,Daniel Cervantes,Baltimore Orioles,40,0,2,2,52.2,221,207,54,41,8,1,4,19,18,9,1,64,3,0,2,2,0,0,4,22,5,907,34,53,3,1
24880,Chad Lewis,Baltimore Orioles,34,0,4,5,54.1,218,199,49,33,13,0,3,21,21,16,1,28,2,1,0,2,2,0,9,34,4,836,66,56,1,3
26626,Matt Hurley,San Francisco Giants,52,0,7,4,48.2,218,186,43,35,4,0,4,18,15,22,2,47,8,0,2,0,0,0,2,29,6,877,50,44,7,1
33613,Chris Moore,Oakland Athletics,41,0,0,0,48.0,217,182,42,25,7,1,9,21,20,26,1,64,7,0,2,0,0,0,4,38,12,912,32,43,4,1
49223,Chris Anderson,Houston Astros,55,0,1,5,51.1,217,189,35,22,5,2,6,20,16,23,4,63,5,0,0,3,0,0,3,6,0,862,34,54,0,0
25928,Matt Donovan,Colorado Rockies,36,0,2,0,47.2,216,192,58,31,13,1,13,33,33,18,0,48,3,0,3,2,1,0,4,34,14,865,42,47,5,1
26297,Manuel Ruiz,Tampa Bay Rays,40,0,5,5,54.0,216,196,41,28,8,0,5,20,15,12,0,50,6,1,1,2,2,0,4,37,3,849,43,63,5,4
29031,Sergio de Anda,Washington Nationals,47,0,4,4,52.1,215,191,50,31,10,1,8,38,31,17,1,42,1,1,4,0,1,1,12,22,3,841,41,61,1,0
31085,Kyle Panek,Los Angeles (N) Dodgers,49,0,6,4,49.0,215,189,41,26,10,0,5,25,20,21,6,39,5,0,0,2,0,0,1,14,5,810,52,52,0,0
50768,Chris Smith,Colorado Rockies,41,0,1,7,49.2,214,184,40,21,7,0,12,36,34,29,3,63,0,0,1,1,1,0,4,20,1,898,32,49,2,1
49330,Tanho Urich,Cincinnati Reds,48,0,4,3,57.0,212,191,30,20,7,0,3,20,16,13,5,57,3,2,3,2,1,0,5,32,4,826,56,52,4,1
53665,Rafael Blanco,New York (A) Yankees,53,0,4,4,51.0,211,192,43,31,5,0,7,19,16,15,2,64,2,0,2,4,1,0,3,19,4,849,43,42,4,1
52514,Randy Elam,Los Angeles (N) Dodgers,11,11,3,3,48.1,208,178,41,31,8,0,2,25,22,23,0,36,6,0,1,2,1,0,8,0,0,840,48,53,4,0
58385,Johnny Dando,Milwaukee Brewers,50,0,2,8,50.0,208,177,35,24,8,0,3,19,12,20,4,61,7,2,2,3,0,0,3,11,2,866,38,44,2,1
52935,Craig Holbrook,Arizona Diamondbacks,39,0,0,3,46.2,207,186,49,29,15,0,5,27,22,19,1,31,1,0,1,2,0,0,3,27,14,821,56,49,6,0
26009,Gary Dougherty,Miami Marlins,33,0,1,1,47.2,205,173,38,30,4,1,3,20,18,23,0,45,4,0,5,4,0,0,3,20,7,784,40,53,6,1
56750,John Ring,Houston Astros,30,0,1,1,48.0,205,183,50,37,5,0,8,21,19,12,1,45,6,0,4,5,0,0,5,24,4,794,45,45,6,0
55076,Jeremy Burch,Houston Astros,29,0,2,0,44.1,200,182,56,31,16,1,8,33,30,11,0,19,5,0,2,2,1,0,5,19,6,741,57,49,3,0
58514,Al Hernandez,Cleveland Guardians,60,0,2,2,47.1,200,176,47,32,11,0,4,16,15,20,8,40,1,0,3,4,0,0,11,31,9,737,49,42,4,0
50720,Chris Garman,Cincinnati Reds,56,0,3,1,52.0,199,185,36,24,5,0,7,14,12,11,2,66,3,0,0,0,0,0,6,14,3,819,47,36,1,1
33568,Clint Hernandez,Washington Nationals,15,8,1,3,44.1,198,185,61,37,12,2,10,29,24,7,0,39,3,1,2,2,1,0,4,5,4,770,44,42,1,2
46513,Lorenzo Lujan,Boston Red Sox,51,0,3,4,50.1,198,183,43,32,7,0,4,17,12,10,2,47,1,1,2,1,0,1,5,23,7,804,48,45,4,4
55902,Hidalgo Navarez,Los Angeles (N) Dodgers,13,7,2,4,44.2,195,170,43,23,7,0,13,38,38,22,0,41,1,1,1,1,0,0,4,2,0,783,29,58,0,0
28733,Marty Cady,Colorado Rockies,41,0,3,2,42.2,192,171,53,36,9,0,8,23,22,14,0,40,2,1,4,0,0,0,3,27,6,815,32,50,1,1
50474,Moises Talavera,Tampa Bay Rays,35,0,1,2,49.0,191,182,34,17,13,0,4,12,11,9,0,47,0,0,0,1,2,0,1,22,4,730,45,54,8,1
52722,Ernie Koneval,Boston Red Sox,30,0,2,1,49.2,190,176,31,20,9,1,1,16,15,13,1,39,0,0,0,3,1,1,3,23,3,737,47,58,3,1
39445,George Perrow,0,24,0,0,0,40.2,189,172,56,32,16,2,6,28,22,8,1,31,6,0,3,0,0,0,1,21,13,723,39,48,3,0
52319,Tim Spangenberg,New York (A) Yankees,47,0,3,3,46.0,187,174,36,23,8,0,5,19,11,10,2,64,1,0,2,1,0,0,3,5,0,744,34,36,1,0
34186,Juan Cantu,New York (A) Yankees,61,0,4,4,47.1,186,171,39,29,6,0,4,17,16,12,0,55,3,0,0,0,0,0,6,43,10,731,37,40,1,2
23614,Josh Queen,Miami Marlins,33,0,3,0,42.2,185,169,46,33,5,1,7,24,23,11,0,41,2,0,3,2,0,0,2,25,5,716,39,45,3,0
51648,Jason Harville,Minnesota Twins,7,7,3,2,43.0,184,164,40,25,5,0,10,23,22,15,0,31,2,3,0,2,0,0,2,0,0,691,58,35,2,1
47222,David Kearns,San Diego Padres,28,0,4,0,46.0,182,169,40,27,9,3,1,12,11,10,2,42,2,0,1,0,1,0,5,27,8,711,41,47,4,2
55308,Dan Young,Milwaukee Brewers,46,0,4,6,45.0,182,156,29,18,5,0,6,19,14,20,6,44,2,1,3,4,0,0,3,36,10,708,41,46,2,0
51453,Jason Reis,Arizona Diamondbacks,28,0,1,2,42.0,181,159,35,23,5,0,7,22,19,20,1,42,0,2,0,0,0,0,3,14,5,745,44,38,2,0
50566,Dustin Perkerson,Chicago (N) Cubs,46,0,3,1,44.0,180,162,37,30,6,0,1,14,11,17,2,46,1,0,0,2,0,0,6,2,0,712,44,33,2,1
51397,Tom Cooper,New York (N) Mets,22,1,0,3,39.1,180,159,44,30,9,0,5,27,25,17,0,32,3,0,1,4,0,0,2,15,5,711,35,48,6,0
49851,Chris Mandeville,Cleveland Guardians,21,0,2,2,40.2,177,161,43,27,5,0,11,26,23,14,0,40,1,0,1,2,0,0,0,14,2,693,33,44,4,3
33744,Corey Clay,Colorado Rockies,36,0,4,3,41.1,176,152,39,20,13,2,4,20,16,19,0,35,4,1,0,2,0,0,9,30,10,673,46,32,2,0
28019,Angelo Flores,St. Louis Cardinals,25,0,4,2,37.0,174,148,37,18,10,1,8,28,22,20,0,42,2,1,3,2,1,0,1,17,6,684,33,36,5,0
49859,Chris Erez,Detroit Tigers,17,5,2,6,36.0,171,149,44,25,6,2,11,36,35,19,1,37,2,0,1,1,0,0,1,9,5,672,31,37,2,0
52879,Eric Evans,Milwaukee Brewers,23,0,0,0,38.2,171,153,41,28,5,2,6,24,21,14,0,24,2,0,2,0,0,0,2,19,6,654,40,48,2,0
49323,Ayham Abdul-Basit,Pittsburgh Pirates,23,0,2,1,40.2,170,161,42,24,11,0,7,17,17,7,0,32,1,0,1,2,0,0,3,22,8,675,34,54,3,0
58559,Brendan Woodward,Baltimore Orioles,9,7,0,5,33.2,170,145,48,35,7,0,6,27,26,17,0,20,4,0,4,1,0,0,3,3,1,680,27,50,2,1
50477,Raul Rivera,Pittsburgh Pirates,21,0,2,3,34.0,169,142,40,25,11,2,2,26,24,23,0,34,2,0,2,5,0,0,0,14,9,695,28,39,3,0
51637,Jim Thacker,San Diego Padres,27,0,1,2,38.0,161,144,39,27,7,0,5,10,10,15,0,34,0,0,2,1,1,0,5,25,10,642,31,42,1,1
33294,Andrew Brady,San Diego Padres,54,0,2,5,34.0,160,136,40,25,10,2,3,23,20,17,6,39,3,0,4,1,0,0,3,43,15,629,29,29,3,1
51487,Juan Morales,Baltimore Orioles,26,0,0,1,38.0,157,144,33,17,7,2,7,16,15,11,0,39,0,0,2,2,1,0,2,14,4,617,34,39,0,1
36677,Dave Moreno,0,30,0,1,2,32.2,156,140,44,28,11,0,5,31,30,11,0,28,2,0,3,2,0,0,2,19,8,595,36,33,3,1
32427,Jaime Ogle,Boston Red Sox,27,0,1,0,39.0,153,140,28,20,7,0,1,10,10,11,0,31,1,0,1,1,0,0,4,15,6,616,38,44,3,0
50816,Edwin Castro,Chicago (A) White Sox,55,0,5,4,34.1,147,132,31,25,5,0,1,10,7,11,1,35,1,1,2,3,0,0,1,34,5,573,19,47,5,1
51088,Alan Lauer,Chicago (A) White Sox,11,4,1,2,33.0,147,131,35,23,5,1,6,17,17,16,1,39,0,0,0,3,0,0,4,6,3,619,22,33,7,0
52376,J.J. Unger,Miami Marlins,7,7,0,3,33.2,147,126,34,18,6,1,9,24,22,18,0,15,1,0,2,2,0,0,5,0,0,563,31,47,0,2
47801,Mike Dougherty,Baltimore Orioles,6,6,0,3,31.0,145,132,44,26,10,1,7,26,24,10,0,25,1,1,1,2,0,0,4,0,0,553,31,32,3,0
31938,Miguel Garnica,San Diego Padres,21,0,3,0,32.2,144,121,29,23,3,0,3,17,17,18,0,36,2,0,3,0,1,0,4,22,9,595,27,31,1,0
51956,Miguel Acevedo,Philadelphia Phillies,26,0,0,0,34.0,139,123,21,6,9,0,6,14,10,12,1,39,3,0,1,0,0,0,1,20,5,557,28,32,2,2
52486,Todd Kinney,Chicago (A) White Sox,16,0,1,0,32.2,139,123,30,26,3,0,1,9,8,15,0,24,0,0,1,2,0,0,4,15,6,578,36,33,2,0
55556,Phil O'Laughlin,New York (N) Mets,27,0,1,1,34.0,133,111,17,11,4,0,2,11,7,17,0,32,2,1,2,1,0,0,5,24,4,583,31,33,5,1
52511,Oscar Vasquez,Cleveland Guardians,30,0,4,1,30.2,132,118,32,22,2,1,7,18,16,12,0,28,2,0,0,1,0,0,4,28,2,550,31,27,2,0
52913,Pablo Mejia,New York (A) Yankees,22,0,3,2,30.1,132,115,27,21,5,0,1,16,15,15,0,30,2,0,0,1,0,0,2,14,3,518,28,30,2,1
44661,Benjamin Ramos,Cincinnati Reds,12,3,2,3,28.2,128,113,30,20,5,0,5,18,18,9,0,32,5,0,1,1,0,0,2,8,2,529,18,33,0,0
33681,Jason Tavera,0,6,6,0,4,26.0,127,106,33,24,3,1,5,23,23,14,0,19,4,2,1,3,0,0,2,0,0,504,19,37,3,0
51310,Mario Medina,San Diego Padres,15,0,1,2,29.0,126,113,25,15,2,1,7,18,17,13,1,25,0,0,0,1,0,0,2,11,4,502,26,34,1,0
54141,Micah Scialpi,Philadelphia Phillies,12,6,0,1,29.0,124,108,23,15,2,0,6,17,17,13,0,31,2,0,1,1,0,0,3,3,0,517,27,26,2,0
56821,Elijah Boyd,Cleveland Guardians,15,1,1,1,28.0,124,107,30,16,7,3,4,18,18,13,0,27,3,0,1,1,0,0,3,12,6,502,22,29,0,1
50623,Brian Preuss,Philadelphia Phillies,14,0,2,2,27.0,120,109,32,16,9,0,7,18,17,9,0,32,0,0,2,4,1,0,4,12,5,479,27,20,2,0
55232,Josh Montgomery,Oakland Athletics,24,0,1,1,31.1,120,107,19,13,6,0,0,5,2,9,1,26,2,1,1,0,0,0,5,28,2,474,31,31,2,0
23279,Nate Bourgeois,Colorado Rockies,31,0,1,1,27.0,117,100,26,20,3,0,3,12,12,13,1,24,4,0,0,1,0,0,4,17,5,472,23,26,2,0
58376,Mario Espinal,Colorado Rockies,18,0,4,0,26.0,117,100,26,17,5,1,3,12,12,10,1,25,3,0,4,2,0,0,2,10,4,451,23,28,1,0
55288,Kevin Valvo,Colorado Rockies,5,5,1,3,26.2,112,105,25,11,6,0,8,16,16,7,0,28,0,0,0,0,0,0,1,0,0,454,19,32,0,0
59859,Gene King,Washington Nationals,28,0,1,0,26.0,111,101,24,17,5,0,2,12,8,8,0,40,2,0,0,0,0,0,1,22,10,458,17,19,2,1
35605,Jesus Diaz,0,25,0,3,1,25.0,108,93,20,9,6,1,4,15,12,14,1,24,0,0,1,2,0,0,0,18,5,440,20,30,2,0
51282,Jared King,New York (N) Mets,13,2,1,4,23.0,108,103,34,20,9,2,3,20,20,5,2,17,0,0,0,2,0,0,0,4,2,385,28,24,2,0
58444,Kyle DiPaolo,San Diego Padres,5,5,1,1,25.1,108,96,23,18,3,0,2,14,11,10,0,21,0,0,2,2,0,0,1,0,0,445,25,28,4,1
28956,John Shackett,Pittsburgh Pirates,6,6,1,3,25.2,105,94,18,11,3,0,4,12,11,6,0,30,4,0,1,0,0,0,1,0,0,433,13,33,1,0
45915,Gerardo Ontiveros,Tampa Bay Rays,21,0,0,2,28.2,105,98,21,16,2,0,3,9,9,7,0,22,0,0,0,1,0,0,7,13,1,403,28,26,3,1
47441,Jeff Davis,Houston Astros,23,0,2,2,25.1,103,93,24,13,7,0,4,12,10,10,2,32,0,0,0,1,0,0,4,16,1,402,17,20,0,2
50473,Felix Fulgencio,Colorado Rockies,13,3,3,1,22.1,103,85,22,8,10,2,2,16,14,15,1,25,1,0,2,1,0,0,1,6,5,448,13,27,0,0
53866,Victor Madrigal,Chicago (A) White Sox,12,1,0,0,23.0,103,94,24,10,7,0,7,18,18,7,1,29,2,0,0,0,0,0,0,4,1,408,14,25,3,0
47252,Cory Heath,Los Angeles (A) Angels,22,0,3,2,21.2,101,83,21,19,2,0,0,11,10,17,2,22,1,0,0,0,0,0,2,1,0,411,15,25,0,0
52693,Garrett Bataille,Arizona Diamondbacks,6,6,1,3,22.0,99,92,29,20,8,1,0,13,12,6,0,16,1,0,0,0,0,0,4,0,0,384,23,23,3,0
37453,Brad Gard,0,18,0,1,1,22.0,98,88,24,17,2,0,5,14,13,8,1,25,2,0,0,1,1,0,0,12,5,386,21,18,2,0
48600,Guillermo Vasquez,Boston Red Sox,14,0,1,1,19.2,96,82,24,16,6,0,2,14,11,10,0,17,3,0,1,0,0,0,2,11,3,396,16,23,0,0
53909,Ruben Paredes,New York (A) Yankees,8,2,1,0,22.0,96,86,22,15,3,1,3,10,10,9,0,25,1,0,0,2,0,0,2,4,0,429,14,25,3,0
51396,John Johnson,Milwaukee Brewers,19,0,2,1,20.1,95,84,24,16,2,1,5,18,18,9,0,16,2,0,0,2,0,0,0,14,4,364,20,24,2,0
44473,Jesse Easley,Los Angeles (A) Angels,19,0,2,1,21.2,89,78,18,9,6,1,2,11,11,8,2,13,1,0,2,1,0,0,3,17,3,337,17,31,3,1
56913,Tony Zuniga,Los Angeles (N) Dodgers,6,3,2,0,21.1,89,81,20,12,4,0,4,10,10,7,0,18,1,0,0,0,0,0,2,4,1,346,22,21,4,1
56301,Eddie de Santiago,Chicago (A) White Sox,15,0,1,0,20.0,87,76,18,10,3,1,4,12,12,8,0,29,2,0,1,1,0,0,1,7,4,375,16,13,0,1
50177,Alex Gonzales,New York (A) Yankees,15,0,2,2,16.2,85,73,25,20,3,0,2,15,14,9,0,15,1,0,2,0,0,0,2,15,4,334,13,20,2,0
50921,Ryan Kunze,Minnesota Twins,14,0,1,2,21.1,85,79,17,10,4,0,3,8,8,6,0,17,0,0,0,1,0,0,0,10,3,343,14,30,2,1
52470,Francisco Tapia,New York (N) Mets,9,0,0,0,19.1,82,70,19,11,3,1,4,13,13,8,0,17,1,1,2,0,0,0,3,9,1,331,21,16,2,1
51480,Ken Rawdon,Minnesota Twins,7,2,2,0,18.1,80,76,23,17,5,0,1,9,8,4,0,22,0,0,0,0,0,0,1,4,1,317,12,18,2,1
51370,Chris Gomez,Arizona Diamondbacks,19,0,5,0,20.0,79,70,11,5,4,0,2,6,4,8,1,14,0,1,0,0,0,0,1,13,1,302,26,19,4,0
47382,Sam Lara,0,9,0,0,0,15.1,78,68,21,15,4,0,2,14,13,7,0,14,3,0,0,1,0,0,0,7,5,297,13,19,1,0
50021,Mario Aguilar,Tampa Bay Rays,13,0,2,0,19.1,78,72,16,11,2,0,3,6,6,6,0,21,0,0,0,0,0,0,1,8,0,329,15,19,3,1
52605,Barry Edwards,Philadelphia Phillies,26,1,1,3,18.2,78,69,15,7,4,1,3,8,7,5,0,14,2,0,2,0,0,0,1,14,6,328,16,24,4,0
55090,Tyler Sims,Los Angeles (N) Dodgers,10,1,1,1,18.2,78,66,15,13,2,0,0,9,8,11,1,11,0,0,1,3,1,0,3,4,0,309,19,21,0,1
55124,Raykom Yunusov,Boston Red Sox,9,1,0,0,18.2,78,74,18,9,4,0,5,10,9,4,0,13,0,0,0,0,0,0,1,5,0,292,19,23,0,0
49667,Darrell Lutz,Houston Astros,3,3,2,0,20.1,77,67,10,8,2,0,0,0,0,6,1,20,3,1,0,0,0,0,3,0,0,303,17,18,3,3
32554,Alejandro Gomez,San Diego Padres,9,0,0,0,15.1,75,64,19,11,7,0,1,9,9,9,0,20,1,0,1,3,0,0,0,8,4,317,6,20,1,0
51125,Mark Barnshaw,Pittsburgh Pirates,10,0,1,1,17.0,73,67,18,13,3,0,2,7,7,6,0,24,0,0,0,1,1,0,0,9,7,292,7,18,0,1
58573,Andres Gomez,Seattle Mariners,11,0,2,1,17.2,73,63,13,10,2,0,1,7,6,9,0,19,0,0,1,2,0,0,1,9,1,298,19,13,2,1
58698,Tom Dawson,Boston Red Sox,15,0,3,0,17.2,72,59,7,4,3,0,0,2,0,11,0,19,1,0,1,0,0,0,2,12,1,280,13,19,0,0
50858,Pedro Infante,Arizona Diamondbacks,3,3,2,1,19.1,71,63,7,3,2,0,2,5,5,6,0,25,1,1,0,0,0,0,2,0,0,294,18,13,0,0
52567,Pete Rieger,Minnesota Twins,15,0,0,1,15.2,69,62,15,8,2,0,5,10,10,5,0,15,2,0,0,0,0,0,1,5,1,292,13,18,2,0
50794,Ken McEwen,Philadelphia Phillies,16,3,1,0,14.2,68,60,14,7,3,1,3,11,11,8,0,11,0,0,0,0,0,0,0,8,3,266,16,17,0,0
52434,Gus Garcia,Washington Nationals,8,0,2,2,12.1,68,63,26,17,6,0,3,17,16,3,0,13,0,0,2,1,0,0,0,3,2,286,10,14,2,0
48968,Jeremy Kearns,Washington Nationals,7,0,0,0,14.2,64,56,13,9,3,0,1,5,4,6,0,11,1,0,1,0,0,0,1,4,1,265,14,17,1,0
52400,Lonnie Raine,Philadelphia Phillies,10,0,0,1,14.1,64,56,14,9,3,1,1,6,6,7,0,15,0,0,1,1,0,0,0,10,4,281,11,17,4,0
46815,Steve Wisniewski,Tampa Bay Rays,10,0,3,0,16.2,62,58,8,3,3,0,2,2,2,4,0,22,0,0,0,1,0,0,0,11,4,247,11,16,0,0
54211,Joey Myers,Baltimore Orioles,9,0,0,1,10.1,60,47,17,8,5,0,4,18,17,12,0,7,1,0,0,0,0,0,1,11,5,258,11,12,0,0
55126,Kevin Welch,Houston Astros,11,0,2,0,10.1,60,50,21,15,3,0,3,14,12,9,0,7,0,0,1,2,0,0,1,8,7,262,11,11,2,0
46224,Jeff Sutera,Atlanta Braves,7,0,0,0,11.0,59,48,14,9,3,0,2,14,10,10,0,8,1,0,0,0,0,0,0,7,4,245,8,17,1,0
51197,Joel Cole,Oakland Athletics,10,0,0,1,13.2,59,51,13,9,0,0,4,6,5,7,0,17,1,0,0,0,0,0,1,6,1,276,8,13,1,1
47634,Mauricio Ugalde,0,5,5,0,0,14.1,58,55,13,7,1,0,5,7,7,3,0,5,0,0,0,0,0,0,1,0,0,211,21,16,1,0
50757,Dave Pappas,Washington Nationals,8,0,0,0,12.2,57,53,16,11,4,0,1,10,10,3,0,13,0,0,1,0,0,0,0,5,1,222,6,19,1,0
52213,Omar Orozco,Baltimore Orioles,3,3,1,1,13.0,56,50,14,9,3,0,2,7,7,3,0,8,1,1,1,0,0,0,1,0,0,215,11,19,0,0
53387,Vinny Carmona,New York (N) Mets,6,0,0,0,10.2,56,47,17,10,2,1,4,10,10,6,0,6,2,0,1,0,0,0,1,6,2,197,6,18,2,1
47439,Kurt Scram,Chicago (A) White Sox,10,0,3,1,14.2,55,50,10,5,3,1,1,5,5,2,0,14,1,0,2,0,0,0,2,6,2,232,16,12,0,0
48687,Rogelio Jimenez,San Diego Padres,7,1,0,1,8.2,54,43,20,12,5,0,3,14,13,8,0,6,2,0,1,0,0,0,1,5,1,218,8,9,0,1
47599,D.J. Cutler,San Francisco Giants,10,0,0,0,10.1,47,40,12,9,1,0,2,9,9,2,0,11,4,0,1,1,0,0,0,6,0,181,7,11,1,2
51315,Graham Durrence,0,9,0,0,0,9.0,47,39,15,10,2,0,3,13,7,5,0,8,0,0,3,0,0,0,1,9,5,204,9,9,0,0
51338,Bryant D'Angelo,Toronto Blue Jays,6,1,0,1,10.0,47,38,10,7,2,0,1,6,5,7,0,11,0,1,1,0,0,0,0,2,1,178,9,10,1,0
52951,Luke Moede,Baltimore Orioles,5,0,0,0,10.1,47,42,13,6,1,1,5,9,9,4,0,9,0,0,1,0,0,0,1,6,3,184,11,10,2,0
53120,Bobby Cordova,Baltimore Orioles,7,0,0,0,11.1,46,43,11,1,3,0,7,8,8,3,0,8,0,0,0,0,0,0,2,6,3,184,15,9,2,0
56959,Younes Sadozai,Washington Nationals,9,0,0,1,9.0,44,37,11,5,1,0,5,9,9,5,0,12,2,0,0,0,1,0,1,9,4,185,5,9,1,0
50826,Ben Shaffer,San Diego Padres,7,0,0,0,8.1,43,41,16,9,2,0,5,11,10,2,0,12,0,0,0,0,0,0,0,3,2,171,6,7,1,0
50885,Kevin Somsen,Baltimore Orioles,8,0,0,0,9.0,42,34,8,4,2,0,2,7,7,8,0,7,0,0,0,0,0,0,1,3,1,186,6,12,2,1
52603,Cortez Arenal,Milwaukee Brewers,6,0,1,1,10.1,42,37,8,5,1,0,2,7,7,3,0,10,2,0,0,0,0,0,1,2,0,158,9,10,1,1
29020,Justin Vetter,Detroit Tigers,8,0,1,0,9.0,41,35,9,7,2,0,0,4,2,5,0,10,0,1,0,0,0,0,1,12,4,169,9,8,1,0
49857,Andres Mejia,Los Angeles (N) Dodgers,6,0,1,1,9.0,41,31,4,3,1,0,0,1,0,10,2,11,0,0,0,0,0,0,1,2,0,168,4,12,1,0
38628,ID 38628,Tampa Bay Rays,6,0,1,0,9.0,39,36,9,3,4,0,2,6,5,2,0,6,1,0,0,0,1,0,0,5,1,158,10,11,0,0
51157,Chris Pelletier,Colorado Rockies,6,0,0,0,8.2,39,34,10,5,2,1,2,6,6,4,0,6,1,0,0,0,0,0,0,6,5,136,9,9,0,1
20451,Benito Rangel,Baltimore Orioles,4,0,0,0,10.1,38,35,4,4,0,0,0,1,1,3,0,8,0,0,0,1,1,0,0,2,0,136,8,15,0,0
53525,Javier Dominguez,Arizona Diamondbacks,4,1,0,1,7.1,38,32,10,5,1,1,3,9,9,5,0,5,1,0,0,0,0,0,0,5,4,150,8,9,2,0
22483,Danny Wentz,Atlanta Braves,5,2,0,0,8.2,37,30,6,5,1,0,0,1,1,6,0,3,0,0,1,2,0,0,1,2,0,147,5,16,0,0
33506,Neil West,0,3,0,0,0,7.1,34,31,10,5,1,0,4,10,10,2,0,5,1,0,0,1,0,0,0,1,0,139,10,6,1,0
49941,Steven Monaghan,Colorado Rockies,3,0,0,1,8.1,34,30,6,4,2,0,0,2,1,3,0,4,0,0,1,0,0,0,0,1,0,129,5,16,1,0
55146,Chris Krieger,Chicago (N) Cubs,7,0,2,1,8.1,32,30,5,3,0,0,2,3,3,2,0,6,0,0,0,0,0,0,0,3,0,131,9,10,0,0
21321,Leonard Melis,Chicago (A) White Sox,1,1,1,0,8.2,31,30,4,3,1,0,0,0,0,1,0,7,0,0,0,0,0,0,0,0,0,107,6,13,0,0
28298,Per Svensson,Atlanta Braves,4,0,0,1,6.0,30,28,9,4,3,0,2,5,5,0,0,4,1,0,1,0,0,0,0,1,1,119,6,8,1,0
55085,Jason Walker,Chicago (N) Cubs,4,0,0,0,4.2,29,26,12,6,5,0,1,6,6,2,0,5,1,0,0,0,0,0,0,2,2,108,6,3,0,0
51543,Steve Rogers,Milwaukee Brewers,6,0,0,0,5.2,28,23,6,3,1,2,0,4,4,4,0,5,1,0,0,0,0,0,0,6,2,122,6,6,1,0
51591,Nick Ludwig,San Diego Padres,2,1,0,1,5.1,27,22,7,5,2,0,0,7,5,4,0,7,1,0,0,0,0,0,1,3,2,115,1,6,0,0
47327,Mark Jonsson,St. Louis Cardinals,3,0,0,0,4.1,24,20,7,6,0,0,1,5,5,4,0,4,0,0,0,1,0,0,0,0,0,86,5,4,1,0
51301,Jeff Abel,San Francisco Giants,6,0,1,0,4.2,22,22,8,7,1,0,0,0,0,0,0,3,0,0,0,0,0,0,0,3,2,84,4,7,0,0
52930,Joe Owens,Oakland Athletics,4,0,0,0,4.0,22,17,6,3,2,0,1,7,7,5,1,4,0,0,0,0,0,0,1,3,0,99,5,2,0,0
29351,Brian Strout,Detroit Tigers,1,1,0,1,4.0,21,17,7,4,2,1,0,4,4,4,0,1,0,0,0,0,0,0,0,0,0,77,3,6,0,1
55337,Shane Comer,Los Angeles (A) Angels,1,1,0,0,3.2,21,17,8,4,2,0,2,5,5,3,0,3,0,1,0,0,0,0,0,0,0,89,2,5,1,0
58465,Tyler Zier,Houston Astros,3,0,0,0,5.0,21,20,6,4,0,1,1,2,2,0,0,2,0,0,1,0,0,0,0,1,0,83,6,7,0,0
32189,Tim Williams,Houston Astros,3,0,0,0,3.2,19,15,5,4,0,0,1,1,1,4,0,2,0,0,0,0,0,0,0,2,1,80,3,5,0,0
35737,Bob Nieves,Cincinnati Reds,3,0,0,0,2.1,17,15,8,4,1,1,2,7,7,2,0,2,0,0,0,0,0,0,0,0,0,77,3,2,0,0
51682,Steve McFarland,New York (N) Mets,3,0,0,0,3.0,17,14,5,2,0,0,3,4,4,2,0,5,1,0,0,0,0,0,0,2,0,65,2,2,0,0
47411,Celso Manita,0,2,0,0,0,3.1,16,15,6,6,0,0,0,2,2,0,0,0,0,0,1,0,0,0,0,2,2,54,5,5,0,0
51385,Vince Krebs,Philadelphia Phillies,3,1,0,0,3.1,16,16,6,3,1,0,2,5,5,0,0,3,0,0,0,1,0,0,0,3,1,71,3,4,0,0
52921,John Moler,New York (A) Yankees,2,0,0,0,3.1,14,12,3,3,0,0,0,0,0,2,1,2,0,0,0,0,0,0,1,1,0,53,4,3,1,0
26064,Chris Riehl,Chicago (A) White Sox,2,0,0,0,3.0,12,12,3,2,0,0,1,1,1,0,0,4,0,0,0,0,0,0,0,0,0,48,3,2,1,0
55177,Brendan Ramsey,Cincinnati Reds,2,0,0,1,1.2,12,10,5,2,2,0,1,2,2,2,0,2,0,0,0,0,0,0,0,1,0,57,2,1,0,0
25213,Javier Castillo,Texas Rangers,1,0,0,1,1.1,10,7,3,2,0,0,1,5,5,3,0,0,0,0,0,0,0,0,0,1,1,38,3,1,0,0
48563,Sergio Cervantes,Los Angeles (A) Angels,2,0,0,0,1.2,10,8,4,2,1,0,1,3,3,1,0,2,1,0,0,0,0,0,1,0,0,37,2,0,0,0
50493,Tony Cano,Cincinnati Reds,2,0,0,0,2.2,10,10,3,1,0,0,2,2,2,0,0,2,0,0,0,0,0,0,1,1,0,31,3,2,0,0
51438,Bob Durr,San Francisco Giants,1,0,0,0,2.2,10,9,1,1,0,0,0,0,0,1,0,2,0,0,0,0,0,0,0,1,0,38,1,5,0,0
33739,Terry Spittal,Chicago (A) White Sox,3,0,0,0,1.1,9,7,3,2,0,0,1,4,4,1,0,0,1,0,0,0,0,0,0,2,1,40,2,2,1,0
35251,Bob Bealer,Texas Rangers,1,0,0,0,2.0,9,8,2,2,0,0,0,0,0,1,0,3,0,0,0,0,0,0,0,0,0,36,0,3,0,0
51626,Trevor Zasko,New York (A) Yankees,4,0,0,0,2.2,9,9,1,1,0,0,0,0,0,0,0,2,0,0,0,1,0,0,0,5,0,37,1,5,0,0
50617,Rich Cohen,Chicago (N) Cubs,1,0,0,1,2.0,8,8,3,1,2,0,0,2,2,0,0,1,0,0,0,0,0,0,1,1,0,31,3,1,0,0
27076,Ryan Emerson,Houston Astros,1,0,0,0,1.1,7,6,2,1,0,0,1,2,2,0,0,1,1,0,0,0,0,0,0,0,0,27,1,2,0,0
48737,Brian Duckworth,Texas Rangers,1,0,0,0,2.1,7,6,0,0,0,0,0,0,0,1,0,0,0,0,0,0,0,0,1,1,0,25,2,4,0,0
53004,Mario Chavez,Texas Rangers,1,0,0,0,2.1,7,7,0,0,0,0,0,0,0,0,0,1,0,0,0,0,0,0,0,2,0,29,2,4,0,0
44385,Will Hamilton,Houston Astros,1,0,0,0,1.0,6,5,3,0,1,0,2,3,3,0,0,0,0,0,1,1,0,0,0,0,0,23,1,2,0,0
50423,Chris Motley,Oakland Athletics,1,0,0,0,1.1,6,6,2,0,0,0,2,2,2,0,0,3,0,0,0,0,0,0,0,1,1,28,1,0,0,0
50046,Carlos Felix,Houston Astros,1,0,0,0,0.2,3,2,0,0,0,0,0,0,0,1,0,0,0,0,0,0,0,0,0,0,0,13,0,2,0,0
52648,Jonathan Pennington,0,1,0,0,0,1.0,3,3,1,1,0,0,0,0,0,0,0,0,0,0,0,0,0,0,1,0,0,8,2,0,0,0
52294,Chance Dillon,New York (N) Mets,1,0,0,0,0.2,2,2,0,0,0,0,0,0,0,0,0,0,0,0,0,0,0,0,0,1,0,7,0,2,0,0
