Player List,,,,,,,,,,,,,,vR,,vL,Player List,,,,,,,,,,,,,
ID,POS,Name,BF,T,STU vL,HRR vL,PBABIP vL,CON vL,STU vR,HRR vR,PBABIP vR,CON vR,HLD,<--,,-->,ID,POS,Name,BF,T,STU vL,HRR vL,PBABIP vL,CON vL,STU vR,HRR vR,PBABIP vR,CON vR,HLD
47814,SP,Hector Barcenas,592,L,45,40,50,50,45,40,50,50,70,,,,42060,SP,Edwin Castillo,324,R,45,55,60,50,45,60,60,50,55
52703,SP,Cameron Graffunder,551,L,50,50,50,40,45,50,50,40,65,,,,52288,SP,Bill Randle,308,R,45,55,55,45,50,60,60,50,20
52288,SP,Bill Randle,532,R,45,55,55,45,50,60,60,50,20,,,,36070,SP,Kevon Gibbs,301,R,40,45,50,75,40,45,50,75,40
51459,RP,Seth Baker,528,L,55,45,50,35,50,45,50,35,50,,,,52378,RP,Tom Dayton,295,R,45,55,50,40,45,55,50,40,65
49065,SP,Jesse Jones,494,L,50,45,55,50,50,45,55,50,75,,,,50521,RP,Alberto Abrego,289,R,70,45,50,50,75,45,50,50,80
50521,RP,Alberto Abrego,492,R,70,45,50,50,75,45,50,50,80,,,,37066,SP,Chris Dietz,283,R,40,50,45,50,45,50,50,50,40
42060,SP,Edwin Castillo,492,R,45,55,60,50,45,60,60,50,55,,,,48746,SP,Chris Hamm,282,R,40,45,50,60,40,45,50,60,30
48746,SP,Chris Hamm,486,R,40,45,50,60,40,45,50,60,30,,,,36539,SP,Danny McCall,268,R,55,45,55,45,65,55,60,50,55
29007,RP,Dave Stultz,473,L,50,35,50,50,50,35,50,50,85,,,,46680,RP,Jordan Alvarez,262,R,30,50,45,60,35,60,55,70,55
37066,SP,Chris Dietz,471,R,40,50,45,50,45,50,50,50,40,,,,55780,CL,Rafael Resendez,260,R,65,45,50,45,65,45,50,45,55
48884,SP,Ivan Colindres,462,L,55,50,50,55,50,45,50,55,65,,,,47262,SP,Jaden Wright,257,R,40,40,50,55,40,40,50,60,50
41895,RP,Estevan Becerril,442,L,60,45,55,45,50,40,50,45,70,,,,53891,SP,Ricky Colon,256,R,50,45,55,45,55,45,60,50,55
46680,RP,Jordan Alvarez,435,R,30,50,45,60,35,60,55,70,55,,,,50965,SP,Tony Lopez,253,R,45,60,55,50,45,55,55,50,50
14870,SP,Jesus Santana,431,L,40,40,45,65,45,40,45,65,85,,,,46035,RP,Jim Vasquez,252,R,40,45,45,50,40,50,50,55,55
53435,RP,Tony Hurtado,430,L,55,55,50,35,45,50,45,35,55,,,,52478,SP,Alpha Jackson,224,R,50,50,50,45,55,55,50,45,70
36070,SP,Kevon Gibbs,424,R,40,45,50,75,40,45,50,75,40,,,,52713,RP,Chris Sellin,220,R,35,50,50,40,35,50,50,40,30
50965,SP,Tony Lopez,407,R,45,60,55,50,45,55,55,50,50,,,,46142,SP,Ian McCall,219,R,55,50,55,40,55,50,55,40,50
47551,RP,Brennan Griffin,405,L,70,45,50,60,60,40,45,50,75,,,,50625,RP,Jordan Hall,218,R,45,50,40,45,50,50,40,45,45
36539,SP,Danny McCall,404,R,55,45,55,45,65,55,60,50,55,,,,46497,RP,Gene Hall,218,R,50,60,55,45,50,55,50,45,40
49618,RP,Rob Weibel,403,R,40,45,50,40,40,45,50,40,40,,,,51490,SP,Mike Marts,215,R,50,50,55,40,60,50,55,40,35
52378,RP,Tom Dayton,398,R,45,55,50,40,45,55,50,40,65,,,,30219,SP,Adam Bostick,211,R,40,50,50,55,45,55,50,60,25
52713,RP,Chris Sellin,393,R,35,50,50,40,35,50,50,40,30,,,,54856,RP,David Parra,210,R,65,50,50,55,65,50,50,55,60
54856,RP,David Parra,390,R,65,50,50,55,65,50,50,55,60,,,,51867,SP,David Castro,209,R,55,60,50,40,60,60,50,40,70
53891,SP,Ricky Colon,385,R,50,45,55,45,55,45,60,50,55,,,,50993,SP,Justin Rosenberg,208,R,40,50,45,40,45,55,45,40,55
58382,SP,Steve Gonis,377,L,40,45,45,40,40,40,45,40,80,,,,22363,SP,Bryan Molnar,206,R,50,35,50,60,55,35,55,65,50
50873,RP,Alberto Valencia,377,R,50,50,45,50,50,50,45,50,60,,,,51033,SP,Steve Crockett,206,R,40,50,45,50,40,50,45,50,35
52599,RP,Lee Huffman,374,L,40,65,55,60,35,60,50,55,70,,,,49618,RP,Rob Weibel,205,R,40,45,50,40,40,45,50,40,40
46035,RP,Jim Vasquez,371,R,40,45,45,50,40,50,50,55,55,,,,46358,SP,Tristian Bruno,204,R,40,40,50,55,40,40,55,60,50
51710,RP,Tony Cantabrana,363,L,50,45,40,50,45,45,40,45,80,,,,50873,RP,Alberto Valencia,201,R,50,50,45,50,50,50,45,50,60
50245,RP,Ricky Leal,361,R,50,45,40,45,50,45,40,45,60,,,,49157,RP,Jason Olsovsky,197,R,50,45,50,45,50,45,50,45,80
46358,SP,Tristian Bruno,358,R,40,40,50,55,40,40,55,60,50,,,,51876,RP,Alex Menendez,189,R,75,60,50,60,85,75,55,65,35
50993,SP,Justin Rosenberg,351,R,40,50,45,40,45,55,45,40,55,,,,51456,RP,Bryan Kuperman,189,R,45,40,45,40,50,40,50,40,70
50405,RP,Christian Schoonover,350,L,45,30,55,35,45,30,50,35,80,,,,47287,SP,Nate Price,189,R,40,40,45,45,40,45,50,50,60
16559,RP,Luis Tellez,348,L,40,45,45,70,40,50,45,70,55,,,,49060,RP,Chaz Fielitz,188,R,50,55,45,40,60,65,55,40,75
46142,SP,Ian McCall,347,R,55,50,55,40,55,50,55,40,50,,,,56974,RP,James Albin,187,R,30,35,40,40,30,40,40,40,50
56974,RP,James Albin,346,R,30,35,40,40,30,40,40,40,50,,,,29238,RP,Aaron Baranski,187,R,40,55,50,45,40,60,50,50,30
47262,SP,Jaden Wright,343,R,40,40,50,55,40,40,50,60,50,,,,49698,RP,Drew Bermudez,185,R,50,40,50,40,55,40,50,40,35
46129,SP,Joe Goodin,342,R,35,55,50,55,35,60,50,60,50,,,,49629,SP,Pat Bennett,184,R,40,45,50,45,40,45,50,45,35
35394,SP,Jake White,335,L,50,40,50,55,45,40,50,50,60,,,,52625,SP,Randy Fugate,182,R,40,40,45,40,60,50,55,40,50
51867,SP,David Castro,333,R,55,60,50,40,60,60,50,40,70,,,,50245,RP,Ricky Leal,182,R,50,45,40,45,50,45,40,45,60
27986,RP,Dustin Engels,324,L,55,35,50,50,55,35,50,45,65,,,,50528,RP,Jeremy Tommarello,181,R,55,40,50,50,60,45,55,50,35
52305,RP,Chris Penta,318,L,45,45,45,50,45,45,45,50,75,,,,25521,RP,Danny Ponce,176,R,50,50,50,35,60,60,55,35,30
52478,SP,Alpha Jackson,318,R,50,50,50,45,55,55,50,45,70,,,,20401,SP,Daniel Jimenez,176,R,50,50,55,35,50,50,55,35,70
55780,CL,Rafael Resendez,317,R,65,45,50,45,65,45,50,45,55,,,,46128,SP,Ryan Joyce,176,R,40,50,50,40,45,55,50,40,60
51490,SP,Mike Marts,310,R,50,50,55,40,60,50,55,40,35,,,,46129,SP,Joe Goodin,175,R,35,55,50,55,35,60,50,60,50
49060,RP,Chaz Fielitz,305,R,50,55,45,40,60,65,55,40,75,,,,50653,SP,Mike Parham,172,R,45,40,50,40,45,40,50,40,60
49629,SP,Pat Bennett,305,R,40,45,50,45,40,45,50,45,35,,,,26251,RP,Joel Cordova,169,R,45,50,45,50,55,55,50,55,75
50625,RP,Jordan Hall,303,R,45,50,40,45,50,50,40,45,45,,,,52404,RP,Justin Roseth,167,R,45,45,40,50,45,50,45,50,30
31507,RP,Chris Jacona,302,L,45,45,45,45,45,45,45,45,80,,,,47307,RP,Alex Moreno,166,R,45,45,55,55,45,40,55,55,25
38808,RP,Manny Oritz,301,L,30,50,50,40,30,50,50,40,75,,,,50257,RP,Bernaldo Perez,162,R,50,45,50,50,60,50,55,50,55
50257,RP,Bernaldo Perez,301,R,50,45,50,50,60,50,55,50,55,,,,25115,SP,Greg Mineard,158,R,45,55,55,45,45,55,55,45,35
39225,RP,Shane Gillespie,299,R,35,35,45,45,40,35,50,50,55,,,,51302,RP,Kevin Bagley,156,R,35,40,45,45,40,45,50,45,50
49698,RP,Drew Bermudez,296,R,50,40,50,40,55,40,50,40,35,,,,26456,RP,Ben McGill,155,R,45,50,55,75,50,65,65,80,30
29238,RP,Aaron Baranski,294,R,40,55,50,45,40,60,50,50,30,,,,44813,CL,Sergio Velasquez,155,R,50,45,45,35,50,45,45,35,70
46497,RP,Gene Hall,293,R,50,60,55,45,50,55,50,45,40,,,,49088,SP,Jimmy Young,155,R,60,35,55,50,65,40,55,55,35
30219,SP,Adam Bostick,293,R,40,50,50,55,45,55,50,60,25,,,,49687,SP,Mike Griffin,154,R,50,35,50,40,50,35,45,40,45
48580,SP,Pablo Febles,292,L,50,50,45,45,50,50,40,45,70,,,,46906,RP,Dylan Campfield,154,R,40,45,50,40,45,55,55,40,70
20401,SP,Daniel Jimenez,291,R,50,50,55,35,50,50,55,35,70,,,,50505,SP,Alberto Padron,153,R,55,35,50,40,65,35,50,40,65
22363,SP,Bryan Molnar,290,R,50,35,50,60,55,35,55,65,50,,,,50879,RP,John Sizemore,152,R,50,50,50,50,55,55,50,55,65
45873,RP,Javier Jeronimo,289,L,30,50,55,50,30,40,45,45,55,,,,51605,RP,Mike Birt,152,R,40,40,50,40,50,40,50,40,30
49052,RP,Sean Smith,289,L,80,45,50,40,75,40,50,40,60,,,,29519,CL,Bill Ladd,151,R,45,55,45,55,55,65,50,60,40
51456,RP,Bryan Kuperman,288,R,45,40,45,40,50,40,50,40,70,,,,51716,SP,Ruben Valdez,151,R,50,55,40,35,55,60,40,40,55
50653,SP,Mike Parham,284,R,45,40,50,40,45,40,50,40,60,,,,52703,SP,Cameron Graffunder,149,L,50,50,50,40,45,50,50,40,65
46239,SP,Ryan Baxter,283,L,55,70,60,30,55,60,60,25,75,,,,48645,RP,Jesus Preciado,148,R,50,55,50,65,55,60,55,70,35
52404,RP,Justin Roseth,279,R,45,45,40,50,45,50,45,50,30,,,,49065,SP,Jesse Jones,147,L,50,45,55,50,50,45,55,50,75
49687,SP,Mike Griffin,278,R,50,35,50,40,50,35,45,40,45,,,,51459,RP,Seth Baker,145,L,55,45,50,35,50,45,50,35,50
51033,SP,Steve Crockett,277,R,40,50,45,50,40,50,45,50,35,,,,39225,RP,Shane Gillespie,144,R,35,35,45,45,40,35,50,50,55
25521,RP,Danny Ponce,273,R,50,50,50,35,60,60,55,35,30,,,,50866,RP,Dan Girton,143,R,40,55,65,40,45,60,65,40,65
51876,RP,Alex Menendez,270,R,75,60,50,60,85,75,55,65,35,,,,30841,RP,A.J. Hoaglund,142,R,45,45,50,55,45,45,50,60,55
47287,SP,Nate Price,270,R,40,40,45,45,40,45,50,50,60,,,,50405,RP,Christian Schoonover,142,L,45,30,55,35,45,30,50,35,80
46128,SP,Ryan Joyce,270,R,40,50,50,40,45,55,50,40,60,,,,14870,SP,Jesus Santana,140,L,40,40,45,65,45,40,45,65,85
50632,RP,Justin Carpenter,269,L,60,45,45,40,60,45,45,40,65,,,,29007,RP,Dave Stultz,140,L,50,35,50,50,50,35,50,50,85
51371,CL,Ron Winegarden,268,R,50,50,50,40,50,50,50,40,60,,,,52860,RP,Pat Basso,139,R,40,45,45,45,40,45,50,45,40
52418,RP,Jerry Broedel,264,R,50,55,40,45,50,55,40,45,80,,,,16559,RP,Luis Tellez,138,L,40,45,45,70,40,50,45,70,55
47114,SP,Danny Fruth,264,R,55,60,60,35,55,65,60,35,45,,,,46931,RP,Kyle West,138,R,35,45,55,50,40,55,60,50,60
18850,RP,Mike Stolba,262,L,50,50,40,50,45,50,40,45,70,,,,38536,SP,Bryce Jones,136,R,40,45,50,50,40,45,50,50,50
52625,SP,Randy Fugate,262,R,40,40,45,40,60,50,55,40,50,,,,28162,RP,Dan Daniels,136,R,40,40,40,60,40,40,40,65,45
49088,SP,Jimmy Young,262,R,60,35,55,50,65,40,55,55,35,,,,32823,RP,Cody Benson,135,R,45,40,55,50,45,40,55,50,60
47831,RP,Matt Heaton,260,R,50,40,50,45,55,40,50,50,40,,,,52325,SP,Patrick Harrison,135,R,45,55,45,40,45,55,45,40,50
50528,RP,Jeremy Tommarello,258,R,55,40,50,50,60,45,55,50,35,,,,53936,RP,Arturo Gonzales,135,R,45,40,40,50,45,40,40,50,55
55182,SP,Dave Migliore,257,L,40,40,45,35,40,40,50,35,80,,,,55144,SP,Sam Polasky,135,R,50,50,50,45,50,50,50,45,70
49157,RP,Jason Olsovsky,256,R,50,45,50,45,50,45,50,45,80,,,,36085,RP,Bryan Moreno,134,R,45,35,35,45,55,40,40,50,80
36077,RP,Tom Kuhn,255,L,50,45,55,55,50,50,55,50,60,,,,47551,RP,Brennan Griffin,134,L,70,45,50,60,60,40,45,50,75
48645,RP,Jesus Preciado,254,R,50,55,50,65,55,60,55,70,35,,,,47114,SP,Danny Fruth,134,R,55,60,60,35,55,65,60,35,45
51363,SP,Tim Berard,254,L,55,45,50,50,55,45,50,50,70,,,,50559,RP,Bill Le Roy,133,R,35,60,50,55,40,65,50,60,75
52325,SP,Patrick Harrison,250,R,45,55,45,40,45,55,45,40,50,,,,48722,RP,Pete Madsen,132,R,30,45,40,45,30,50,50,50,50
48708,RP,Rich Villa,249,L,40,55,45,65,40,45,40,55,70,,,,52418,RP,Jerry Broedel,132,R,50,55,40,45,50,55,40,45,80
47307,RP,Alex Moreno,248,R,45,45,55,55,45,40,55,55,25,,,,51328,RP,Kevin Davis,131,R,45,45,45,50,50,45,50,55,50
28162,RP,Dan Daniels,247,R,40,40,40,60,40,40,40,65,45,,,,58382,SP,Steve Gonis,131,L,40,45,45,40,40,40,45,40,80
25115,SP,Greg Mineard,247,R,45,55,55,45,45,55,55,45,35,,,,50883,RP,Danny Rodriguez,129,R,30,55,50,65,30,55,50,65,65
51328,RP,Kevin Davis,246,R,45,45,45,50,50,45,50,55,50,,,,49244,RP,Melvin Elizondo,129,R,35,55,50,45,40,65,50,50,70
52461,RP,Jason Holland,246,L,70,55,55,65,55,50,50,65,65,,,,36822,RP,Steve Nee,129,R,30,45,45,60,35,55,55,70,45
38536,SP,Bryce Jones,245,R,40,45,50,50,40,45,50,50,50,,,,47605,RP,Mike O'Rourke,128,R,65,70,55,50,60,65,55,50,60
48722,RP,Pete Madsen,245,R,30,45,40,45,30,50,50,50,50,,,,47247,RP,Oscar Rivas,128,R,30,50,50,45,35,65,55,45,30
50628,RP,R.J. Rowland,239,L,70,60,50,35,50,50,40,35,70,,,,35394,SP,Jake White,128,L,50,40,50,55,45,40,50,50,60
52406,RP,Mario Bello,238,L,50,50,50,45,50,50,50,45,75,,,,51127,RP,Ryan Bruder,127,R,40,50,40,45,40,50,40,45,75
26456,RP,Ben McGill,237,R,45,50,55,75,50,65,65,80,30,,,,52275,RP,Jeremy Howiler,127,R,45,40,50,45,45,40,50,45,60
50505,SP,Alberto Padron,237,R,55,35,50,40,65,35,50,40,65,,,,47831,RP,Matt Heaton,127,R,50,40,50,45,55,40,50,50,40
30841,RP,A.J. Hoaglund,235,R,45,45,50,55,45,45,50,60,55,,,,46289,SP,Zack Taylor,127,R,50,50,50,35,60,60,50,35,60
50540,RP,Sam Coonce,235,R,55,45,55,40,55,45,50,40,50,,,,50540,RP,Sam Coonce,126,R,55,45,55,40,55,45,50,40,50
52640,RP,Juan Mora,235,L,50,40,45,40,50,45,45,40,80,,,,51160,RP,Aaron Hodges,126,R,45,35,35,35,55,40,40,35,60
26251,RP,Joel Cordova,234,R,45,50,45,50,55,55,50,55,75,,,,48890,SP,Mel Ramirez,126,R,40,50,45,40,45,60,55,40,35
39617,RP,Drew Roberts,234,L,50,65,50,50,45,55,45,45,80,,,,46395,RP,Andrew Belton,125,R,65,45,60,35,60,45,55,35,80
36822,RP,Steve Nee,234,R,30,45,45,60,35,55,55,70,45,,,,19289,RP,Roberto Gutierrez,124,R,40,40,55,55,50,45,60,60,40
46906,RP,Dylan Campfield,234,R,40,45,50,40,45,55,55,40,70,,,,51375,RP,Harry Chamberlain,124,R,50,45,50,50,50,45,50,50,50
32823,RP,Cody Benson,233,R,45,40,55,50,45,40,55,50,60,,,,51778,RP,David Briceno,124,R,40,40,50,40,40,40,45,40,45
51160,RP,Aaron Hodges,233,R,45,35,35,35,55,40,40,35,60,,,,56893,RP,Evan Ferguson,124,R,35,45,50,40,40,50,55,45,40
32378,RP,Ryan DuBay,232,R,50,65,55,40,50,65,55,40,70,,,,50664,RP,Marcos Ortiz,123,R,55,50,50,45,50,50,45,45,40
50879,RP,John Sizemore,231,R,50,50,50,50,55,55,50,55,65,,,,50741,RP,Devin Hanks,123,R,55,40,50,55,55,45,50,55,70
55144,SP,Sam Polasky,231,R,50,50,50,45,50,50,50,45,70,,,,50522,RP,Chris Rice,123,R,50,55,40,40,55,60,45,40,60
44819,RP,Juan Romero,230,L,65,40,45,60,65,40,45,55,75,,,,41895,RP,Estevan Becerril,123,L,60,45,55,45,50,40,50,45,70
36085,RP,Bryan Moreno,229,R,45,35,35,45,55,40,40,50,80,,,,48884,SP,Ivan Colindres,123,L,55,50,50,55,50,45,50,55,65
27819,RP,Jonah Rosey,228,L,45,65,60,70,40,55,50,65,70,,,,51371,CL,Ron Winegarden,122,R,50,50,50,40,50,50,50,40,60
38438,RP,Mike Coulombe,227,L,45,40,50,55,45,40,50,55,80,,,,52640,RP,Juan Mora,120,L,50,40,45,40,50,45,45,40,80
29236,RP,Josh Wood,226,L,50,60,55,60,50,55,55,55,75,,,,52298,RP,Frank Johnson,118,R,55,45,50,60,60,50,50,60,20
52275,RP,Jeremy Howiler,226,R,45,40,50,45,45,40,50,45,60,,,,52599,RP,Lee Huffman,118,L,40,65,55,60,35,60,50,55,70
52860,RP,Pat Basso,224,R,40,45,45,45,40,45,50,45,40,,,,51072,RP,Reese Hardgrove,117,R,60,35,45,50,60,35,45,50,40
50741,RP,Devin Hanks,223,R,55,40,50,55,55,45,50,55,70,,,,51118,RP,Chris Rosta,116,R,50,40,45,45,80,50,55,50,55
51302,RP,Kevin Bagley,223,R,35,40,45,45,40,45,50,45,50,,,,49657,RP,Victor Munoz,116,R,45,45,55,30,45,45,55,30,55
50883,RP,Danny Rodriguez,222,R,30,55,50,65,30,55,50,65,65,,,,51719,RP,Alex Perez,116,R,45,50,45,45,45,50,45,45,50
53936,RP,Arturo Gonzales,222,R,45,40,40,50,45,40,40,50,55,,,,51767,RP,Hector Alejandre,116,R,35,50,45,40,40,50,50,40,65
50664,RP,Marcos Ortiz,219,R,55,50,50,45,50,50,45,45,40,,,,53435,RP,Tony Hurtado,115,L,55,55,50,35,45,50,45,35,55
46931,RP,Kyle West,219,R,35,45,55,50,40,55,60,50,60,,,,52436,RP,Jose Rios,114,R,50,50,45,40,55,55,45,40,45
52717,RP,Eduardo Cavazos,216,L,70,50,40,40,50,45,40,40,70,,,,31507,RP,Chris Jacona,114,L,45,45,45,45,45,45,45,45,80
28595,RP,Ryan Keegan,213,L,50,50,50,45,50,50,50,45,65,,,,50812,CL,Andrew Meissner,113,R,85,50,50,50,80,50,50,50,70
51605,RP,Mike Birt,213,R,40,40,50,40,50,40,50,40,30,,,,52493,RP,Trevor Adolph,113,R,50,50,50,55,50,50,55,55,40
55163,RP,Chris Johnson,211,L,60,40,55,45,65,45,55,45,80,,,,51710,RP,Tony Cantabrana,113,L,50,45,40,50,45,45,40,45,80
31063,RP,Marcus Blocker,211,R,40,60,55,45,40,65,55,45,45,,,,51897,SP,Rico Cabrini,113,R,35,50,45,40,40,55,50,45,30
50559,RP,Bill Le Roy,211,R,35,60,50,55,40,65,50,60,75,,,,47814,SP,Hector Barcenas,113,L,45,40,50,50,45,40,50,50,70
51778,RP,David Briceno,211,R,40,40,50,40,40,40,45,40,45,,,,52407,CL,Michael Hebert,112,R,70,50,50,55,60,50,45,50,35
48890,SP,Mel Ramirez,210,R,40,50,45,40,45,60,55,40,35,,,,51295,CL,Chris Willard,111,R,75,60,55,60,70,55,50,60,50
51072,RP,Reese Hardgrove,209,R,60,35,45,50,60,35,45,50,40,,,,35261,CL,Jesse Clemens,110,R,50,50,55,60,50,50,55,60,50
50866,RP,Dan Girton,209,R,40,55,65,40,45,60,65,40,65,,,,32378,RP,Ryan DuBay,110,R,50,65,55,40,50,65,55,40,70
47605,RP,Mike O'Rourke,208,R,65,70,55,50,60,65,55,50,60,,,,52406,RP,Mario Bello,109,L,50,50,50,45,50,50,50,45,75
51118,RP,Chris Rosta,207,R,50,40,45,45,80,50,55,50,55,,,,55091,RP,Jonathan Mueller,109,R,45,55,45,45,55,65,55,45,35
51716,SP,Ruben Valdez,207,R,50,55,40,35,55,60,40,40,55,,,,49004,RP,Matt Bailey,109,R,25,45,35,40,25,55,40,45,50
29519,CL,Bill Ladd,206,R,45,55,45,55,55,65,50,60,40,,,,55347,SP,Mike Young,109,R,40,45,55,40,45,50,55,40,45
14983,RP,Eric Harris,206,R,45,40,50,65,45,40,50,60,35,,,,47312,CL,Colin Voight,108,R,70,40,55,35,75,40,55,35,80
58370,SP,John Gray,206,L,50,55,40,40,45,50,40,40,60,,,,50549,RP,Jon Toal,108,R,70,40,50,30,70,40,50,30,65
51127,RP,Ryan Bruder,205,R,40,50,40,45,40,50,40,45,75,,,,46612,RP,Andy Heidt,108,R,30,45,50,55,30,50,55,60,55
44641,RP,Luis Torres,205,L,40,45,50,50,40,40,50,50,75,,,,50760,CL,Keith Dobbs,107,R,45,60,50,55,45,60,55,55,45
51719,RP,Alex Perez,205,R,45,50,45,45,45,50,45,45,50,,,,34062,RP,Josh Tremblay,107,R,40,60,55,50,40,60,55,50,45
46611,SP,Antonio Delgado,204,L,45,45,50,45,45,45,50,45,80,,,,52305,RP,Chris Penta,107,L,45,45,45,50,45,45,45,50,75
30996,CL,Josh Donnelly,203,L,60,60,60,65,55,50,55,60,75,,,,32932,CL,Dan Patterson,106,R,80,65,60,55,75,65,60,60,65
55091,RP,Jonathan Mueller,203,R,45,55,45,45,55,65,55,45,35,,,,50978,CL,Carlos Ulerio,106,R,65,50,45,50,75,55,50,50,35
51897,SP,Rico Cabrini,203,R,35,50,45,40,40,55,50,45,30,,,,47821,RP,Jayden Hairston,106,R,30,40,45,50,35,50,50,55,50
35661,RP,Brad Bledsoe,202,R,45,60,50,45,45,55,50,45,50,,,,52423,RP,D.J. Tsoukalas,106,R,60,45,55,25,80,55,60,25,55
50522,RP,Chris Rice,201,R,50,55,40,40,55,60,45,40,60,,,,28431,CL,Brandon Robison,104,R,55,65,55,45,70,75,65,45,60
49657,RP,Victor Munoz,201,R,45,45,55,30,45,45,55,30,55,,,,47933,CL,Justin Johnson,104,R,70,40,50,40,65,35,50,40,80
46395,RP,Andrew Belton,200,R,65,45,60,35,60,45,55,35,80,,,,50988,RP,Rob McNeilly,104,R,50,40,40,35,80,50,50,40,50
19289,RP,Roberto Gutierrez,200,R,40,40,55,55,50,45,60,60,40,,,,54127,RP,Jon Richter,104,R,80,50,50,35,80,50,45,35,40
49244,RP,Melvin Elizondo,200,R,35,55,50,45,40,65,50,50,70,,,,50533,RP,Lance Schaefer,104,R,55,50,40,50,75,60,50,50,35
28685,CL,Aaron Tinoco,199,L,85,60,60,35,80,50,55,35,80,,,,52538,RP,Victor Elguea,104,R,40,35,40,40,45,40,45,40,40
50988,RP,Rob McNeilly,199,R,50,40,40,35,80,50,50,40,50,,,,14983,RP,Eric Harris,104,R,45,40,50,65,45,40,50,60,35
23002,RP,Max James,199,L,60,50,55,50,45,40,50,45,75,,,,47056,SP,Adam Kaminskaya,104,R,40,45,50,45,40,50,55,45,65
31641,RP,Brent Kashi,198,R,40,45,50,45,55,60,60,55,50,,,,35128,RP,Pat Hayes,103,R,50,50,55,45,45,50,55,45,50
51767,RP,Hector Alejandre,197,R,35,50,45,40,40,50,50,40,65,,,,49137,RP,Pat Ferrell,103,R,50,45,50,50,45,45,50,50,80
50812,CL,Andrew Meissner,195,R,85,50,50,50,80,50,50,50,70,,,,26146,RP,Julio Reyna,103,R,45,60,55,45,45,55,55,45,35
47247,RP,Oscar Rivas,195,R,30,50,50,45,35,65,55,45,30,,,,45873,RP,Javier Jeronimo,103,L,30,50,55,50,30,40,45,45,55
52121,RP,Jon Cabrera,193,R,60,55,50,55,55,50,45,55,45,,,,47818,SP,Bob Falor,103,R,35,40,50,45,40,45,55,45,35
48406,RP,Oscar Acuna,193,L,80,40,50,35,75,40,50,35,60,,,,50541,RP,Jake Schroeder,102,R,40,40,45,50,60,55,55,55,70
56758,RP,Danny Morales,191,L,65,40,50,30,60,40,50,30,80,,,,51284,RP,Bubba Shahan,102,R,50,40,40,50,65,45,45,50,60
50533,RP,Lance Schaefer,189,R,55,50,40,50,75,60,50,50,35,,,,31762,RP,Wayne Kassa,102,R,40,35,35,45,45,40,45,50,55
50234,RP,Danny Carlos,188,L,60,40,55,60,60,40,55,60,70,,,,35661,RP,Brad Bledsoe,100,R,45,60,50,45,45,55,50,45,50
32932,CL,Dan Patterson,187,R,80,65,60,55,75,65,60,60,65,,,,50829,RP,Jim Torode,100,R,45,45,50,70,55,50,55,70,35
52298,RP,Frank Johnson,186,R,55,45,50,60,60,50,50,60,20,,,,52353,RP,Jesse Carr,100,R,55,50,45,50,55,50,45,50,35
51375,RP,Harry Chamberlain,186,R,50,45,50,50,50,45,50,50,50,,,,27986,RP,Dustin Engels,100,L,55,35,50,50,55,35,50,45,65
49137,RP,Pat Ferrell,186,R,50,45,50,50,45,45,50,50,80,,,,50980,RP,Dan Ragsdale,99,R,55,60,50,40,60,65,55,40,40
47821,RP,Jayden Hairston,186,R,30,40,45,50,35,50,50,55,50,,,,23002,RP,Max James,99,L,60,50,55,50,45,40,50,45,75
50519,RP,Tobias Segura,185,L,55,40,50,35,55,40,50,35,60,,,,26880,RP,Bryan Fry,98,R,45,45,45,50,55,50,55,55,45
46051,RP,Ryan Decenzo,185,L,40,45,45,50,40,45,50,50,70,,,,57000,RP,Phil Valencia,98,R,40,25,40,25,35,25,40,25,35
50655,CL,Dan Gerling,184,L,45,50,45,55,45,50,45,55,65,,,,46682,RP,Ross Carpenter,97,R,40,35,50,50,40,35,50,50,65
34062,RP,Josh Tremblay,183,R,40,60,55,50,40,60,55,50,45,,,,50543,RP,Joe Hitchcock,97,R,45,40,40,40,75,50,55,45,30
50549,RP,Jon Toal,183,R,70,40,50,30,70,40,50,30,65,,,,52444,CL,Ryan Jones,97,R,60,50,50,55,75,55,55,55,40
50760,CL,Keith Dobbs,181,R,45,60,50,55,45,60,55,55,45,,,,26013,SP,Steve Bargmann,97,R,45,35,50,55,50,40,50,60,40
52423,RP,D.J. Tsoukalas,181,R,60,45,55,25,80,55,60,25,55,,,,31063,RP,Marcus Blocker,96,R,40,60,55,45,40,65,55,45,45
50541,RP,Jake Schroeder,180,R,40,40,45,50,60,55,55,55,70,,,,52717,RP,Eduardo Cavazos,96,L,70,50,40,40,50,45,40,40,70
52493,RP,Trevor Adolph,179,R,50,50,50,55,50,50,55,55,40,,,,52384,SP,Willie Cornett,96,R,45,40,45,55,45,40,45,55,75
46682,RP,Ross Carpenter,176,R,40,35,50,50,40,35,50,50,65,,,,50920,RP,Armando Pinedo,95,R,45,60,50,55,45,65,55,55,65
50787,RP,Mike Gordon,176,R,45,45,50,40,45,45,50,40,45,,,,51281,RP,Craig Green,95,R,60,45,45,55,60,45,45,55,35
50920,RP,Armando Pinedo,175,R,45,60,50,55,45,65,55,55,65,,,,50628,RP,R.J. Rowland,95,L,70,60,50,35,50,50,40,35,70
51295,CL,Chris Willard,174,R,75,60,55,60,70,55,50,60,50,,,,33512,RP,Jon Coleman,94,R,50,50,50,55,55,55,55,60,55
50543,RP,Joe Hitchcock,174,R,45,40,40,40,75,50,55,45,30,,,,51354,SP,Leopold Kimmel,94,R,45,40,50,45,45,40,50,45,40
52407,CL,Michael Hebert,172,R,70,50,50,55,60,50,45,50,35,,,,46332,RP,Jayson Tillman,92,R,60,40,50,40,55,40,50,45,25
31085,RP,Kyle Panek,172,L,45,55,60,55,45,50,60,55,85,,,,38808,RP,Manny Oritz,92,L,30,50,50,40,30,50,50,40,75
46724,RP,Josh Jones,172,R,45,60,50,40,45,65,50,40,35,,,,51156,RP,Alfredo Fernandez,92,R,45,50,50,50,45,45,50,50,35
26146,RP,Julio Reyna,171,R,45,60,55,45,45,55,55,45,35,,,,50850,RP,Brandon Graver,91,R,70,35,45,45,80,35,50,45,65
28417,RP,David Galeazzi,171,L,40,60,55,55,40,55,55,50,80,,,,46724,RP,Josh Jones,91,R,45,60,50,40,45,65,50,40,35
50980,RP,Dan Ragsdale,170,R,55,60,50,40,60,65,55,40,40,,,,33613,RP,Chris Moore,91,R,50,50,55,60,50,50,55,60,65
52945,RP,Jesse Burns,170,R,60,40,50,40,75,45,50,45,75,,,,49052,RP,Sean Smith,91,L,80,45,50,40,75,40,50,40,60
44813,CL,Sergio Velasquez,169,R,50,45,45,35,50,45,45,35,70,,,,48764,RP,Bob Meeks,91,R,50,25,45,30,50,30,45,30,45
50829,RP,Jim Torode,169,R,45,45,50,70,55,50,55,70,35,,,,50880,RP,Cory Merrigan,90,R,55,60,55,50,55,60,50,50,40
56893,RP,Evan Ferguson,168,R,35,45,50,40,40,50,55,45,40,,,,49223,CL,Chris Anderson,89,R,60,50,45,40,75,70,55,50,55
50978,CL,Carlos Ulerio,167,R,65,50,45,50,75,55,50,50,35,,,,52945,RP,Jesse Burns,89,R,60,40,50,40,75,45,50,45,75
50720,RP,Chris Garman,167,L,70,50,50,45,65,45,50,45,55,,,,26626,RP,Matt Hurley,89,R,55,55,50,45,60,60,50,45,45
35128,RP,Pat Hayes,166,R,50,50,55,45,45,50,55,45,50,,,,50591,RP,Bobby Ferrara,89,R,45,40,40,45,55,50,50,45,45
49117,RP,Luke Long,166,R,40,50,50,50,40,50,50,55,60,,,,58385,RP,Johnny Dando,88,R,60,45,55,40,55,45,55,40,60
51284,RP,Bubba Shahan,165,R,50,40,40,50,65,45,45,50,60,,,,55182,SP,Dave Migliore,88,L,40,40,45,35,40,40,50,35,80
53995,SP,Ricardo Arroyo,164,R,35,55,45,40,40,55,45,40,40,,,,47449,RP,Alex Aguilar,87,R,40,45,50,45,40,50,50,45,35
26013,SP,Steve Bargmann,164,R,45,35,50,55,50,40,50,60,40,,,,50787,RP,Mike Gordon,87,R,45,45,50,40,45,45,50,40,45
52436,RP,Jose Rios,163,R,50,50,45,40,55,55,45,40,45,,,,51055,RP,Chris Luppino,87,R,50,65,50,40,45,60,50,40,85
26297,RP,Manuel Ruiz,163,L,45,55,50,55,45,55,50,55,70,,,,53995,SP,Ricardo Arroyo,87,R,35,55,45,40,40,55,45,40,40
31762,RP,Wayne Kassa,163,R,40,35,35,45,45,40,45,50,55,,,,58514,RP,Al Hernandez,86,L,45,65,60,45,40,55,55,45,80
52444,CL,Ryan Jones,161,R,60,50,50,55,75,55,55,55,40,,,,49330,RP,Tanho Urich,86,R,50,45,45,50,50,45,45,50,45
50591,RP,Bobby Ferrara,160,R,45,40,40,45,55,50,50,45,45,,,,56758,RP,Danny Morales,86,L,65,40,50,30,60,40,50,30,80
48764,RP,Bob Meeks,160,R,50,25,45,30,50,30,45,30,45,,,,50566,CL,Dustin Perkerson,85,R,50,55,50,50,60,60,50,55,60
51156,RP,Alfredo Fernandez,160,R,45,50,50,50,45,45,50,50,35,,,,52790,RP,Ken Giese,85,R,50,40,45,50,55,45,50,50,25
50768,RP,Chris Smith,159,L,75,40,50,40,75,45,50,40,80,,,,29031,RP,Sergio de Anda,84,R,40,40,45,50,55,55,55,60,75
51055,RP,Chris Luppino,158,R,50,65,50,40,45,60,50,40,85,,,,37325,RP,Jose Jimenez,83,R,45,45,55,55,55,45,55,55,65
54127,RP,Jon Richter,157,R,80,50,50,35,80,50,45,35,40,,,,26009,SP,Gary Dougherty,83,R,45,55,55,35,45,55,55,35,60
26880,RP,Bryan Fry,157,R,45,45,45,50,55,50,55,55,45,,,,52121,RP,Jon Cabrera,82,R,60,55,50,55,55,50,45,55,45
35148,RP,Wayne Messmer,157,R,55,45,55,45,55,45,50,45,60,,,,55163,RP,Chris Johnson,82,L,60,40,55,45,65,45,55,45,80
46289,SP,Zack Taylor,157,R,50,50,50,35,60,60,50,35,60,,,,48406,RP,Oscar Acuna,82,L,80,40,50,35,75,40,50,35,60
52384,SP,Willie Cornett,154,R,45,40,45,55,45,40,45,55,75,,,,55076,RP,Jeremy Burch,82,R,20,45,45,45,25,60,55,50,50
52790,RP,Ken Giese,154,R,50,40,45,50,55,45,50,50,25,,,,51363,SP,Tim Berard,81,L,55,45,50,50,55,45,50,50,70
52353,RP,Jesse Carr,152,R,55,50,45,50,55,50,45,50,35,,,,50844,CL,Erik Rutledge,81,R,65,45,55,45,65,45,55,45,40
50709,RP,Dave Brooks,149,R,50,40,45,40,70,40,50,40,65,,,,49851,RP,Chris Mandeville,81,R,50,35,50,40,55,40,50,40,45
50880,RP,Cory Merrigan,149,R,55,60,55,50,55,60,50,50,40,,,,33568,SP,Clint Hernandez,81,R,45,50,50,60,45,45,45,65,65
47449,RP,Alex Aguilar,148,R,40,45,50,45,40,50,50,45,35,,,,55308,RP,Dan Young,80,R,55,45,50,45,55,45,50,45,50
47933,CL,Justin Johnson,147,R,70,40,50,40,65,35,50,40,80,,,,28595,RP,Ryan Keegan,79,L,50,50,50,45,50,50,50,45,65
39597,RP,Danny Ruiz,147,R,45,35,40,35,50,35,45,35,70,,,,31641,RP,Brent Kashi,78,R,40,45,50,45,55,60,60,55,50
57000,RP,Phil Valencia,147,R,40,25,40,25,35,25,40,25,35,,,,35148,RP,Wayne Messmer,78,R,55,45,55,45,55,45,50,45,60
33512,RP,Jon Coleman,146,R,50,50,50,55,55,55,55,60,55,,,,49117,RP,Luke Long,78,R,40,50,50,50,40,50,50,55,60
44767,CL,Daniel Cervantes,145,R,50,40,40,35,55,50,45,40,45,,,,24880,RP,Chad Lewis,78,R,25,60,50,50,30,70,55,55,70
50848,RP,Mark Brodrick,145,R,50,40,45,45,55,45,45,45,75,,,,50709,RP,Dave Brooks,77,R,50,40,45,40,70,40,50,40,65
47818,SP,Bob Falor,145,R,35,40,50,45,40,45,55,45,35,,,,48708,RP,Rich Villa,77,L,40,55,45,65,40,45,40,55,70
37325,RP,Jose Jimenez,144,R,45,45,55,55,55,45,55,55,65,,,,50848,RP,Mark Brodrick,77,R,50,40,45,45,55,45,45,45,75
52538,RP,Victor Elguea,144,R,40,35,40,40,45,40,45,40,40,,,,46239,SP,Ryan Baxter,76,L,55,70,60,30,55,60,60,25,75
47312,CL,Colin Voight,143,R,70,40,55,35,75,40,55,35,80,,,,52319,CL,Tim Spangenberg,76,R,65,45,40,50,80,50,50,55,75
50844,CL,Erik Rutledge,143,R,65,45,55,45,65,45,55,45,40,,,,44767,CL,Daniel Cervantes,76,R,50,40,40,35,55,50,45,40,45
53665,CL,Rafael Blanco,141,R,70,50,55,45,65,50,55,45,50,,,,52935,RP,Craig Holbrook,76,R,30,45,45,40,40,55,55,45,45
46332,RP,Jayson Tillman,141,R,60,40,50,40,55,40,50,45,25,,,,25928,RP,Matt Donovan,76,R,50,40,50,50,50,40,50,50,45
50850,RP,Brandon Graver,141,R,70,35,45,45,80,35,50,45,65,,,,46611,SP,Antonio Delgado,76,L,45,45,50,45,45,45,50,45,80
25928,RP,Matt Donovan,140,R,50,40,50,50,50,40,50,50,45,,,,50632,RP,Justin Carpenter,75,L,60,45,45,40,60,45,45,40,65
24880,RP,Chad Lewis,140,R,25,60,50,50,30,70,55,55,70,,,,39597,RP,Danny Ruiz,75,R,45,35,40,35,50,35,45,35,70
35261,CL,Jesse Clemens,138,R,50,50,55,60,50,50,55,60,50,,,,46051,RP,Ryan Decenzo,74,L,40,45,45,50,40,45,50,50,70
56750,RP,John Ring,138,R,45,40,45,40,45,35,45,40,60,,,,52722,RP,Ernie Koneval,74,R,40,55,50,45,40,60,50,45,40
49004,RP,Matt Bailey,138,R,25,45,35,40,25,55,40,45,50,,,,39617,RP,Drew Roberts,73,L,50,65,50,50,45,55,45,45,80
28431,CL,Brandon Robison,136,R,55,65,55,45,70,75,65,45,60,,,,39445,SP,George Perrow,73,R,35,40,50,65,35,45,55,75,45
46513,CL,Lorenzo Lujan,134,R,50,55,55,70,45,50,50,65,25,,,,28417,RP,David Galeazzi,72,L,40,60,55,55,40,55,55,50,80
51354,SP,Leopold Kimmel,134,R,45,40,50,45,45,40,50,45,40,,,,34186,RP,Juan Cantu,71,L,55,50,45,55,50,40,40,45,55
58559,SP,Brendan Woodward,134,L,40,55,50,40,40,50,50,40,75,,,,50816,RP,Edwin Castro,71,L,60,50,45,55,65,50,45,55,65
23614,SP,Josh Queen,132,L,40,45,50,50,40,45,50,50,65,,,,33294,RP,Andrew Brady,71,L,70,70,60,55,45,45,45,45,55
29031,RP,Sergio de Anda,131,R,40,40,45,50,55,55,55,60,75,,,,52879,RP,Eric Evans,71,R,45,45,50,45,45,40,50,45,40
52935,RP,Craig Holbrook,131,R,30,45,45,40,40,55,55,45,45,,,,53665,CL,Rafael Blanco,70,R,70,50,55,45,65,50,55,45,50
55347,SP,Mike Young,131,R,40,45,55,40,45,50,55,40,45,,,,18850,RP,Mike Stolba,70,L,50,50,40,50,45,50,40,45,70
26626,RP,Matt Hurley,129,R,55,55,50,45,60,60,50,45,45,,,,50474,SP,Moises Talavera,70,R,40,45,50,50,40,50,50,50,30
28733,RP,Marty Cady,129,R,45,45,50,45,55,55,55,45,70,,,,51088,RP,Alan Lauer,70,R,45,35,40,40,65,40,50,45,35
46612,RP,Andy Heidt,129,R,30,45,50,55,30,50,55,60,55,,,,38438,RP,Mike Coulombe,68,L,45,40,50,55,45,40,50,55,80
55902,SP,Hidalgo Navarez,129,R,45,35,50,35,45,35,50,35,75,,,,58370,SP,John Gray,68,L,50,55,40,40,45,50,40,40,60
49223,CL,Chris Anderson,128,R,60,50,45,40,75,70,55,50,55,,,,44819,RP,Juan Romero,67,L,65,40,45,60,65,40,45,55,75
49323,RP,Ayham Abdul-Basit,128,L,40,45,55,50,40,45,55,50,75,,,,56750,RP,John Ring,67,R,45,40,45,40,45,35,45,40,60
51281,RP,Craig Green,127,R,60,45,45,55,60,45,45,55,35,,,,48580,SP,Pablo Febles,67,L,50,50,45,45,50,50,40,45,70
49330,RP,Tanho Urich,126,R,50,45,45,50,50,45,45,50,45,,,,55902,SP,Hidalgo Navarez,66,R,45,35,50,35,45,35,50,35,75
33613,RP,Chris Moore,126,R,50,50,55,60,50,50,55,60,65,,,,27819,RP,Jonah Rosey,65,L,45,65,60,70,40,55,50,65,70
51397,SP,Tom Cooper,126,L,40,35,45,40,35,35,40,40,55,,,,50477,SP,Raul Rivera,65,R,35,40,40,45,40,45,50,45,65
51453,RP,Jason Reis,125,L,45,45,45,40,45,40,45,40,80,,,,46513,CL,Lorenzo Lujan,64,R,50,55,55,70,45,50,50,65,25
47222,RP,David Kearns,124,R,40,45,55,50,40,50,55,50,50,,,,28733,RP,Marty Cady,63,R,45,45,50,45,55,55,55,45,70
47056,SP,Adam Kaminskaya,123,R,40,45,50,45,40,50,55,45,65,,,,33744,RP,Corey Clay,63,R,45,40,45,45,60,50,55,50,70
26009,SP,Gary Dougherty,122,R,45,55,55,35,45,55,55,35,60,,,,28019,RP,Angelo Flores,60,R,45,45,55,35,50,50,60,35,55
49859,SP,Chris Erez,122,L,50,30,55,35,45,25,50,35,75,,,,47222,RP,David Kearns,58,R,40,45,55,50,40,50,55,50,50
50474,SP,Moises Talavera,121,R,40,45,50,50,40,50,50,50,30,,,,29236,RP,Josh Wood,56,L,50,60,55,60,50,55,55,55,75
58385,RP,Johnny Dando,120,R,60,45,55,40,55,45,55,40,60,,,,30996,CL,Josh Donnelly,56,L,60,60,60,65,55,50,55,60,75
55076,RP,Jeremy Burch,118,R,20,45,45,45,25,60,55,50,50,,,,51453,RP,Jason Reis,56,L,45,45,45,40,45,40,45,40,80
51637,RP,Jim Thacker,117,L,50,35,45,45,50,35,45,45,65,,,,51487,RP,Juan Morales,56,R,45,35,40,40,60,40,45,40,35
33568,SP,Clint Hernandez,117,R,45,50,50,60,45,45,45,65,65,,,,44661,SP,Benjamin Ramos,56,R,60,35,50,50,60,35,50,50,55
52722,RP,Ernie Koneval,116,R,40,55,50,45,40,60,50,45,40,,,,50768,RP,Chris Smith,55,L,75,40,50,40,75,45,50,40,80
39445,SP,George Perrow,116,R,35,40,50,65,35,45,55,75,45,,,,52486,SP,Todd Kinney,55,R,40,50,40,50,35,50,40,50,50
34186,RP,Juan Cantu,115,L,55,50,45,55,50,40,40,45,55,,,,51397,SP,Tom Cooper,54,L,40,35,45,40,35,35,40,40,55
58514,RP,Al Hernandez,114,L,45,65,60,45,40,55,55,45,80,,,,26297,RP,Manuel Ruiz,53,L,45,55,50,55,45,55,50,55,70
28019,RP,Angelo Flores,114,R,45,45,55,35,50,50,60,35,55,,,,23614,SP,Josh Queen,53,L,40,45,50,50,40,45,50,50,65
33744,RP,Corey Clay,113,R,45,40,45,45,60,50,55,50,70,,,,52913,RP,Pablo Mejia,53,R,50,40,50,40,65,40,55,40,45
36677,RP,Dave Moreno,112,L,40,65,55,50,35,45,45,45,60,,,,52461,RP,Jason Holland,52,L,70,55,55,65,55,50,50,65,65
52319,CL,Tim Spangenberg,111,R,65,45,40,50,80,50,50,55,75,,,,55232,RP,Josh Montgomery,51,R,50,55,55,50,55,60,60,50,40
32427,RP,Jaime Ogle,105,R,45,45,45,65,50,50,50,70,45,,,,54141,RP,Micah Scialpi,51,R,75,45,55,40,70,45,55,40,50
50477,SP,Raul Rivera,104,R,35,40,40,45,40,45,50,45,65,,,,49859,SP,Chris Erez,49,L,50,30,55,35,45,25,50,35,75
31938,RP,Miguel Garnica,103,R,45,45,55,35,55,50,65,35,55,,,,36077,RP,Tom Kuhn,48,L,50,45,55,55,50,50,55,50,60
55308,RP,Dan Young,102,R,55,45,50,45,55,45,50,45,50,,,,50519,RP,Tobias Segura,48,L,55,40,50,35,55,40,50,35,60
51487,RP,Juan Morales,101,R,45,35,40,40,60,40,45,40,35,,,,32427,RP,Jaime Ogle,48,R,45,45,45,65,50,50,50,70,45
52879,RP,Eric Evans,100,R,45,45,50,45,45,40,50,45,40,,,,50655,CL,Dan Gerling,47,L,45,50,45,55,45,50,45,55,65
51956,RP,Miguel Acevedo,98,L,65,45,45,50,55,40,40,50,65,,,,55556,RP,Phil O'Laughlin,47,R,60,35,55,35,55,35,50,35,50
49851,RP,Chris Mandeville,96,R,50,35,50,40,55,40,50,40,45,,,,51310,RP,Mario Medina,47,R,40,40,40,40,45,45,50,40,35
50566,CL,Dustin Perkerson,95,R,50,55,50,50,60,60,50,55,60,,,,50234,RP,Danny Carlos,46,L,60,40,55,60,60,40,55,60,70
50623,SP,Brian Preuss,94,L,50,65,50,60,40,55,45,55,60,,,,56821,RP,Elijah Boyd,46,R,40,45,45,40,40,45,45,40,60
52511,RP,Oscar Vasquez,93,L,80,65,50,50,55,50,40,45,70,,,,23279,RP,Nate Bourgeois,45,L,45,50,55,40,40,45,50,40,80
33294,RP,Andrew Brady,89,L,70,70,60,55,45,45,45,45,55,,,,36677,RP,Dave Moreno,44,L,40,65,55,50,35,45,45,45,60
55556,RP,Phil O'Laughlin,86,R,60,35,55,35,55,35,50,35,50,,,,51637,RP,Jim Thacker,44,L,50,35,45,45,50,35,45,45,65
52486,SP,Todd Kinney,84,R,40,50,40,50,35,50,40,50,50,,,,31085,RP,Kyle Panek,43,L,45,55,60,55,45,50,60,55,85
59859,RP,Gene King,81,R,45,40,45,35,65,55,55,40,40,,,,49323,RP,Ayham Abdul-Basit,42,L,40,45,55,50,40,45,55,50,75
47252,RP,Cory Heath,80,L,65,45,50,35,65,45,50,35,75,,,,48600,RP,Guillermo Vasquez,42,R,50,45,40,45,50,55,40,45,65
52913,RP,Pablo Mejia,79,R,50,40,50,40,65,40,55,40,45,,,,44641,RP,Luis Torres,41,L,40,45,50,50,40,40,50,50,75
51310,RP,Mario Medina,79,R,40,40,40,40,45,45,50,40,35,,,,51956,RP,Miguel Acevedo,41,L,65,45,45,50,55,40,40,50,65
56821,RP,Elijah Boyd,78,R,40,45,45,40,40,45,45,40,60,,,,31938,RP,Miguel Garnica,41,R,45,45,55,35,55,50,65,35,55
45915,SP,Gerardo Ontiveros,77,L,45,55,50,50,40,45,45,50,60,,,,50473,SP,Felix Fulgencio,41,R,45,50,50,35,50,50,50,35,70
58376,RP,Mario Espinal,77,L,70,40,55,35,60,40,50,30,80,,,,28685,CL,Aaron Tinoco,40,L,85,60,60,35,80,50,55,35,80
51088,RP,Alan Lauer,77,R,45,35,40,40,65,40,50,45,35,,,,47441,RP,Jeff Davis,40,R,60,50,50,40,60,55,50,45,55
50816,RP,Edwin Castro,76,L,60,50,45,55,65,50,45,55,65,,,,58376,RP,Mario Espinal,40,L,70,40,55,35,60,40,50,30,80
53866,SP,Victor Madrigal,75,R,40,35,45,45,55,40,55,45,45,,,,52511,RP,Oscar Vasquez,39,L,80,65,50,50,55,50,40,45,70
53909,SP,Ruben Paredes,74,L,40,40,50,45,40,40,55,45,65,,,,51396,SP,John Johnson,36,R,45,35,50,40,50,35,50,40,35
35605,SP,Jesus Diaz,73,R,35,50,50,45,35,50,50,45,60,,,,58559,SP,Brendan Woodward,36,L,40,55,50,40,40,50,50,40,75
51282,RP,Jared King,73,L,55,50,40,55,50,50,40,55,65,,,,35605,SP,Jesus Diaz,35,R,35,50,50,45,35,50,50,45,60
54141,RP,Micah Scialpi,73,R,75,45,55,40,70,45,55,40,50,,,,51370,RP,Chris Gomez,35,R,45,40,50,45,45,40,50,45,65
23279,RP,Nate Bourgeois,72,L,45,50,55,40,40,45,50,40,80,,,,51282,RP,Jared King,35,L,55,50,40,55,50,50,40,55,65
44661,SP,Benjamin Ramos,72,R,60,35,50,50,60,35,50,50,55,,,,37453,SP,Brad Gard,34,L,40,50,35,55,40,50,35,55,75
55232,RP,Josh Montgomery,69,R,50,55,55,50,55,60,60,50,40,,,,50720,RP,Chris Garman,32,L,70,50,50,45,65,45,50,45,55
44473,RP,Jesse Easley,68,R,35,50,50,45,35,50,50,50,55,,,,55124,SP,Raykom Yunusov,32,R,35,35,45,45,40,35,50,45,55
56301,RP,Eddie de Santiago,67,R,50,40,50,40,75,45,55,45,70,,,,59859,RP,Gene King,30,R,45,40,45,35,65,55,55,40,40
56913,SP,Tony Zuniga,67,L,45,50,60,40,40,40,55,35,65,,,,52567,RP,Pete Rieger,30,R,45,40,45,40,60,45,50,40,40
37453,SP,Brad Gard,64,L,40,50,35,55,40,50,35,55,75,,,,47382,RP,Sam Lara,30,R,40,40,40,45,45,55,55,55,45
47441,RP,Jeff Davis,63,R,60,50,50,40,60,55,50,45,55,,,,48968,SP,Jeremy Kearns,30,R,35,45,45,55,35,55,50,60,45
50473,SP,Felix Fulgencio,62,R,45,50,50,35,50,50,50,35,70,,,,52605,RP,Barry Edwards,29,L,60,65,55,40,40,50,45,40,60
50177,RP,Alex Gonzales,61,R,40,60,45,50,40,60,45,50,45,,,,50921,RP,Ryan Kunze,29,R,50,50,45,50,45,45,45,45,70
55090,RP,Tyler Sims,60,L,40,40,50,35,40,40,50,35,75,,,,45915,SP,Gerardo Ontiveros,28,L,45,55,50,50,40,45,45,50,60
51480,SP,Ken Rawdon,60,R,40,45,45,50,45,45,50,50,45,,,,50021,SP,Mario Aguilar,28,R,45,45,40,50,45,45,40,50,35
51396,SP,John Johnson,59,R,45,35,50,40,50,35,50,40,35,,,,53866,SP,Victor Madrigal,28,R,40,35,45,45,55,40,55,45,45
50921,RP,Ryan Kunze,56,R,50,50,45,50,45,45,45,45,70,,,,52470,RP,Francisco Tapia,28,R,40,50,45,45,40,50,45,45,80
48600,RP,Guillermo Vasquez,54,R,50,45,40,45,50,55,40,45,65,,,,52434,SP,Gus Garcia,28,R,45,40,45,50,45,40,45,50,45
52400,RP,Lonnie Raine,54,L,55,55,45,40,50,50,45,40,65,,,,50623,SP,Brian Preuss,26,L,50,65,50,60,40,55,45,55,60
52470,RP,Francisco Tapia,54,R,40,50,45,45,40,50,45,45,80,,,,58573,SP,Andres Gomez,25,R,45,45,50,40,45,45,50,40,25
58698,RP,Tom Dawson,52,R,60,40,50,40,60,40,50,40,55,,,,46815,SP,Steve Wisniewski,25,R,40,45,55,45,40,45,55,50,30
51125,RP,Mark Barnshaw,51,L,60,35,55,50,60,35,55,50,80,,,,32554,SP,Alejandro Gomez,25,R,45,40,50,40,45,40,50,40,60
50021,SP,Mario Aguilar,50,R,45,45,40,50,45,45,40,50,35,,,,50177,RP,Alex Gonzales,24,R,40,60,45,50,40,60,45,50,45
32554,SP,Alejandro Gomez,50,R,45,40,50,40,45,40,50,40,60,,,,50794,RP,Ken McEwen,24,R,45,55,50,40,50,60,50,40,45
52605,RP,Barry Edwards,49,L,60,65,55,40,40,50,45,40,60,,,,47439,SP,Kurt Scram,24,R,45,40,45,40,50,45,50,40,70
58573,SP,Andres Gomez,48,R,45,45,50,40,45,45,50,40,25,,,,29020,RP,Justin Vetter,23,R,50,40,55,45,55,40,60,50,35
47382,RP,Sam Lara,48,R,40,40,40,45,45,55,55,55,45,,,,53387,RP,Vinny Carmona,23,R,40,35,40,45,45,40,40,45,35
55124,SP,Raykom Yunusov,46,R,35,35,45,45,40,35,50,45,55,,,,51125,RP,Mark Barnshaw,22,L,60,35,55,50,60,35,55,50,80
51197,RP,Joel Cole,45,R,60,35,45,45,75,40,50,50,50,,,,53909,SP,Ruben Paredes,22,L,40,40,50,45,40,40,55,45,65
51370,RP,Chris Gomez,44,R,45,40,50,45,45,40,50,45,65,,,,56913,SP,Tony Zuniga,22,L,45,50,60,40,40,40,55,35,65
50794,RP,Ken McEwen,44,R,45,55,50,40,50,60,50,40,45,,,,47252,RP,Cory Heath,21,L,65,45,50,35,65,45,50,35,75
55126,RP,Kevin Welch,42,R,40,40,50,35,40,40,50,35,50,,,,44473,RP,Jesse Easley,21,R,35,50,50,45,35,50,50,50,55
54211,RP,Joey Myers,42,R,35,35,50,30,40,35,50,30,30,,,,53525,RP,Javier Dominguez,21,R,45,30,50,30,45,30,50,30,60
50757,SP,Dave Pappas,41,L,55,40,50,40,55,40,50,40,55,,,,58698,RP,Tom Dawson,20,R,60,40,50,40,60,40,50,40,55
52434,SP,Gus Garcia,40,R,45,40,45,50,45,40,45,50,45,,,,56301,RP,Eddie de Santiago,20,R,50,40,50,40,75,45,55,45,70
46224,SP,Jeff Sutera,40,R,35,50,55,40,35,50,55,40,75,,,,48687,SP,Rogelio Jimenez,20,R,50,40,50,45,45,40,50,45,60
52567,RP,Pete Rieger,39,R,45,40,45,40,60,45,50,40,40,,,,51480,SP,Ken Rawdon,20,R,40,45,45,50,45,45,50,50,45
46815,SP,Steve Wisniewski,37,R,40,45,55,45,40,45,55,50,30,,,,51315,SP,Graham Durrence,19,R,35,45,50,40,35,45,50,40,40
48968,SP,Jeremy Kearns,34,R,35,45,45,55,35,55,50,60,45,,,,46224,SP,Jeff Sutera,19,R,35,50,55,40,35,50,55,40,75
48687,SP,Rogelio Jimenez,34,R,50,40,50,45,45,40,50,45,60,,,,49941,RP,Steven Monaghan,19,R,55,35,50,30,55,35,55,30,30
53387,RP,Vinny Carmona,33,R,40,35,40,45,45,40,40,45,35,,,,55126,RP,Kevin Welch,18,R,40,40,50,35,40,40,50,35,50
51338,RP,Bryant D'Angelo,32,R,50,40,50,50,50,40,50,50,65,,,,54211,RP,Joey Myers,18,R,35,35,50,30,40,35,50,30,30
52951,CL,Luke Moede,32,R,40,35,50,40,50,35,55,40,45,,,,56959,RP,Younes Sadozai,18,R,50,45,50,45,50,45,50,45,40
47439,SP,Kurt Scram,31,R,45,40,45,40,50,45,50,40,70,,,,55090,RP,Tyler Sims,18,L,40,40,50,35,40,40,50,35,75
50826,RP,Ben Shaffer,31,R,60,45,45,50,55,40,45,50,65,,,,47599,RP,D.J. Cutler,17,L,55,70,55,35,55,65,50,35,75
47599,RP,D.J. Cutler,30,L,55,70,55,35,55,65,50,35,75,,,,53120,RP,Bobby Cordova,17,R,45,35,50,35,40,35,50,35,40
53120,RP,Bobby Cordova,29,R,45,35,50,35,40,35,50,35,40,,,,50757,SP,Dave Pappas,16,L,55,40,50,40,55,40,50,40,55
52603,RP,Cortez Arenal,29,R,60,50,50,40,55,50,50,40,45,,,,33506,SP,Neil West,16,R,45,45,50,50,40,40,45,50,40
20451,RP,Benito Rangel,29,R,35,50,50,40,35,60,50,45,80,,,,50885,RP,Kevin Somsen,15,R,40,40,50,45,45,40,50,45,25
51315,SP,Graham Durrence,28,R,35,45,50,40,35,45,50,40,40,,,,55146,RP,Chris Krieger,15,R,50,50,50,40,70,60,55,45,60
50885,RP,Kevin Somsen,27,R,40,40,50,45,45,40,50,45,25,,,,49857,RP,Andres Mejia,15,R,40,35,45,40,45,35,50,40,60
56959,RP,Younes Sadozai,26,R,50,45,50,45,50,45,50,45,40,,,,51338,RP,Bryant D'Angelo,15,R,50,40,50,50,50,40,50,50,65
49857,RP,Andres Mejia,26,R,40,35,45,40,45,35,50,40,60,,,,52951,CL,Luke Moede,15,R,40,35,50,40,50,35,55,40,45
51157,RP,Chris Pelletier,26,L,65,40,55,40,55,40,50,40,60,,,,22483,RP,Danny Wentz,15,R,35,65,50,40,35,65,50,45,50
22483,RP,Danny Wentz,22,R,35,65,50,40,35,65,50,45,50,,,,51197,RP,Joel Cole,14,R,60,35,45,45,75,40,50,50,50
51591,SP,Nick Ludwig,21,R,40,60,40,45,40,60,40,45,65,,,,51301,RP,Jeff Abel,13,L,70,45,50,40,50,40,45,35,80
29020,RP,Justin Vetter,18,R,50,40,55,45,55,40,60,50,35,,,,52603,RP,Cortez Arenal,13,R,60,50,50,40,55,50,50,40,45
55085,RP,Jason Walker,18,R,35,40,50,35,40,45,55,35,50,,,,51157,RP,Chris Pelletier,13,L,65,40,55,40,55,40,50,40,60
47327,RP,Mark Jonsson,18,R,40,45,45,30,40,55,55,35,35,,,,28298,SP,Per Svensson,13,R,40,50,50,45,40,60,60,50,70
33506,SP,Neil West,18,R,45,45,50,50,40,40,45,50,40,,,,50826,RP,Ben Shaffer,12,R,60,45,45,50,55,40,45,50,65
55146,RP,Chris Krieger,17,R,50,50,50,40,70,60,55,45,60,,,,51543,CL,Steve Rogers,11,R,45,35,40,30,55,35,50,30,40
51543,CL,Steve Rogers,17,R,45,35,40,30,55,35,50,30,40,,,,55085,RP,Jason Walker,11,R,35,40,50,35,40,45,55,35,50
28298,SP,Per Svensson,17,R,40,50,50,45,40,60,60,50,70,,,,52400,RP,Lonnie Raine,10,L,55,55,45,40,50,50,45,40,65
53525,RP,Javier Dominguez,17,R,45,30,50,30,45,30,50,30,60,,,,51682,RP,Steve McFarland,9,R,50,30,45,35,75,40,55,35,55
49941,RP,Steven Monaghan,15,R,55,35,50,30,55,35,55,30,30,,,,20451,RP,Benito Rangel,9,R,35,50,50,40,35,60,50,45,80
52930,RP,Joe Owens,14,R,55,45,45,40,65,45,50,40,35,,,,35737,RP,Bob Nieves,9,R,40,55,45,50,40,60,45,50,50
58465,RP,Tyler Zier,14,R,35,60,50,50,35,60,50,50,30,,,,32189,RP,Tim Williams,9,R,40,50,50,45,40,50,50,50,55
32189,RP,Tim Williams,10,R,40,50,50,45,40,50,50,50,55,,,,47411,RP,Celso Manita,9,L,45,65,55,40,40,50,50,40,55
51385,RP,Vince Krebs,10,R,60,40,45,40,80,40,50,40,70,,,,52930,RP,Joe Owens,8,R,55,45,45,40,65,45,50,40,35
52921,RP,John Moler,10,R,40,40,40,35,50,50,55,40,70,,,,55177,CL,Brendan Ramsey,8,R,40,45,50,45,55,55,55,50,40
51301,RP,Jeff Abel,9,L,70,45,50,40,50,40,45,35,80,,,,58465,RP,Tyler Zier,7,R,35,60,50,50,35,60,50,50,30
51682,RP,Steve McFarland,8,R,50,30,45,35,75,40,55,35,55,,,,47327,RP,Mark Jonsson,6,R,40,45,45,30,40,55,55,35,35
35737,RP,Bob Nieves,8,R,40,55,45,50,40,60,45,50,50,,,,51385,RP,Vince Krebs,6,R,60,40,45,40,80,40,50,40,70
50493,SP,Tony Cano,8,L,55,30,50,45,55,30,50,45,70,,,,51591,SP,Nick Ludwig,6,R,40,60,40,45,40,60,40,45,65
26064,RP,Chris Riehl,8,R,50,55,55,40,50,55,55,40,45,,,,48563,CL,Sergio Cervantes,5,R,75,40,45,35,75,40,50,35,75
47411,RP,Celso Manita,7,L,45,65,55,40,40,50,50,40,55,,,,25213,RP,Javier Castillo,5,R,40,65,45,30,40,70,45,35,70
35251,RP,Bob Bealer,7,R,35,55,50,35,40,65,55,40,30,,,,51626,RP,Trevor Zasko,4,L,80,40,50,40,60,35,45,40,75
51438,RP,Bob Durr,7,L,40,40,50,35,45,40,50,35,60,,,,52921,RP,John Moler,4,R,40,40,40,35,50,50,55,40,70
33739,RP,Terry Spittal,6,R,55,35,50,50,55,40,50,50,60,,,,26064,RP,Chris Riehl,4,R,50,55,55,40,50,55,55,40,45
53004,RP,Mario Chavez,6,R,30,30,50,35,30,30,50,35,75,,,,50423,RP,Chris Motley,4,R,40,45,50,40,40,45,55,40,30
51626,RP,Trevor Zasko,5,L,80,40,50,40,60,35,45,40,75,,,,33739,RP,Terry Spittal,3,R,55,35,50,50,55,40,50,50,60
48563,CL,Sergio Cervantes,5,R,75,40,45,35,75,40,50,35,75,,,,50617,RP,Rich Cohen,3,R,55,50,50,40,55,50,50,40,35
25213,RP,Javier Castillo,5,R,40,65,45,30,40,70,45,35,70,,,,48737,RP,Brian Duckworth,3,R,40,50,50,30,45,70,60,30,35
50617,RP,Rich Cohen,5,R,55,50,50,40,55,50,50,40,35,,,,51438,RP,Bob Durr,3,L,40,40,50,35,45,40,50,35,60
55177,CL,Brendan Ramsey,4,R,40,45,50,45,55,55,55,50,40,,,,27076,RF,Ryan Emerson,3,L,20,20,20,20,20,20,20,20,20
48737,RP,Brian Duckworth,4,R,40,50,50,30,45,70,60,30,35,,,,44385,1B,Will Hamilton,3,R,20,20,25,20,20,20,25,20,20
27076,RF,Ryan Emerson,4,L,20,20,20,20,20,20,20,20,20,,,,50493,SP,Tony Cano,2,L,55,30,50,45,55,30,50,45,70
44385,1B,Will Hamilton,3,R,20,20,25,20,20,20,25,20,20,,,,35251,RP,Bob Bealer,2,R,35,55,50,35,40,65,55,40,30
50046,RP,Carlos Felix,2,R,40,40,40,35,40,40,45,35,60,,,,52648,RP,Jonathan Pennington,2,R,50,50,50,40,50,50,50,40,50
50423,RP,Chris Motley,2,R,40,45,50,40,40,45,55,40,30,,,,53004,RP,Mario Chavez,1,R,30,30,50,35,30,30,50,35,75
52294,SS,Chance Dillon,1,R,20,20,30,20,20,20,30,20,20,,,,52294,SS,Chance Dillon,1,R,20,20,30,20,20,20,30,20,20
52648,RP,Jonathan Pennington,1,R,50,50,50,40,50,50,50,40,50,,,,50046,RP,Carlos Felix,1,R,40,40,40,35,40,40,45,35,60
