pull_id,league,real_date,real_ts,source,source_files,n_players,content_hash,ingested_at,game_date
1,BLM,2026-05-31,2026-05-31T23:39:06,bak,"[""tgs-viz\\public\\data\\BLM\\hitters.json.bak-20260616-082738"", ""tgs-viz\\public\\data\\BLM\\pitchers.json.bak-20260616-082738""]",12486,0f4e51287ce162add4498e88915bced33584ec7e,2026-08-05T18:41:55,2057-07-27
2,BLM,2026-06-16,2026-06-16T08:27:39,bak,"[""tgs-viz\\public\\data\\BLM\\hitters.json.bak-20260620-093045"", ""tgs-viz\\public\\data\\BLM\\pitchers.json.bak-20260620-093046""]",13700,ce8be9c74af08365ad66eb3e2c9925d8999ec7a6,2026-08-05T18:41:56,2057-09-24
3,BLM,2026-06-20,2026-06-20T09:30:46,bak,"[""tgs-viz\\public\\data\\BLM\\hitters.json.bak-20260621-162652"", ""tgs-viz\\public\\data\\BLM\\pitchers.json.bak-20260621-162653""]",13587,13266d243e5860eb83745236a8e6771a316b9452,2026-08-05T18:41:57,2057-10-02
4,BLM,2026-06-23,2026-06-23T19:13:25,bak,"[""tgs-viz\\public\\data\\BLM\\hitters.json.bak-20260709-152430"", ""tgs-viz\\public\\data\\BLM\\pitchers.json.bak-20260709-152430""]",13612,d0dcd856f781c651004b04a02dd0ea874e7f5025,2026-08-05T18:42:00,2057-10-13
5,BLM,2026-07-09,2026-07-09T15:24:31,bak,"[""tgs-viz\\public\\data\\BLM\\hitters.json.bak-20260713-102059"", ""tgs-viz\\public\\data\\BLM\\pitchers.json.bak-20260713-102059""]",12887,a280e17f40d5ba4bd78fd8cd86a82985ef946a2a,2026-08-05T18:42:01,2057-12-31
6,BLM,2026-07-13,2026-07-13T16:30:36,bak,"[""tgs-viz\\public\\data\\BLM\\hitters.json.bak-20260720-170235"", ""tgs-viz\\public\\data\\BLM\\pitchers.json.bak-20260720-170236""]",12924,b85c3e1ba4d329e72c4bf7ec58b4840dae69e4c0,2026-08-05T18:42:02,2058-01-20
7,BLM,2026-07-20,2026-07-20T17:02:36,bak,"[""tgs-viz\\public\\data\\BLM\\hitters.json.bak-20260728-153505"", ""tgs-viz\\public\\data\\BLM\\pitchers.json.bak-20260728-153506""]",13043,663f147e2f52150cbac0cb98599b331717d570fe,2026-08-05T18:42:03,2058-03-28
8,BLM,2026-07-28,2026-07-28T16:52:12,bak,"[""tgs-viz\\public\\data\\BLM\\hitters.json.bak-20260731-135926"", ""tgs-viz\\public\\data\\BLM\\pitchers.json.bak-20260731-135927""]",13794,5bd6e38cdc468b0e35e836370ad86d4f4deb1b7e,2026-08-05T18:42:05,2058-04-22
9,BLM,2026-07-31,2026-07-31T13:59:00,history,"[""tgs-viz\\ingest\\.cache\\history\\statsplus_blm_20260731-1359.json""]",13809,11b0980a5e21035a4dbed237af73cdc2352f3f02,2026-08-05T18:42:06,2058-04-29
30,BLM,2026-08-07,2026-08-07T15:24:13,live,"[""tgs-viz\\ingest\\.cache\\history\\statsplus_blm_20260807-1524.json""]",13876,1a08b35256181d9a1de43546fa52a73029a3a380,2026-08-07T15:24:13,2058-05-27
32,BLM,2026-08-08,2026-08-08T09:51:01,live,"[""tgs-viz\\ingest\\.cache\\history\\statsplus_blm_20260808-0951.json""]",13892,7ab1890d98e34ef71b3ad1df2389831ee627b76f,2026-08-08T09:51:02,2058-06-03
34,BLM,2026-08-10,2026-08-10T16:00:49,live,"[""tgs-viz\\ingest\\.cache\\history\\statsplus_blm_20260810-1600.json""]",13907,87a1f6cad0b36937c2e3cd36108f9e353f1fa567,2026-08-10T16:00:49,2058-06-10
35,BLM,2026-08-11,2026-08-11T17:24:02,live,"[""tgs-viz\\ingest\\.cache\\history\\statsplus_blm_20260811-1724.json""]",13926,38a1760263f7e8a562c708ea79ceaebc102da2c3,2026-08-11T17:24:03,2058-06-17
37,BLM,2026-08-13,2026-08-13T07:51:49,live,"[""tgs-viz\\ingest\\.cache\\history\\statsplus_blm_20260813-0751.json""]",13937,53b804b2c3493325c33fe372b14abc6e58f6adc5,2026-08-13T07:51:50,2058-06-24
40,BLM,2026-08-16,2026-08-16T23:34:04,live,"[""tgs-viz\\ingest\\.cache\\history\\statsplus_blm_20260816-2334.json""]",13962,1323cec804d2eef8637146d492be4c57539370d6,2026-08-16T23:34:04,2058-07-08
47,BLM,2026-08-26,2026-08-26T09:27:28,live,"[""tgs-viz\\ingest\\.cache\\history\\statsplus_blm_20260826-0927.json""]",14009,b74bdf7ee2cb1f38d944e342f66f8d9044f4b05b,2026-08-26T09:27:28,2058-08-02
50,BLM,2026-08-28,2026-08-28T09:41:17,live,"[""tgs-viz\\ingest\\.cache\\history\\statsplus_blm_20260828-0941.json""]",14013,6c42d9dec3ad20cd5864a3bbbcf87af23d4a2b1e,2026-08-28T09:41:17,2058-08-05
51,BLM,2026-08-29,2026-08-29T08:44:33,live,"[""tgs-viz\\ingest\\.cache\\history\\statsplus_blm_20260829-0844.json""]",14027,7d976efa7187b4a5f2ac951dbbd6b0281f34bb8c,2026-08-29T08:44:34,2058-08-12
54,BLM,2026-09-03,2026-09-03T08:43:10,live,"[""tgs-viz\\ingest\\.cache\\history\\statsplus_blm_20260903-0843.json""]",14063,3ef5ccccea9c036eea1e182dee338db44523fc88,2026-09-03T08:43:11,2058-09-02
56,BLM,2026-09-07,2026-09-07T07:53:57,live,"[""tgs-viz\\ingest\\.cache\\history\\statsplus_blm_20260907-0753.json""]",14085,c7825da4873099d0157156c24e6f6c304e9309a6,2026-09-07T07:53:58,2058-09-16
58,BLM,2026-09-08,2026-09-08T11:32:14,live,"[""tgs-viz\\ingest\\.cache\\history\\statsplus_blm_20260908-1132.json""]",14053,05bb398896a9f1f820dccbc301484410d7de8dd0,2026-09-08T11:32:14,2058-09-20
63,BLM,2026-09-12,2026-09-12T15:43:14,live,"[""tgs-viz\\ingest\\.cache\\history\\statsplus_blm_20260912-1543.json""]",14004,0ab65b8e43b9ba78b1a2b851cc202527a4e297a0,2026-09-12T15:43:15,2058-09-27
65,BLM,2026-09-13,2026-09-13T19:42:52,live,"[""tgs-viz\\ingest\\.cache\\history\\statsplus_blm_20260913-1942.json""]",13977,763b141e36ae58e6f677c831302f2e038b9c3648,2026-09-13T19:42:53,2058-10-01
68,BLM,2026-09-16,2026-09-16T23:55:54,live,"[""tgs-viz\\ingest\\.cache\\history\\statsplus_blm_20260916-2355.json""]",13982,77082d90d9fe922071bac8008aa64af9833ebf55,2026-09-16T23:55:55,2058-10-13
71,BLM,2026-09-18,2026-09-18T19:24:35,live,"[""tgs-viz\\ingest\\.cache\\history\\statsplus_blm_20260918-1924.json""]",13997,77fbd8cda385dc7145f7d1f626bb6f1ee3521d5e,2026-09-18T19:24:36,2058-10-24
561,BLM,2026-09-27,2026-09-27T16:29:05,live,"[""tgs-viz\\ingest\\.cache\\history\\statsplus_blm_20260927-1629.json""]",13021,e6a61f71720c57d1921009bb3de49ca23d149951,2026-09-27T16:29:05,2058-12-10
563,BLM,2026-09-30,2026-09-30T21:44:57,live,"[""tgs-viz\\ingest\\.cache\\history\\statsplus_blm_20260930-2144.json""]",13042,00a235eeeebf81f40f869bf3efc72d2f46457f13,2026-09-30T21:44:57,2058-12-20
569,BLM,2026-10-01,2026-10-01T09:12:40,live,"[""tgs-viz\\ingest\\.cache\\history\\statsplus_blm_20261001-0912.json""]",13060,9eb5e08a9d85080ae7a9e4bcd75a6cdf2ce583fd,2026-10-01T09:12:41,2058-12-30
570,BLM,2051-01-01,2026-10-01T09:49:07,asof,"[""tgs-viz\\ingest\\.cache\\asof\\blm\\2051-01-01.json""]",13055,cc5abd0e14f0ec74fa622b2e997357da210b030f,2026-10-01T09:49:08,2051-01-01
571,BLM,2051-07-01,2026-10-01T10:04:20,asof,"[""tgs-viz\\ingest\\.cache\\asof\\blm\\2051-07-01.json""]",11575,c441600edbaa8f9921bb36d6fdfaea108a054205,2026-10-01T10:04:21,2051-07-01
572,BLM,2052-01-01,2026-10-01T10:19:20,asof,"[""tgs-viz\\ingest\\.cache\\asof\\blm\\2052-01-01.json""]",11681,fe999aad0f2a191f7ee44abc6d6caadc8ba4f155,2026-10-01T10:19:20,2052-01-01
573,BLM,2052-07-01,2026-10-01T10:34:25,asof,"[""tgs-viz\\ingest\\.cache\\asof\\blm\\2052-07-01.json""]",11908,02c7a2b94f2227b62b61ec48db6ee9144569dba6,2026-10-01T10:34:25,2052-07-01
574,BLM,2053-01-01,2026-10-01T10:49:30,asof,"[""tgs-viz\\ingest\\.cache\\asof\\blm\\2053-01-01.json""]",11453,d40dd3c845a5c01a068b96ed3b4b93f33f082bb8,2026-10-01T10:49:30,2053-01-01
