Team,MLB Park
Anaheim Angels,Philadelphia Phillies
Arizona Diamondbacks,Arizona Diamondbacks
Baltimore Orioles,Baltimore Orioles
Boston Red Sox,Los Angeles Dodgers
Chicago Cubs,Cincinnati Reds
Chicago White Sox,Chicago White Sox
Cincinnati Reds,Cincinnati Reds
Cleveland Guardians,Florida Marlins
Colorado Rockies,Colorado Rockies
Florida Marlins,Seattle Mariners
Houston Astros,Boston Red Sox
Kansas City Monarchs,Minnesota Twins
Kansas City Royals,Houston Astros
Los Angeles Dodgers,Minnesota Twins
Milwaukee Brewers,Milwaukee Brewers
Minnesota Twins,San Francisco Giants
Montreal Expos,Texas Rangers
New York Mets,Colorado Rockies
New York Yankees,New York Yankees
Oakland Athletics,Boston Red Sox
Philadelphia Phillies,San Francisco Giants
Pittsburgh Pirates,Cleveland Guardians
San Diego Padres,San Diego Padres
St. Louis Cardinals,Colorado Rockies
Tampa Bay Devil Rays,Chicago Cubs
Texas Rangers,Florida Marlins
Toronto Blue Jays,Toronto Blue Jays
Washington Nationals,Boston Red Sox
